id_transacao,cpf_origem,cpf_destino,tipo_transacao,valor,data,hora
1724,617.409.532-07,632.549.807-00,Pix Recebido,57.97,2026-01-28,08:51:34
3030,230.541.986-42,568.790.312-77,Pagamento,56.87,2026-01-14,07:09:10
3800,851.249.036-51,924.516.087-49,Pagamento,48.61,2026-01-15,13:55:46
330,358.709.642-29,296.518.073-77,Pix Enviado,11.34,2026-01-02,15:37:03
3961,829.361.705-59,279.683.410-78,Pagamento,9.64,2026-01-01,14:39:49
2752,218.973.650-12,471.953.820-79,Pagamento,32.47,2026-01-31,09:15:05
3791,729.835.106-03,932.768.045-65,Pix Recebido,5.07,2026-01-31,12:07:45
3664,350.276.184-17,024.157.986-49,Pix Recebido,41.66,2026-01-05,16:04:06
4298,056.794.832-38,586.142.937-55,Saque Pix,26.12,2026-01-09,19:04:44
2805,285.360.941-33,315.820.497-50,Transferência,54.86,2026-01-15,13:49:30
3803,925.164.708-94,056.794.832-38,Pix Recebido,7.12,2026-01-22,18:00:58
4196,873.645.201-71,539.867.201-03,Pix Enviado,13.19,2026-01-06,03:24:54
3862,479.028.536-74,413.589.027-04,Saque Pix,71.99,2026-01-07,12:46:22
1046,023.157.896-21,730.458.921-32,Pix Recebido,10.25,2026-01-13,16:15:02
3162,950.431.628-05,036.295.174-80,Transferência,37.52,2026-01-23,05:13:12
4215,264.983.571-00,165.807.934-57,Pagamento,21.3,2026-01-28,23:56:15
1538,362.504.978-38,568.137.204-90,Transferência,81.71,2026-01-22,20:28:55
2478,842.967.503-56,397.614.280-87,Pagamento,9.75,2026-01-30,21:08:15
2075,630.859.427-00,018.324.769-87,Pagamento,84.43,2026-01-26,09:32:19
4381,435.890.261-89,635.492.107-52,Pix Enviado,8.02,2026-01-08,19:28:48
1051,165.270.834-08,260.549.387-38,Transferência,142.25,2026-01-23,08:22:01
2738,364.751.092-07,625.790.143-06,Pagamento,123.51,2026-01-22,14:11:03
4485,301.274.698-69,826.549.370-38,Pix Enviado,91.64,2026-01-31,08:48:26
4738,546.832.109-24,285.360.941-33,Pix Recebido,30.94,2026-01-08,10:30:06
1699,261.430.597-99,285.734.960-29,Pix Enviado,50.29,2026-01-12,15:08:21
2030,546.832.109-24,653.817.209-12,Saque Pix,25.77,2026-01-26,06:32:47
3253,986.751.340-10,603.458.791-39,Transferência,25.63,2026-01-06,01:38:47
1197,906.247.813-13,908.216.743-31,Pagamento,6.94,2026-01-22,12:36:00
834,358.709.642-29,087.649.321-50,Saque Pix,27.65,2026-01-01,14:42:41
2373,913.025.468-05,940.627.158-30,Transferência,241.28,2026-01-22,10:20:42
1786,467.935.201-99,821.476.305-35,Pix Recebido,67.09,2026-01-25,16:47:05
3901,423.079.615-34,753.081.629-21,Saque Pix,124.81,2026-01-12,10:54:44
4500,405.623.871-53,954.137.082-97,Pagamento,15.69,2026-01-14,09:11:49
2422,678.592.401-49,160.592.478-49,Pix Enviado,33.39,2026-01-01,09:58:54
622,093.587.412-79,657.408.913-10,Transferência,3.19,2026-01-01,13:41:53
3261,521.463.087-53,621.973.504-80,Saque Pix,51.35,2026-01-17,13:13:41
4408,025.167.489-49,167.845.932-19,Pix Enviado,73.11,2026-01-18,19:20:56
2952,352.609.174-99,538.420.697-74,Pix Recebido,78.09,2026-01-16,18:14:41
1165,236.174.085-08,047.359.216-99,Pix Enviado,223.97,2026-01-27,06:18:12
196,908.457.623-38,461.930.852-89,Pix Enviado,21.88,2026-01-12,08:42:04
4823,498.630.715-01,749.326.150-43,Pix Enviado,66.42,2026-01-24,23:57:16
2781,039.856.271-77,285.360.941-33,Transferência,37.99,2026-01-24,13:15:28
718,961.253.704-61,056.794.832-38,Pagamento,40.96,2026-01-02,22:35:12
2807,073.852.491-32,127.063.948-03,Transferência,61.23,2026-01-27,15:02:13
2522,568.137.204-90,561.379.248-82,Saque Pix,401.0,2026-01-24,12:46:40
617,906.247.813-13,687.203.154-90,Transferência,46.2,2026-01-04,15:45:58
991,315.820.497-50,192.358.604-15,Saque Pix,16.19,2026-01-17,07:12:19
2351,609.483.725-83,726.480.359-74,Transferência,27.75,2026-01-17,07:07:03
1923,740.268.135-17,052.396.874-47,Pix Enviado,3.7,2026-01-10,08:38:24
1087,052.396.874-47,085.376.429-83,Pix Recebido,135.86,2026-01-03,07:04:05
123,691.782.045-85,570.349.681-01,Pix Recebido,32.74,2026-01-09,18:58:14
5053,175.289.346-82,428.351.970-79,Pix Enviado,88.59,2026-01-12,18:15:00
1580,713.904.628-03,890.715.642-58,Transferência,580.86,2026-01-25,15:31:20
3781,324.765.891-28,403.298.175-23,Saque Pix,36.2,2026-01-02,18:59:34
4653,124.765.890-20,367.158.024-08,Transferência,11.67,2026-01-22,18:56:15
1564,923.150.784-23,546.832.109-24,Pagamento,386.44,2026-01-26,07:59:24
2392,736.902.184-03,387.190.524-05,Pix Enviado,28.33,2026-01-16,09:33:45
395,842.063.951-60,085.721.436-53,Pix Enviado,54.22,2026-01-13,01:11:45
281,423.079.615-34,524.963.071-52,Pix Recebido,25.91,2026-01-16,10:36:06
1152,195.742.360-99,408.259.671-20,Saque Pix,108.15,2026-01-10,06:57:16
1615,367.158.024-08,630.859.427-00,Transferência,172.63,2026-01-17,23:27:34
2012,593.106.728-03,395.671.042-80,Pix Recebido,10.49,2026-01-28,12:53:36
2126,068.427.953-38,852.091.463-24,Pagamento,7.03,2026-01-14,08:20:47
2554,736.425.198-73,039.856.271-77,Saque Pix,80.14,2026-01-04,16:40:08
4939,621.973.504-80,587.623.149-55,Pix Recebido,202.86,2026-01-14,18:47:08
2541,479.028.536-74,908.617.235-03,Pix Recebido,16.2,2026-01-19,20:21:56
150,946.572.813-64,398.615.420-51,Pix Recebido,9.65,2026-01-22,08:47:15
678,635.492.107-52,251.089.473-05,Pix Recebido,12.27,2026-01-31,21:58:51
2808,605.283.497-83,607.128.395-77,Saque Pix,192.72,2026-01-07,22:04:43
3058,041.837.295-05,936.812.507-40,Pagamento,13.4,2026-01-20,15:35:53
804,124.765.890-20,274.083.165-07,Pix Enviado,9.14,2026-01-11,15:59:45
4466,908.457.623-38,856.041.793-10,Pix Enviado,72.64,2026-01-14,20:36:55
4012,195.364.028-15,780.351.926-12,Pix Recebido,14.63,2026-01-24,19:17:20
853,394.761.058-01,352.987.164-82,Pagamento,4.05,2026-01-05,14:45:56
4680,740.268.135-17,705.924.186-85,Saque Pix,120.93,2026-01-27,14:52:52
2628,085.376.429-83,790.864.213-69,Pix Recebido,49.72,2026-01-19,07:00:14
2531,692.081.374-22,352.609.174-99,Pix Recebido,15.86,2026-01-04,17:08:22
1090,392.061.754-16,764.051.298-02,Pix Recebido,1649.33,2026-01-25,16:06:21
916,468.523.917-28,369.418.702-22,Transferência,10.85,2026-01-13,20:18:41
1160,728.645.103-08,035.174.982-97,Pix Enviado,10.0,2026-01-04,23:58:51
1468,426.958.073-92,047.359.216-99,Pix Recebido,338.78,2026-01-26,11:01:55
3739,106.847.592-76,501.936.428-24,Pix Recebido,12.0,2026-01-08,07:33:32
4146,871.543.069-39,341.586.027-26,Transferência,27.87,2026-01-20,12:34:52
5089,180.974.253-60,125.073.486-07,Pix Enviado,221.95,2026-01-13,22:29:00
4732,479.028.536-74,684.512.790-58,Transferência,26.3,2026-01-11,15:29:04
2726,461.930.852-89,587.623.149-55,Saque Pix,25.67,2026-01-02,09:31:22
4151,476.018.539-93,209.814.765-11,Saque Pix,15.64,2026-01-27,02:07:24
1857,587.623.149-55,039.285.471-60,Pix Recebido,100.21,2026-01-08,17:44:49
1288,209.814.765-11,826.043.157-26,Pix Recebido,34.21,2026-01-30,17:08:59
1691,659.043.178-75,890.715.642-58,Transferência,232.41,2026-01-28,22:59:42
1539,307.815.642-71,908.617.235-03,Transferência,55.99,2026-01-12,17:48:05
2293,315.297.648-82,201.479.685-85,Saque Pix,82.59,2026-01-13,23:23:52
5033,584.129.376-19,284.376.901-96,Pix Enviado,83.97,2026-01-09,07:41:00
2746,152.068.479-76,631.892.540-60,Pix Enviado,1.24,2026-01-09,16:51:29
3916,341.906.587-66,873.645.201-71,Saque Pix,115.07,2026-01-28,21:42:49
3143,721.680.359-03,923.570.146-52,Transferência,8.23,2026-01-15,06:01:51
3564,603.184.597-01,136.258.904-70,Pix Recebido,105.64,2026-01-07,20:34:15
1075,538.294.706-65,613.924.875-28,Saque Pix,1357.57,2026-01-26,21:40:02
2971,296.518.073-77,309.821.576-30,Pix Enviado,179.22,2026-01-18,09:07:27
1896,036.295.174-80,356.810.749-00,Pagamento,42.6,2026-01-04,14:19:25
3804,728.645.103-08,193.674.528-37,Pix Enviado,65.45,2026-01-23,09:22:24
4083,072.584.613-53,810.723.956-30,Pix Recebido,14.96,2026-01-27,23:08:22
258,645.723.801-71,352.609.174-99,Saque Pix,637.44,2026-01-15,01:15:12
2493,392.061.754-16,784.952.361-09,Pix Enviado,65.71,2026-01-15,23:13:23
1360,726.480.359-74,137.268.905-21,Transferência,64.16,2026-01-17,09:56:37
2253,721.680.359-03,358.709.642-29,Transferência,43.28,2026-01-02,14:22:52
3519,790.314.562-25,367.158.024-08,Pagamento,10.46,2026-01-12,14:57:09
603,973.125.408-05,906.432.781-50,Saque Pix,169.93,2026-01-22,17:20:39
5214,756.049.283-56,253.964.807-00,Pix Enviado,16646.17,2026-01-24,04:47:16
4825,362.794.051-25,347.685.102-80,Saque Pix,33.77,2026-01-11,08:33:33
1717,834.062.951-42,710.354.892-79,Pix Recebido,121.86,2026-01-15,22:57:21
1097,230.541.986-42,431.026.795-52,Pix Recebido,33.91,2026-01-29,22:37:02
3401,418.326.590-89,521.487.369-73,Pagamento,46.01,2026-01-06,15:23:28
1605,304.817.652-71,740.268.135-17,Pagamento,41.92,2026-01-31,16:48:40
1275,561.379.248-82,365.182.970-77,Pagamento,27.21,2026-01-11,20:52:24
1155,238.164.507-17,309.821.576-30,Transferência,12.11,2026-01-20,09:41:13
1060,908.216.743-31,195.024.738-41,Saque Pix,243.95,2026-01-15,14:41:21
3355,826.045.791-11,842.063.951-60,Pagamento,125.55,2026-01-07,17:02:03
2149,634.510.872-35,461.930.852-89,Pagamento,21.73,2026-01-07,11:20:25
4820,165.874.920-02,430.187.562-07,Transferência,92.62,2026-01-30,10:58:21
1535,062.385.149-06,729.835.106-03,Pix Enviado,22.01,2026-01-16,18:18:42
4300,538.164.790-57,385.614.290-89,Pagamento,38.23,2026-01-26,21:12:27
5135,830.927.461-04,915.438.026-05,Pix Enviado,171.87,2026-01-03,09:47:00
4457,705.261.389-12,413.589.027-04,Saque Pix,4.32,2026-01-18,07:33:27
5217,309.451.268-24,648.570.321-71,Pix Enviado,19993.71,2026-01-16,02:34:44
4183,367.158.024-08,039.856.271-77,Transferência,11.69,2026-01-20,12:51:05
1816,617.409.532-07,386.452.079-74,Transferência,50.66,2026-01-28,14:38:06
4950,426.958.073-92,056.794.832-38,Transferência,43.45,2026-01-19,11:55:17
3946,072.584.613-53,341.906.587-66,Saque Pix,27.42,2026-01-20,21:37:03
4666,906.432.781-50,609.483.725-83,Pagamento,19.76,2026-01-17,10:29:08
2942,394.761.058-01,435.721.906-06,Saque Pix,40.8,2026-01-04,12:40:06
812,367.158.024-08,813.729.654-91,Transferência,20.29,2026-01-11,14:39:12
1485,842.967.503-56,392.061.754-16,Transferência,33.99,2026-01-19,15:41:32
3061,062.371.594-52,169.502.387-03,Transferência,148.88,2026-01-29,08:16:17
876,954.731.820-97,164.728.503-80,Transferência,20.16,2026-01-29,16:22:15
2588,325.479.061-80,726.480.359-74,Transferência,16.33,2026-01-27,13:16:31
4691,349.270.618-50,790.562.348-38,Pagamento,32.58,2026-01-07,23:23:41
1091,062.834.975-00,126.735.894-73,Pix Recebido,9.98,2026-01-20,04:16:58
2138,392.061.754-16,264.983.571-00,Pix Recebido,95.75,2026-01-09,04:32:32
4580,630.859.427-00,459.102.768-67,Pix Recebido,55.94,2026-01-04,15:49:57
4850,310.748.562-44,234.165.097-06,Pix Recebido,95.7,2026-01-17,22:59:49
2799,052.396.874-47,391.256.840-51,Transferência,95.41,2026-01-15,17:02:31
3995,645.723.801-71,426.958.073-92,Pix Enviado,83.88,2026-01-14,23:23:46
4307,238.164.507-17,350.298.164-70,Transferência,4.81,2026-01-07,17:07:16
2068,360.479.185-57,475.690.821-76,Saque Pix,45.33,2026-01-03,13:47:32
4382,138.470.659-39,381.462.795-46,Saque Pix,100.62,2026-01-10,11:10:16
3860,851.672.349-64,302.987.451-60,Transferência,27.47,2026-01-03,14:29:28
18,069.251.738-30,790.562.348-38,Saque Pix,283.76,2026-01-10,11:44:53
1861,326.104.759-34,710.354.892-79,Pix Enviado,6.79,2026-01-20,17:38:41
178,412.350.768-90,951.380.274-41,Pix Enviado,53.53,2026-01-18,08:36:37
2088,107.563.284-62,681.297.045-01,Pix Enviado,465.98,2026-01-01,11:45:56
2503,829.361.574-55,379.206.814-13,Transferência,56.16,2026-01-17,22:06:07
3122,062.834.975-00,635.492.107-52,Pagamento,9.08,2026-01-31,18:36:11
3816,617.409.532-07,462.178.059-01,Saque Pix,11.52,2026-01-16,18:23:03
4849,285.360.941-33,741.692.835-46,Saque Pix,11.38,2026-01-25,12:25:18
374,062.834.975-00,206.791.835-40,Pix Recebido,54.39,2026-01-30,11:20:28
4615,093.587.412-79,617.409.532-07,Saque Pix,57.69,2026-01-31,22:42:37
3291,834.750.926-38,260.549.387-38,Saque Pix,94.86,2026-01-03,22:50:29
2978,607.128.395-77,296.308.147-22,Pagamento,55.92,2026-01-30,12:24:55
1663,561.379.248-82,418.326.590-89,Saque Pix,553.46,2026-01-15,20:48:59
413,392.061.754-16,341.586.027-26,Pix Recebido,77.43,2026-01-29,15:45:32
2806,403.182.657-53,095.126.384-60,Pix Recebido,104.8,2026-01-11,08:01:34
3200,503.197.648-93,761.540.389-84,Saque Pix,11.67,2026-01-26,17:32:19
1651,856.041.793-10,361.498.250-51,Transferência,5.13,2026-01-05,15:35:07
2488,913.086.257-40,496.318.570-93,Pagamento,48.23,2026-01-31,15:31:34
3600,908.457.623-38,753.081.629-21,Saque Pix,22.11,2026-01-11,13:21:20
2176,209.814.765-11,957.634.182-55,Pagamento,9.97,2026-01-02,17:54:45
4886,046.753.921-99,602.138.497-04,Pix Recebido,44.99,2026-01-06,15:48:37
3521,459.102.768-67,048.126.935-51,Pix Recebido,25.76,2026-01-28,06:37:09
3228,913.025.468-05,941.267.358-28,Saque Pix,3.85,2026-01-22,13:28:59
2898,093.587.412-79,784.351.690-57,Pagamento,154.48,2026-01-23,23:26:24
3758,236.174.085-08,853.421.096-98,Saque Pix,11.46,2026-01-11,12:09:07
3062,341.586.027-26,042.837.195-79,Pagamento,22.26,2026-01-28,22:55:16
2686,521.463.087-53,632.549.807-00,Pix Recebido,34.79,2026-01-20,06:31:03
4088,042.837.195-79,195.364.028-15,Pix Recebido,12.66,2026-01-20,05:48:55
4684,378.124.690-69,403.182.657-53,Pagamento,127.2,2026-01-27,19:16:40
3831,829.361.705-59,624.158.397-28,Saque Pix,19.81,2026-01-15,14:16:01
3277,921.346.750-80,036.295.174-80,Pix Enviado,16.95,2026-01-27,16:55:02
2010,315.297.648-82,821.476.305-35,Pix Enviado,26.44,2026-01-28,09:57:02
4635,068.427.953-38,587.623.149-55,Pagamento,140.46,2026-01-15,12:44:29
4024,613.924.875-28,301.274.698-69,Transferência,7.69,2026-01-10,22:53:00
5125,128.930.674-50,723.041.685-07,Pix Enviado,122.42,2026-01-06,10:16:00
36,741.609.852-11,072.184.659-94,Pix Enviado,38.25,2026-01-13,15:27:48
2361,138.470.659-39,296.035.418-42,Saque Pix,24.18,2026-01-04,06:38:41
906,852.091.463-24,546.832.109-24,Transferência,179.17,2026-01-18,23:56:32
4958,615.093.847-66,175.602.348-44,Pagamento,132.18,2026-01-12,11:39:50
1433,718.693.240-13,103.426.978-03,Pix Enviado,435.68,2026-01-12,14:35:01
1174,790.138.246-50,716.983.054-00,Pix Recebido,88.3,2026-01-05,16:39:44
2335,085.721.436-53,423.079.615-34,Pagamento,140.88,2026-01-08,22:21:53
3823,106.847.592-76,304.752.186-71,Transferência,13.56,2026-01-13,17:02:23
2295,248.195.730-04,361.479.205-61,Pix Recebido,211.22,2026-01-22,22:57:31
66,840.935.162-51,568.137.204-90,Transferência,14.47,2026-01-01,22:45:22
4546,812.540.796-02,794.216.053-06,Pix Recebido,42.07,2026-01-24,08:41:12
1636,835.460.719-48,760.481.293-78,Saque Pix,4.95,2026-01-28,08:42:30
202,238.164.507-17,059.872.634-92,Transferência,4.76,2026-01-21,17:05:58
1225,059.243.876-74,820.351.746-35,Pix Enviado,77.8,2026-01-30,07:25:41
5157,769.350.184-39,812.450.967-02,Pix Enviado,100,2026-01-13,21:13:27
4918,063.418.279-03,267.940.315-07,Saque Pix,67.23,2026-01-07,23:40:22
5075,852.976.043-38,706.415.293-25,Pix Enviado,102.85,2026-01-03,14:40:00
3476,645.723.801-71,605.279.138-12,Saque Pix,17.45,2026-01-17,14:53:28
364,325.841.760-17,916.327.540-61,Saque Pix,21.24,2026-01-07,10:07:35
2844,126.735.894-73,529.607.843-83,Pix Recebido,58.67,2026-01-27,03:14:29
933,475.690.821-76,706.384.125-44,Pagamento,251.86,2026-01-16,01:17:39
844,659.438.702-29,165.874.920-02,Transferência,3.35,2026-01-07,22:26:34
867,657.413.290-80,097.213.685-12,Pagamento,5.0,2026-01-02,07:09:52
5211,296.387.105-86,748.530.196-93,Pix Enviado,19445.19,2026-01-11,01:26:38
1482,652.184.037-17,842.967.503-56,Transferência,47.84,2026-01-02,09:21:15
2178,014.386.759-84,023.157.896-21,Saque Pix,28.25,2026-01-11,21:52:22
4191,692.081.374-22,031.794.582-32,Transferência,147.94,2026-01-20,17:55:46
3003,539.867.201-03,285.360.941-33,Pix Enviado,1.53,2026-01-07,19:34:32
1496,165.270.834-08,423.185.069-06,Transferência,159.51,2026-01-01,09:52:25
3343,624.158.397-28,039.285.471-60,Pix Enviado,59.81,2026-01-30,22:28:49
3676,407.821.356-17,593.106.728-03,Pix Enviado,381.41,2026-01-30,21:25:37
4148,901.527.634-06,908.617.235-03,Saque Pix,316.74,2026-01-11,11:17:19
561,205.437.968-92,874.510.369-01,Transferência,35.59,2026-01-01,01:23:54
3010,546.921.730-25,603.219.485-05,Saque Pix,60.52,2026-01-23,08:12:45
2201,798.130.564-01,586.142.937-55,Transferência,16.33,2026-01-02,08:05:27
2784,218.973.650-12,901.527.634-06,Pix Recebido,76.05,2026-01-11,08:29:51
1145,367.158.024-08,736.541.829-09,Pix Enviado,1.55,2026-01-02,15:00:48
4573,164.728.503-80,798.130.564-01,Pix Enviado,11.17,2026-01-18,17:15:12
192,586.142.937-55,538.164.790-57,Saque Pix,12.27,2026-01-21,07:46:30
1347,648.905.137-01,302.987.615-21,Pagamento,86.32,2026-01-14,11:33:13
4383,627.453.189-00,365.182.970-77,Saque Pix,24.51,2026-01-22,16:22:02
4239,405.623.871-53,950.431.628-05,Pix Enviado,31.87,2026-01-11,14:33:58
1871,025.167.489-49,369.418.702-22,Pix Recebido,59.87,2026-01-22,19:41:05
1083,039.285.471-60,608.471.239-87,Pagamento,77.31,2026-01-27,20:57:56
1898,561.379.248-82,062.385.149-06,Pix Recebido,8.6,2026-01-14,19:30:06
854,641.305.897-84,713.045.682-53,Saque Pix,104.6,2026-01-30,08:08:45
2846,465.273.108-62,741.692.835-46,Pix Recebido,165.05,2026-01-30,07:22:58
3785,782.914.356-00,603.184.597-01,Transferência,36.77,2026-01-02,09:31:44
344,631.892.540-60,539.867.201-03,Pix Recebido,18.35,2026-01-22,08:07:29
3144,851.249.036-51,025.167.489-49,Transferência,26.91,2026-01-13,10:22:18
1683,524.963.071-52,149.072.865-11,Saque Pix,3.66,2026-01-16,09:31:46
869,159.062.437-80,041.837.295-05,Saque Pix,250.62,2026-01-24,23:10:59
5184,712.308.549-32,714.256.309-52,Pix Enviado,1500,2026-01-10,13:12:43
885,185.324.697-28,321.075.869-77,Pagamento,24.53,2026-01-04,15:19:02
2100,261.430.597-99,826.043.157-26,Pix Recebido,69.3,2026-01-04,12:40:39
4097,340.892.756-10,574.190.283-97,Pix Recebido,12.15,2026-01-13,18:49:47
1739,175.084.369-20,710.385.264-26,Transferência,4.72,2026-01-11,06:51:57
4217,605.432.978-29,973.125.408-05,Transferência,127.19,2026-01-28,14:42:57
2297,147.529.380-14,378.046.912-03,Saque Pix,5.69,2026-01-13,18:04:40
3199,705.612.893-95,675.908.214-11,Saque Pix,55.58,2026-01-04,03:44:08
683,549.318.267-09,397.614.280-87,Transferência,26.99,2026-01-16,18:31:51
488,784.952.361-09,790.314.562-25,Saque Pix,266.43,2026-01-13,18:36:47
4290,786.923.540-74,951.380.274-41,Saque Pix,101.34,2026-01-29,08:36:17
1980,164.753.029-61,459.102.768-67,Pagamento,236.64,2026-01-16,13:12:38
650,387.190.524-05,103.426.978-03,Pagamento,8.17,2026-01-07,13:15:26
2535,405.179.628-02,126.735.894-73,Transferência,70.43,2026-01-11,06:14:07
34,352.987.164-82,456.201.389-33,Pix Enviado,50.56,2026-01-12,13:01:56
1462,324.765.891-28,756.231.089-03,Transferência,57.51,2026-01-04,22:37:27
3830,548.190.372-50,946.572.813-64,Pix Recebido,23.35,2026-01-15,09:04:33
1639,420.156.983-70,274.083.165-07,Saque Pix,16.47,2026-01-08,08:19:55
3406,173.469.802-04,690.582.174-85,Pix Enviado,213.92,2026-01-06,10:57:24
2403,617.409.532-07,782.914.356-00,Pagamento,255.46,2026-01-04,09:53:46
4156,392.061.754-16,046.157.823-90,Pix Recebido,53.73,2026-01-08,06:19:00
545,631.892.540-60,394.761.058-01,Saque Pix,84.8,2026-01-07,11:32:37
1894,678.925.134-00,394.761.058-01,Transferência,34.41,2026-01-16,21:05:05
2305,079.652.148-49,360.479.185-57,Pix Enviado,17.61,2026-01-28,19:39:48
4389,936.807.412-78,294.357.081-88,Pix Recebido,11.09,2026-01-07,10:04:09
1751,925.164.708-94,874.625.390-47,Transferência,12.08,2026-01-10,17:46:24
3151,072.584.613-53,104.736.958-39,Pix Recebido,214.66,2026-01-29,19:00:04
1759,461.930.852-89,741.692.835-46,Pagamento,46.61,2026-01-23,17:12:30
4360,310.748.562-44,497.025.613-61,Saque Pix,9.49,2026-01-04,16:22:47
3217,936.807.412-78,405.179.628-02,Pix Enviado,203.52,2026-01-31,16:45:07
1994,874.361.592-91,036.571.248-53,Transferência,41.19,2026-01-04,05:56:41
1350,097.836.214-40,923.150.784-23,Pix Recebido,407.95,2026-01-17,14:12:04
1037,901.527.634-06,936.807.412-78,Pix Recebido,16.66,2026-01-24,20:52:15
1248,167.845.932-19,698.405.127-49,Pix Enviado,8.22,2026-01-01,21:59:11
735,349.270.618-50,325.769.084-38,Pix Recebido,14.09,2026-01-19,07:27:47
3338,247.186.530-53,753.206.498-00,Pix Recebido,82.94,2026-01-11,19:02:48
166,619.423.580-24,035.978.642-10,Pagamento,7.05,2026-01-14,21:00:21
1604,362.794.051-25,036.571.248-53,Pix Recebido,24.77,2026-01-01,22:12:53
4713,264.983.571-00,023.157.896-21,Saque Pix,118.63,2026-01-16,22:49:30
1908,041.837.295-05,856.047.923-65,Pix Enviado,11.44,2026-01-08,14:52:28
471,394.761.058-01,189.374.560-01,Transferência,4.54,2026-01-18,11:33:27
4660,206.189.473-96,403.182.657-53,Pix Recebido,3.44,2026-01-02,09:44:28
583,684.512.790-58,852.091.463-24,Pix Recebido,16.12,2026-01-28,12:25:25
655,546.832.109-24,367.158.024-08,Pix Recebido,3.72,2026-01-16,10:01:50
3455,238.409.176-03,296.518.073-77,Pix Enviado,75.28,2026-01-06,12:53:26
2081,089.647.251-58,780.364.952-10,Pix Recebido,15.25,2026-01-15,07:31:13
3064,621.973.504-80,657.408.913-10,Transferência,91.9,2026-01-03,17:12:36
3550,106.847.592-76,023.157.896-21,Pix Enviado,468.51,2026-01-18,13:03:09
4330,039.856.271-77,381.462.795-46,Pix Enviado,252.03,2026-01-02,14:54:31
1437,837.149.560-93,723.504.691-07,Pagamento,121.06,2026-01-15,11:36:29
4730,743.810.695-01,957.634.182-55,Pix Recebido,37.35,2026-01-05,15:18:11
3586,235.879.640-92,392.061.754-16,Saque Pix,102.77,2026-01-25,18:57:37
1537,041.837.625-53,821.043.657-08,Transferência,48.83,2026-01-05,17:45:01
2242,659.438.017-66,842.967.503-56,Saque Pix,12.43,2026-01-03,09:24:27
1506,659.438.017-66,109.867.534-75,Saque Pix,53.69,2026-01-13,10:20:40
4683,362.504.978-38,865.124.307-35,Transferência,236.41,2026-01-23,11:12:13
2817,296.035.418-42,603.219.485-05,Pix Recebido,31.78,2026-01-03,11:28:52
4506,593.106.728-03,230.541.986-42,Transferência,32.72,2026-01-10,23:34:25
1056,603.124.987-13,523.918.647-28,Saque Pix,4.77,2026-01-05,22:53:59
3702,736.425.198-73,041.837.625-53,Pix Enviado,10.59,2026-01-20,10:27:57
2009,397.614.280-87,413.589.027-04,Pagamento,4.75,2026-01-28,05:50:03
4098,045.927.163-61,264.708.951-58,Pix Enviado,88.94,2026-01-12,08:41:12
817,780.364.952-10,629.850.314-51,Pix Enviado,139.13,2026-01-17,06:56:06
612,059.412.638-05,194.583.260-60,Transferência,41.74,2026-01-01,10:17:54
3652,692.081.374-22,713.904.628-03,Saque Pix,4.38,2026-01-17,12:56:49
779,347.685.102-80,637.541.089-48,Pix Enviado,16.08,2026-01-04,10:55:30
744,534.106.978-10,340.892.756-10,Pagamento,22.1,2026-01-29,13:20:49
5083,980.372.451-79,185.903.426-89,Pix Enviado,81.22,2026-01-24,14:05:00
637,580.364.297-56,160.592.478-49,Transferência,53.37,2026-01-07,07:11:52
447,568.790.312-77,906.432.781-50,Saque Pix,22.88,2026-01-09,14:53:59
660,045.927.163-61,853.612.094-06,Transferência,26.01,2026-01-26,08:47:34
2636,081.254.963-51,946.572.813-64,Pagamento,37.88,2026-01-27,17:38:39
2328,549.386.270-00,397.614.280-87,Pix Enviado,5.65,2026-01-04,18:22:37
2847,729.835.106-03,165.874.920-02,Pagamento,18.35,2026-01-04,15:40:37
694,786.923.540-74,379.206.814-13,Pagamento,32.64,2026-01-07,09:17:28
1993,691.782.045-85,687.203.154-90,Transferência,308.47,2026-01-20,12:53:57
4493,906.247.813-13,364.751.092-07,Pix Enviado,64.05,2026-01-14,15:57:45
2013,780.364.952-10,059.412.638-05,Pix Recebido,20.48,2026-01-19,22:34:00
2341,296.518.073-77,586.142.937-55,Pix Recebido,272.46,2026-01-27,18:27:12
2998,723.504.691-07,386.452.079-74,Pagamento,17.65,2026-01-31,10:11:41
4354,201.479.685-85,296.308.147-22,Pagamento,2.54,2026-01-14,15:40:07
4049,219.347.805-88,461.930.852-89,Saque Pix,22.64,2026-01-14,21:28:34
2495,471.953.820-79,756.231.089-03,Transferência,8.38,2026-01-18,16:41:33
4332,042.837.195-79,653.817.209-12,Pagamento,28.89,2026-01-01,22:23:05
1618,630.459.872-65,426.789.013-78,Pix Recebido,39.37,2026-01-26,15:57:36
3794,673.185.204-07,165.874.920-02,Pagamento,44.67,2026-01-29,19:36:59
2843,362.504.978-38,503.197.648-93,Pix Recebido,9.54,2026-01-12,11:56:54
257,430.187.562-07,856.041.793-10,Transferência,68.62,2026-01-09,12:48:31
1907,810.792.435-50,501.936.428-24,Transferência,6.73,2026-01-27,13:07:09
2208,059.872.634-92,540.891.732-05,Pagamento,196.57,2026-01-15,06:41:28
184,630.859.427-00,219.347.805-88,Transferência,51.41,2026-01-20,08:39:50
80,609.483.725-83,713.904.628-03,Saque Pix,1.33,2026-01-27,20:01:00
435,386.452.079-74,304.752.186-71,Pix Enviado,4.87,2026-01-31,14:46:17
4119,302.987.451-60,062.385.149-06,Pix Recebido,118.61,2026-01-20,23:18:21
4446,361.479.205-61,329.140.657-52,Pagamento,21.37,2026-01-25,09:08:20
3940,204.563.198-24,294.581.067-02,Pix Enviado,94.18,2026-01-29,10:37:53
1895,203.195.784-88,908.617.235-03,Pix Enviado,39.48,2026-01-29,10:53:18
4412,723.504.691-07,364.751.092-07,Pix Recebido,3.52,2026-01-22,10:48:21
3486,103.426.978-03,107.563.284-62,Transferência,73.0,2026-01-12,04:03:12
3701,984.621.053-15,586.793.402-00,Pix Recebido,16.32,2026-01-01,17:41:12
2344,175.084.369-20,405.623.871-53,Pix Enviado,34.61,2026-01-23,09:27:50
3970,908.216.743-31,362.794.051-25,Pix Enviado,54.55,2026-01-08,22:10:27
4545,835.460.719-48,145.370.268-71,Pagamento,86.48,2026-01-23,21:53:46
1383,705.924.186-85,315.820.497-50,Transferência,12.05,2026-01-14,09:36:34
2516,605.279.138-12,957.634.182-55,Pagamento,146.13,2026-01-31,16:14:36
3495,301.274.698-69,513.409.276-16,Saque Pix,81.18,2026-01-14,08:07:55
813,619.423.580-24,965.408.173-39,Pix Enviado,29.04,2026-01-17,22:13:05
790,612.930.578-86,871.543.069-39,Pix Enviado,230.44,2026-01-31,14:53:01
84,347.685.102-80,081.254.963-51,Pix Recebido,100.3,2026-01-10,19:35:48
4632,340.892.756-10,439.675.218-00,Pagamento,8.11,2026-01-20,11:16:53
3053,378.124.690-69,852.391.647-46,Pagamento,41.55,2026-01-01,18:39:55
2091,608.231.759-95,578.263.914-82,Pix Enviado,21.8,2026-01-30,10:24:05
2794,387.190.524-05,630.859.427-00,Saque Pix,16.34,2026-01-12,16:14:14
3767,906.432.781-50,349.270.618-50,Pix Recebido,396.53,2026-01-24,08:35:49
3518,068.427.953-38,908.457.623-38,Saque Pix,17.18,2026-01-25,01:38:36
492,874.361.592-91,637.541.089-48,Pix Enviado,8.23,2026-01-16,21:14:18
2919,093.587.412-79,826.510.937-77,Transferência,119.32,2026-01-21,06:40:38
4210,035.978.642-10,513.409.276-16,Pix Recebido,438.91,2026-01-04,09:57:02
1027,342.819.075-05,921.346.750-80,Transferência,13.06,2026-01-02,05:33:37
1509,274.351.069-25,798.130.564-01,Transferência,24.76,2026-01-01,07:17:15
4949,826.510.937-77,810.723.956-30,Transferência,55.51,2026-01-08,12:40:18
1548,340.572.189-04,957.634.182-55,Saque Pix,5.91,2026-01-14,19:56:44
1935,705.924.186-85,586.793.402-00,Transferência,116.03,2026-01-23,12:00:09
3557,679.184.025-02,690.582.174-85,Saque Pix,18.8,2026-01-29,19:34:44
2063,039.856.271-77,304.817.652-71,Transferência,30.86,2026-01-03,21:28:09
4757,124.765.890-20,103.426.978-03,Pix Recebido,109.35,2026-01-15,22:33:53
4963,580.364.297-56,185.324.697-28,Pix Recebido,12.11,2026-01-26,23:53:31
4893,056.794.832-38,543.612.807-62,Pix Enviado,11.61,2026-01-21,13:36:52
5061,362.140.958-06,819.467.520-02,Pix Enviado,189.16,2026-01-11,21:52:00
5112,276.154.809-49,319.804.576-20,Pix Enviado,219.6,2026-01-22,12:23:00
313,215.084.693-42,193.674.528-37,Pix Enviado,20.56,2026-01-31,18:32:53
3857,294.631.805-24,264.983.571-00,Saque Pix,35.57,2026-01-05,06:12:04
233,079.652.148-49,467.935.201-99,Pix Enviado,211.31,2026-01-25,15:41:52
4132,645.723.801-71,234.165.097-06,Saque Pix,9.6,2026-01-10,21:05:53
2249,503.197.648-93,136.258.904-70,Transferência,49.05,2026-01-26,20:18:25
1117,603.219.485-05,534.106.978-10,Transferência,19.9,2026-01-08,08:04:35
3332,395.176.820-77,729.835.106-03,Pix Enviado,39.84,2026-01-19,16:13:31
1713,538.294.706-65,378.046.912-03,Transferência,32.77,2026-01-14,07:33:47
4796,834.750.926-38,730.458.921-32,Transferência,57.92,2026-01-12,23:19:28
2102,106.847.592-76,764.051.298-02,Pix Recebido,86.61,2026-01-31,19:47:00
3692,705.261.389-12,678.592.401-49,Transferência,180.87,2026-01-17,06:28:06
1466,195.730.482-05,892.053.741-05,Pix Recebido,38.48,2026-01-14,08:15:08
2855,286.471.950-94,705.612.893-95,Saque Pix,157.45,2026-01-29,10:53:26
3441,603.184.597-01,085.376.429-83,Pix Recebido,39.53,2026-01-14,14:24:34
951,024.157.986-49,586.142.937-55,Transferência,18.4,2026-01-30,16:26:37
4157,195.742.360-99,198.073.462-31,Pix Recebido,37.39,2026-01-30,22:00:14
219,395.176.820-77,041.837.295-05,Pagamento,108.81,2026-01-04,20:16:36
1357,871.543.069-39,296.518.073-77,Transferência,371.37,2026-01-21,08:49:32
3932,790.562.348-38,730.458.921-32,Pagamento,49.0,2026-01-29,10:54:59
5186,712.308.549-32,023.675.194-80,Pix Enviado,1500,2026-01-11,19:54:57
2306,072.184.659-94,749.326.150-43,Pagamento,31.92,2026-01-08,15:32:41
4679,534.106.978-10,501.936.428-24,Saque Pix,2.48,2026-01-10,23:54:03
839,147.638.250-62,312.689.475-55,Transferência,12.46,2026-01-24,14:48:23
3717,549.623.087-00,813.729.654-91,Pix Recebido,131.69,2026-01-04,06:22:38
608,403.182.657-53,285.734.960-29,Pagamento,135.28,2026-01-09,17:46:21
2292,203.195.784-88,347.509.162-34,Transferência,5.22,2026-01-21,08:07:49
1213,890.715.642-58,641.305.897-84,Pix Enviado,15.22,2026-01-10,20:52:16
1033,629.048.315-33,657.413.290-80,Transferência,8.4,2026-01-03,15:00:00
4333,826.045.791-11,780.364.952-10,Pagamento,53.26,2026-01-16,06:48:14
1546,561.379.248-82,235.194.870-04,Transferência,198.69,2026-01-20,21:05:54
2863,851.249.036-51,301.274.698-69,Saque Pix,13.07,2026-01-24,11:42:27
2336,851.672.349-64,476.018.539-93,Pix Recebido,44.4,2026-01-21,15:50:32
59,236.174.085-08,498.630.715-01,Pix Enviado,21.09,2026-01-26,23:27:52
2902,304.752.186-71,568.137.204-90,Pagamento,144.56,2026-01-09,21:41:17
3090,109.867.534-75,603.219.485-05,Transferência,16.28,2026-01-27,23:05:41
3108,571.039.846-20,821.043.657-08,Pix Recebido,14.82,2026-01-28,15:31:39
1402,048.126.935-51,048.126.935-51,Pix Recebido,95.27,2026-01-19,08:52:47
1109,456.201.389-33,659.184.023-06,Pix Recebido,37.79,2026-01-05,15:58:23
4335,321.075.869-77,103.426.978-03,Pix Recebido,56.67,2026-01-12,18:16:49
3119,698.405.127-49,813.729.654-91,Pix Recebido,10.41,2026-01-02,10:21:58
1847,874.510.369-01,085.376.429-83,Pix Enviado,6.18,2026-01-08,18:36:05
2866,645.723.801-71,347.509.162-34,Pix Enviado,36.81,2026-01-09,21:52:15
3319,251.089.473-05,509.476.138-20,Pagamento,14.0,2026-01-01,17:43:55
1036,362.504.978-38,794.216.053-06,Pix Recebido,34.07,2026-01-01,08:19:02
3811,682.314.079-87,826.045.791-11,Transferência,18.33,2026-01-20,08:44:44
1700,580.364.297-56,459.102.768-67,Transferência,6.79,2026-01-25,18:16:17
4654,329.168.470-22,347.685.102-80,Pagamento,456.11,2026-01-18,08:51:09
2938,018.324.769-87,812.540.796-02,Pix Recebido,26.05,2026-01-20,12:58:56
4693,603.184.597-01,957.480.361-93,Pagamento,10.77,2026-01-10,17:55:50
4047,796.842.301-50,104.927.683-31,Pagamento,11.83,2026-01-28,17:08:50
654,826.510.937-77,790.138.246-50,Transferência,4.81,2026-01-30,05:43:56
1969,209.814.765-11,726.043.958-00,Transferência,54.91,2026-01-15,16:29:29
1499,790.864.213-69,624.158.397-28,Saque Pix,228.53,2026-01-19,11:58:56
2090,498.630.715-01,786.923.540-74,Saque Pix,60.92,2026-01-29,19:28:27
3381,340.572.189-04,459.102.768-67,Pix Recebido,481.73,2026-01-07,18:15:37
4068,014.386.759-84,586.142.937-55,Pix Recebido,12.63,2026-01-20,01:21:35
1774,194.867.250-20,391.256.840-51,Pix Recebido,8.93,2026-01-08,21:24:36
4118,815.437.906-66,401.956.283-06,Saque Pix,305.16,2026-01-27,12:16:05
4207,031.794.582-32,718.693.240-13,Pix Recebido,121.21,2026-01-09,19:14:42
1136,160.592.478-49,678.592.401-49,Pix Enviado,15.25,2026-01-12,08:31:49
1332,687.203.154-90,852.391.647-46,Pix Enviado,35.13,2026-01-08,19:26:03
4144,329.168.470-22,945.217.380-79,Pix Recebido,29.97,2026-01-18,16:51:46
4014,873.692.514-46,957.480.361-93,Saque Pix,26.2,2026-01-27,23:25:27
4610,350.276.184-17,394.761.058-01,Pix Recebido,5.89,2026-01-18,22:21:39
3212,136.258.904-70,961.253.704-61,Pix Recebido,23.94,2026-01-06,09:56:32
4040,046.157.823-90,120.985.436-89,Pix Enviado,38.9,2026-01-02,16:59:46
4451,264.983.571-00,381.462.795-46,Pagamento,7.23,2026-01-30,07:28:54
1057,726.480.359-74,923.570.146-52,Pagamento,82.92,2026-01-17,20:54:14
658,403.298.175-23,340.892.756-10,Transferência,63.32,2026-01-27,08:38:37
4410,439.675.218-00,923.150.784-23,Pix Enviado,41.75,2026-01-18,07:44:51
4026,652.184.037-17,659.043.178-75,Pagamento,31.14,2026-01-13,17:51:56
2658,398.615.420-51,423.079.615-34,Pix Enviado,84.78,2026-01-29,23:11:03
4195,648.905.137-01,678.925.134-00,Transferência,8.91,2026-01-02,16:11:23
4980,503.197.648-93,965.408.173-39,Saque Pix,45.05,2026-01-19,09:05:07
3149,874.510.369-01,364.751.092-07,Pagamento,10.96,2026-01-17,19:55:36
2547,835.460.719-48,625.790.143-06,Saque Pix,676.69,2026-01-09,09:36:28
2959,423.079.615-34,378.046.912-03,Pagamento,5.42,2026-01-04,21:31:05
3423,497.025.613-61,048.126.935-51,Pix Enviado,209.37,2026-01-22,23:17:56
420,261.430.597-99,965.408.173-39,Transferência,135.46,2026-01-19,18:13:55
4065,195.730.482-05,475.690.821-76,Pix Enviado,45.82,2026-01-02,22:02:37
4805,423.079.615-34,216.593.478-82,Pagamento,6.41,2026-01-09,10:18:08
4425,392.061.754-16,809.352.671-40,Pagamento,36.4,2026-01-02,08:13:12
2754,713.904.628-03,741.609.852-11,Pix Recebido,37.58,2026-01-16,10:19:20
226,635.492.107-52,450.971.386-00,Pagamento,42.94,2026-01-04,23:52:42
5124,128.930.674-50,357.280.419-14,Pix Enviado,154.68,2026-01-06,10:16:00
1306,018.324.769-87,059.243.876-74,Pix Enviado,11.84,2026-01-02,21:34:54
2828,056.794.832-38,069.251.738-30,Pix Recebido,1.66,2026-01-12,17:33:40
2696,784.351.690-57,925.164.708-94,Transferência,372.64,2026-01-14,08:51:40
2930,813.729.654-91,681.297.045-01,Transferência,13.76,2026-01-13,22:51:41
1769,586.793.402-00,106.847.592-76,Transferência,79.33,2026-01-12,22:15:34
2704,607.128.395-77,341.586.027-26,Pix Enviado,39.75,2026-01-12,19:28:45
3772,062.834.975-00,874.361.592-91,Transferência,527.95,2026-01-01,19:19:48
2241,609.357.142-43,359.410.728-05,Pix Enviado,30.6,2026-01-09,08:57:24
2917,540.873.916-39,169.502.387-03,Saque Pix,66.11,2026-01-22,17:41:33
4688,471.953.820-79,137.268.905-21,Transferência,12.52,2026-01-31,17:33:37
3915,391.256.840-51,761.540.389-84,Pix Enviado,235.6,2026-01-01,21:11:36
4909,035.978.642-10,109.874.632-50,Pix Enviado,48.93,2026-01-11,12:48:46
607,852.091.463-24,364.751.092-07,Transferência,44.69,2026-01-19,13:12:13
255,904.586.321-98,218.973.650-12,Pagamento,11.71,2026-01-24,12:13:48
3538,518.746.029-30,165.270.834-08,Pagamento,16.75,2026-01-13,22:09:04
1670,106.847.592-76,627.453.189-00,Pagamento,8.03,2026-01-05,16:26:04
2219,603.219.485-05,341.906.587-66,Pix Recebido,277.85,2026-01-05,10:00:57
4574,127.063.948-03,578.263.914-82,Pix Enviado,16.6,2026-01-04,21:59:30
5100,702.495.361-61,340.129.576-43,Pix Enviado,64.51,2026-01-01,13:43:00
3807,957.480.361-93,619.423.580-24,Saque Pix,18.44,2026-01-09,10:21:26
2835,185.324.697-28,068.427.953-38,Saque Pix,15.97,2026-01-19,06:18:57
1711,164.728.503-80,498.630.715-01,Saque Pix,83.36,2026-01-12,10:39:14
1532,678.592.401-49,152.068.479-76,Pagamento,4.46,2026-01-11,05:26:23
1490,741.692.835-46,041.837.295-05,Pix Enviado,12.15,2026-01-06,16:56:02
688,634.510.872-35,790.138.246-50,Saque Pix,9.21,2026-01-05,09:22:16
808,835.460.719-48,932.768.045-65,Pix Enviado,46.39,2026-01-04,16:19:26
1059,648.905.137-01,756.231.089-03,Pix Recebido,13.05,2026-01-25,08:35:54
1772,127.063.948-03,518.746.029-30,Pix Recebido,20.46,2026-01-16,20:35:03
398,498.630.715-01,652.184.037-17,Pix Enviado,146.75,2026-01-05,14:54:46
4374,673.185.204-07,384.795.206-47,Pix Recebido,14.84,2026-01-10,08:24:33
4393,109.276.345-70,093.587.412-79,Pagamento,63.89,2026-01-13,16:19:28
2324,690.582.174-85,840.935.162-51,Transferência,89.03,2026-01-22,23:18:58
5119,128.930.674-50,127.569.308-30,Pix Enviado,227.14,2026-01-06,10:16:00
4624,706.384.125-44,617.945.023-43,Pix Recebido,9.02,2026-01-16,07:43:44
2142,230.541.986-42,365.182.970-77,Transferência,238.6,2026-01-10,11:27:39
1566,856.041.793-10,190.576.328-02,Transferência,55.5,2026-01-13,08:15:40
1721,615.093.847-66,826.549.370-38,Transferência,157.55,2026-01-17,15:58:05
3271,059.243.876-74,274.351.069-25,Pagamento,5.85,2026-01-06,19:10:32
285,741.692.835-46,501.936.428-24,Transferência,233.0,2026-01-15,14:22:59
4564,329.140.657-52,395.671.042-80,Transferência,30.88,2026-01-25,14:42:19
3514,829.361.705-59,874.510.369-01,Transferência,55.97,2026-01-08,17:23:27
2259,326.104.759-34,780.364.952-10,Pix Enviado,24.61,2026-01-21,23:00:58
2260,194.583.260-60,826.043.157-26,Pix Enviado,30.82,2026-01-05,21:00:55
4394,713.904.628-03,635.092.714-16,Transferência,33.49,2026-01-20,17:19:41
2497,321.894.760-03,439.675.218-00,Pagamento,42.15,2026-01-13,16:51:21
2148,627.453.189-00,609.837.421-03,Pix Recebido,79.27,2026-01-12,10:54:05
1290,324.765.891-28,926.317.048-78,Pix Recebido,28.93,2026-01-26,09:32:13
831,206.791.835-40,364.751.092-07,Pagamento,77.01,2026-01-21,17:14:14
244,315.297.648-82,607.128.395-77,Saque Pix,82.44,2026-01-29,22:51:14
4308,426.789.013-78,309.821.576-30,Pagamento,291.36,2026-01-28,22:27:59
453,764.051.298-02,274.083.165-07,Saque Pix,45.6,2026-01-05,17:12:08
3822,741.609.852-11,619.423.580-24,Pix Recebido,10.96,2026-01-15,22:45:45
2979,097.213.685-12,294.867.315-19,Pagamento,31.42,2026-01-03,16:39:17
3001,784.952.361-09,302.987.451-60,Transferência,42.65,2026-01-09,17:35:14
3324,219.347.805-88,059.872.634-92,Pix Recebido,312.87,2026-01-02,17:05:39
3605,852.091.463-24,201.479.685-85,Pix Recebido,700.31,2026-01-08,17:54:53
724,395.176.820-77,503.197.648-93,Transferência,6.45,2026-01-03,07:47:07
4996,315.820.497-50,761.540.389-84,Transferência,37.79,2026-01-16,06:48:48
373,513.409.276-16,790.562.348-38,Pix Recebido,25.87,2026-01-04,19:01:46
2872,856.041.793-10,364.751.092-07,Pix Enviado,11.06,2026-01-10,21:15:56
2096,710.354.892-79,543.612.807-62,Pix Enviado,207.71,2026-01-15,23:28:28
2154,826.043.157-26,538.420.697-74,Pix Recebido,23.1,2026-01-27,12:58:55
4214,194.867.250-20,097.213.685-12,Pix Enviado,104.02,2026-01-21,22:32:22
599,615.093.847-66,015.493.768-10,Saque Pix,30.03,2026-01-27,15:19:33
3528,498.635.072-29,307.815.642-71,Saque Pix,33.43,2026-01-18,08:22:46
3750,721.680.359-03,015.493.768-10,Pix Enviado,41.26,2026-01-15,13:55:02
3279,741.609.852-11,521.487.369-73,Pix Recebido,7.94,2026-01-15,07:23:48
1190,068.427.953-38,465.273.108-62,Pagamento,18.45,2026-01-27,04:07:11
1397,302.987.615-21,695.132.704-16,Pix Recebido,117.24,2026-01-29,09:12:17
3516,216.593.478-82,682.314.079-87,Transferência,28.04,2026-01-09,10:37:43
3512,913.086.257-40,346.251.879-82,Pagamento,7.63,2026-01-10,12:22:45
2729,605.279.138-12,056.794.832-38,Pix Enviado,35.79,2026-01-20,09:53:08
3016,629.048.315-33,586.142.937-55,Pix Recebido,88.95,2026-01-24,12:34:24
4356,941.267.358-28,496.318.570-93,Transferência,27.43,2026-01-04,10:14:19
1591,497.025.613-61,403.298.175-23,Saque Pix,53.26,2026-01-15,07:19:36
2692,025.167.489-49,387.190.524-05,Pix Enviado,58.74,2026-01-24,14:17:39
1009,716.983.054-00,736.425.198-73,Pagamento,102.26,2026-01-09,21:00:49
4124,632.549.807-00,471.953.820-79,Pagamento,149.12,2026-01-23,15:59:55
279,073.852.491-32,145.370.268-71,Pix Recebido,46.21,2026-01-03,07:42:43
5201,379.506.842-83,590.361.782-40,Pix Enviado,15667.73,2026-01-11,05:09:42
1850,723.504.691-07,506.924.781-67,Saque Pix,112.48,2026-01-01,02:16:12
4685,192.358.604-15,631.892.540-60,Saque Pix,41.81,2026-01-29,19:13:50
1889,609.837.421-03,842.063.951-60,Pix Enviado,3.27,2026-01-03,01:59:32
3165,031.794.582-32,462.178.059-01,Pix Enviado,25.28,2026-01-29,23:40:36
1254,175.602.348-44,729.365.418-91,Pix Enviado,19.69,2026-01-15,16:57:06
2509,079.652.148-49,073.852.491-32,Pagamento,47.76,2026-01-27,19:41:10
2878,608.231.759-95,423.185.069-06,Transferência,3.59,2026-01-10,23:31:30
2139,025.167.489-49,605.283.497-83,Pagamento,20.74,2026-01-03,02:06:00
2004,126.735.894-73,603.184.597-01,Pagamento,6.55,2026-01-11,08:21:34
1461,471.953.820-79,561.379.248-82,Pix Enviado,63.23,2026-01-07,15:24:16
4019,087.649.321-50,708.263.914-78,Saque Pix,29.7,2026-01-30,15:42:56
662,538.164.790-57,173.469.802-04,Pagamento,2.44,2026-01-08,13:53:27
4117,695.172.430-06,204.596.718-20,Pagamento,468.3,2026-01-31,13:16:30
4959,039.285.471-60,358.274.160-53,Transferência,38.82,2026-01-26,16:45:21
104,574.190.283-97,349.270.618-50,Transferência,20.71,2026-01-29,21:57:30
3070,608.471.239-87,194.583.260-60,Saque Pix,27.0,2026-01-28,20:32:59
2710,906.247.813-13,521.463.087-53,Pix Recebido,28.96,2026-01-06,10:20:36
2435,829.361.705-59,306.871.524-53,Transferência,1.55,2026-01-12,04:54:43
461,165.874.920-02,286.471.950-94,Saque Pix,1.92,2026-01-15,16:46:48
77,152.068.479-76,694.378.510-93,Transferência,47.33,2026-01-06,07:02:21
433,479.156.832-09,059.872.634-92,Saque Pix,4.22,2026-01-02,22:27:41
3334,821.476.305-35,206.791.835-40,Pix Enviado,164.88,2026-01-11,12:54:19
1217,624.158.397-28,175.084.369-20,Saque Pix,32.4,2026-01-14,10:24:22
5014,423.085.967-83,021.978.346-22,Pix Enviado,89.15,2026-01-04,23:52:00
1701,392.061.754-16,602.975.148-49,Pix Enviado,13.12,2026-01-18,11:08:06
273,387.596.024-65,571.039.846-20,Transferência,3.07,2026-01-14,10:29:05
4638,439.675.218-00,624.158.397-28,Pix Enviado,33.85,2026-01-22,10:51:20
3980,104.736.958-39,274.083.165-07,Transferência,93.48,2026-01-31,21:26:38
828,729.365.418-91,936.812.507-40,Pagamento,16.72,2026-01-10,13:21:57
320,829.361.705-59,324.765.891-28,Transferência,13.49,2026-01-31,16:34:34
1135,506.924.781-67,294.867.315-19,Pix Recebido,30.57,2026-01-05,23:28:01
1478,423.185.069-06,291.806.534-05,Saque Pix,15.45,2026-01-26,23:16:11
4115,852.091.463-24,301.274.698-69,Pix Recebido,9.07,2026-01-22,08:30:26
4371,675.908.214-11,126.735.894-73,Pix Recebido,23.01,2026-01-05,20:55:24
1021,062.385.149-06,301.274.698-69,Saque Pix,80.86,2026-01-24,12:33:53
3043,619.423.580-24,790.864.213-69,Pix Recebido,9.2,2026-01-04,22:48:52
409,180.645.723-71,630.859.427-00,Pix Recebido,32.41,2026-01-10,21:18:29
2889,167.845.932-19,786.923.540-74,Saque Pix,17.04,2026-01-13,06:10:09
15,851.672.349-64,609.357.142-43,Saque Pix,138.05,2026-01-29,22:15:37
4746,718.693.240-13,069.251.738-30,Pix Recebido,56.04,2026-01-03,06:49:01
5000,423.079.615-34,062.385.149-06,Pix Enviado,824.55,2026-01-19,13:44:47
558,706.384.125-44,673.185.204-07,Pix Enviado,33.63,2026-01-04,18:12:28
2913,046.157.823-90,350.276.184-17,Saque Pix,160.86,2026-01-29,06:16:06
1121,164.728.503-80,325.841.760-17,Transferência,38.43,2026-01-09,06:11:55
2655,853.612.094-06,892.053.741-05,Pagamento,203.36,2026-01-14,22:39:11
179,164.753.029-61,405.623.871-53,Saque Pix,52.49,2026-01-23,07:05:53
3347,521.487.369-73,395.176.820-77,Transferência,14.83,2026-01-27,17:40:34
4882,325.841.760-17,152.068.479-76,Pagamento,58.05,2026-01-26,07:05:20
4483,315.820.497-50,603.184.597-01,Pix Recebido,210.53,2026-01-03,07:46:24
3173,736.425.198-73,673.185.204-07,Transferência,201.23,2026-01-20,12:23:40
3584,209.814.765-11,201.479.685-85,Transferência,179.09,2026-01-11,17:22:38
4853,612.930.578-86,294.357.081-88,Pix Recebido,88.76,2026-01-21,19:54:54
5113,276.154.809-49,672.158.930-30,Pix Enviado,196.41,2026-01-22,12:23:00
961,842.967.503-56,615.093.847-66,Pix Enviado,116.19,2026-01-11,16:05:25
1488,079.652.148-49,014.386.759-84,Transferência,74.18,2026-01-25,06:13:27
3178,853.612.094-06,350.276.184-17,Pix Recebido,40.1,2026-01-28,18:31:07
3716,740.356.819-20,201.479.685-85,Pix Recebido,35.91,2026-01-01,08:13:48
537,401.956.283-06,056.794.832-38,Pagamento,16.92,2026-01-16,08:33:17
1551,518.746.029-30,593.716.824-00,Pix Recebido,26.74,2026-01-11,08:06:12
3181,659.438.702-29,175.084.369-20,Saque Pix,44.86,2026-01-14,09:48:15
1330,760.481.293-78,459.102.768-67,Pagamento,212.0,2026-01-06,15:05:43
3361,073.852.491-32,423.079.615-34,Saque Pix,26.05,2026-01-24,06:51:41
975,524.963.071-52,069.251.738-30,Pagamento,9.91,2026-01-19,10:22:31
4216,705.261.389-12,325.769.084-38,Transferência,458.68,2026-01-05,07:45:18
2386,678.592.401-49,743.619.025-34,Transferência,25.51,2026-01-14,06:04:40
174,526.831.497-19,014.386.759-84,Pix Recebido,17.53,2026-01-26,17:11:57
4969,973.125.408-05,986.751.340-10,Transferência,238.17,2026-01-19,22:51:41
4205,201.479.685-85,329.140.657-52,Pagamento,190.96,2026-01-28,10:39:23
3295,201.479.685-85,810.723.956-30,Pix Enviado,8.42,2026-01-18,12:25:00
3356,042.837.195-79,435.890.261-89,Saque Pix,28.34,2026-01-22,09:16:10
472,235.194.870-04,325.479.061-80,Pagamento,145.72,2026-01-06,07:29:38
2707,984.621.053-15,603.458.791-39,Pix Recebido,15.1,2026-01-05,07:14:46
4863,973.125.408-05,713.904.628-03,Pagamento,14.71,2026-01-06,09:38:34
863,518.746.029-30,538.164.790-57,Saque Pix,108.73,2026-01-18,15:45:10
4264,394.761.058-01,809.352.671-40,Pix Recebido,5.2,2026-01-24,07:46:10
3420,682.314.079-87,852.091.463-24,Transferência,48.73,2026-01-05,21:08:35
4694,385.614.290-89,728.645.103-08,Saque Pix,3.64,2026-01-30,13:20:26
5056,175.289.346-82,964.351.728-46,Pix Enviado,234.34,2026-01-12,18:15:00
882,574.190.283-97,609.483.725-83,Pix Recebido,31.78,2026-01-09,17:08:05
3833,397.614.280-87,035.174.982-97,Pix Enviado,17.5,2026-01-01,14:07:02
1214,723.504.691-07,812.540.796-02,Pix Recebido,18.47,2026-01-10,10:20:45
498,186.472.509-58,518.746.029-30,Pix Enviado,76.45,2026-01-20,12:45:27
922,310.748.562-44,548.190.372-50,Pagamento,86.36,2026-01-13,19:18:00
4224,376.920.158-21,072.184.659-94,Pix Recebido,86.77,2026-01-22,12:12:19
4712,315.297.648-82,784.952.361-09,Pix Recebido,21.75,2026-01-01,20:41:10
3720,609.837.421-03,641.305.897-84,Pagamento,3.97,2026-01-23,06:28:26
2614,264.708.951-58,829.361.574-55,Pix Enviado,39.59,2026-01-11,23:18:28
2278,495.327.081-97,085.376.429-83,Pagamento,108.1,2026-01-27,16:32:16
1323,296.308.147-22,341.906.587-66,Pix Enviado,9.56,2026-01-09,18:23:32
1359,296.035.418-42,756.231.089-03,Pagamento,7.28,2026-01-17,19:52:15
1973,324.765.891-28,549.623.087-00,Pix Enviado,93.76,2026-01-24,15:16:22
720,694.378.510-93,386.452.079-74,Transferência,53.75,2026-01-10,14:39:50
1226,659.184.023-06,462.178.059-01,Saque Pix,16.41,2026-01-14,06:51:44
2460,124.765.890-20,206.791.835-40,Transferência,94.88,2026-01-06,11:28:12
3354,321.894.760-03,815.437.906-66,Saque Pix,49.28,2026-01-22,18:35:19
4235,603.458.791-39,634.510.872-35,Pix Enviado,5.03,2026-01-19,22:56:27
1968,678.592.401-49,923.570.146-52,Pix Enviado,122.2,2026-01-16,21:46:09
157,607.128.395-77,467.395.081-00,Pagamento,45.55,2026-01-21,12:45:25
2862,810.792.435-50,427.150.893-41,Pagamento,136.86,2026-01-26,23:20:21
1391,089.647.251-58,834.750.926-38,Pix Recebido,6.36,2026-01-20,06:25:50
1660,617.409.532-07,690.582.174-85,Pix Enviado,27.61,2026-01-16,17:10:42
311,726.480.359-74,901.527.634-06,Saque Pix,47.55,2026-01-12,18:48:01
2564,041.837.625-53,367.158.024-08,Saque Pix,32.96,2026-01-15,06:54:15
4428,786.923.540-74,341.906.587-66,Saque Pix,70.65,2026-01-10,07:27:10
3968,180.645.723-71,476.018.539-93,Pix Enviado,63.8,2026-01-17,18:56:26
4054,629.850.314-51,062.371.594-52,Pagamento,54.46,2026-01-27,07:12:50
4328,852.391.647-46,645.723.801-71,Pagamento,187.34,2026-01-20,23:06:46
1931,705.261.389-12,352.609.174-99,Pix Enviado,47.74,2026-01-02,17:25:42
318,193.674.528-37,609.357.142-43,Pix Recebido,81.61,2026-01-21,08:37:11
2279,608.231.759-95,097.213.685-12,Transferência,59.15,2026-01-20,07:53:16
4714,629.850.314-51,069.251.738-30,Pagamento,200.91,2026-01-24,12:02:28
5110,276.154.809-49,704.658.923-29,Pix Enviado,264.4,2026-01-22,12:23:00
2674,238.164.507-17,659.438.017-66,Saque Pix,20.0,2026-01-28,17:10:32
4212,653.817.209-12,381.462.795-46,Saque Pix,56.01,2026-01-09,22:10:23
3839,359.410.728-05,853.612.094-06,Pix Enviado,365.45,2026-01-08,09:27:44
1737,301.274.698-69,260.549.387-38,Saque Pix,143.08,2026-01-27,19:32:24
4871,352.609.174-99,726.480.359-74,Pagamento,63.02,2026-01-20,15:33:29
2225,423.185.069-06,890.715.642-58,Saque Pix,63.21,2026-01-26,13:30:37
5098,180.974.253-60,528.619.473-73,Pix Enviado,151.22,2026-01-13,22:29:00
4982,695.172.430-06,093.587.412-79,Pagamento,28.97,2026-01-27,23:01:22
4048,350.298.164-70,926.317.048-78,Pagamento,41.69,2026-01-31,08:03:49
584,095.126.384-60,236.174.085-08,Saque Pix,8.66,2026-01-13,12:13:10
4735,209.814.765-11,627.453.189-00,Transferência,36.39,2026-01-01,15:40:42
2546,632.549.807-00,235.879.640-92,Pagamento,17.35,2026-01-16,07:13:17
1369,405.179.628-02,041.837.625-53,Pix Enviado,30.03,2026-01-07,12:05:28
2230,526.831.497-19,607.128.395-77,Transferência,140.52,2026-01-18,19:16:05
3760,465.902.381-89,376.920.158-21,Pix Recebido,14.7,2026-01-12,09:58:21
3578,167.845.932-19,195.742.360-99,Pix Recebido,21.03,2026-01-06,07:10:52
956,967.528.304-10,543.612.807-62,Pagamento,694.21,2026-01-19,22:48:55
216,916.327.540-61,012.938.654-51,Transferência,19.5,2026-01-22,10:13:36
1215,726.043.958-00,012.938.654-51,Transferência,44.83,2026-01-28,04:51:01
2255,109.276.345-70,617.945.023-43,Saque Pix,113.62,2026-01-13,14:58:12
4343,498.635.072-29,294.357.081-88,Saque Pix,110.3,2026-01-02,12:37:19
4417,736.902.184-03,018.324.769-87,Pagamento,36.86,2026-01-16,06:56:09
1279,867.429.153-82,936.812.507-40,Pagamento,15.67,2026-01-28,18:00:31
2055,627.453.189-00,549.623.087-00,Saque Pix,26.97,2026-01-11,08:54:36
2061,286.471.950-94,538.420.697-74,Pix Enviado,36.99,2026-01-25,15:13:33
5210,348.512.067-71,790.832.654-47,Pix Enviado,9342.14,2026-01-20,04:33:03
2540,821.043.657-08,509.476.138-20,Saque Pix,45.3,2026-01-18,19:08:05
2172,195.730.482-05,629.048.315-33,Saque Pix,13.11,2026-01-24,18:27:45
2512,729.835.106-03,301.274.698-69,Transferência,28.92,2026-01-11,07:00:24
4104,540.873.916-39,539.867.201-03,Saque Pix,42.74,2026-01-31,12:08:45
4421,659.043.178-75,659.043.178-75,Transferência,4.9,2026-01-29,08:57:59
3215,081.254.963-51,039.856.271-77,Saque Pix,101.63,2026-01-18,10:42:46
4858,673.185.204-07,024.561.793-07,Pix Enviado,4.6,2026-01-13,09:24:32
111,247.159.863-37,593.716.824-00,Pix Recebido,193.65,2026-01-23,23:10:33
4803,085.376.429-83,296.308.147-22,Saque Pix,9.3,2026-01-15,15:41:22
2429,341.586.027-26,941.267.358-28,Pix Recebido,108.37,2026-01-27,13:14:52
1258,062.371.594-52,874.361.592-91,Saque Pix,41.86,2026-01-03,11:14:27
3724,503.197.648-93,603.184.597-01,Pix Enviado,102.42,2026-01-26,06:12:49
5048,827.134.059-04,148.509.372-41,Pix Enviado,61.82,2026-01-09,11:37:00
1253,203.195.784-88,109.874.632-50,Pix Recebido,180.26,2026-01-21,11:15:06
750,960.215.837-95,710.385.264-26,Saque Pix,217.17,2026-01-15,07:15:17
3085,476.018.539-93,361.498.250-51,Pagamento,42.61,2026-01-22,20:07:21
33,916.327.540-61,291.806.534-05,Pix Enviado,6.71,2026-01-25,09:51:47
1715,361.498.250-51,790.562.348-38,Pagamento,506.46,2026-01-08,17:17:34
4152,104.927.683-31,395.671.042-80,Pix Enviado,18.03,2026-01-05,21:06:26
566,749.326.150-43,631.892.540-60,Pagamento,25.4,2026-01-13,23:30:12
2604,352.987.164-82,089.647.251-58,Saque Pix,62.96,2026-01-06,19:56:19
1028,469.013.275-52,359.410.728-05,Transferência,157.02,2026-01-04,09:13:07
5076,852.976.043-38,375.210.489-97,Pix Enviado,172.06,2026-01-03,14:40:00
2400,035.978.642-10,479.028.536-74,Pix Enviado,8.55,2026-01-02,08:40:51
3956,420.156.983-70,215.439.087-05,Pix Enviado,12.18,2026-01-23,14:47:05
3552,753.206.498-00,865.124.307-35,Pix Recebido,22.93,2026-01-05,18:32:38
674,574.190.283-97,149.072.865-11,Saque Pix,15.37,2026-01-12,19:02:26
1202,236.174.085-08,391.256.840-51,Pix Enviado,1.82,2026-01-08,11:40:13
3036,652.184.037-17,695.172.430-06,Pix Enviado,215.85,2026-01-31,02:36:34
3737,097.213.685-12,427.150.893-41,Transferência,24.06,2026-01-23,11:46:53
3473,025.167.489-49,104.927.683-31,Saque Pix,19.7,2026-01-16,06:17:18
2066,798.130.564-01,036.571.248-53,Pagamento,24.97,2026-01-21,14:08:51
1327,593.106.728-03,248.195.730-04,Pix Enviado,11.54,2026-01-03,20:50:37
1795,230.541.986-42,194.583.260-60,Pix Recebido,13.99,2026-01-15,22:42:11
1582,274.351.069-25,426.789.013-78,Saque Pix,33.37,2026-01-31,13:28:45
4084,901.527.634-06,790.864.213-69,Saque Pix,96.57,2026-01-01,21:03:47
1424,264.708.951-58,673.185.204-07,Saque Pix,14.49,2026-01-21,07:07:51
1654,913.025.468-05,632.549.807-00,Pix Recebido,457.65,2026-01-19,11:03:59
1387,984.621.053-15,358.274.160-53,Saque Pix,10.36,2026-01-09,17:18:12
925,302.987.615-21,826.045.791-11,Pagamento,15.02,2026-01-08,08:29:42
1116,296.035.418-42,813.729.654-91,Pix Recebido,9.29,2026-01-08,20:17:51
3623,708.263.914-78,012.938.654-51,Pagamento,24.16,2026-01-12,13:02:32
4227,137.058.694-93,534.106.978-10,Transferência,107.92,2026-01-23,18:54:21
2687,260.549.387-38,215.439.087-05,Pagamento,3.93,2026-01-14,12:08:57
4659,362.794.051-25,042.837.195-79,Pix Recebido,5.59,2026-01-29,22:50:37
1125,302.987.451-60,756.231.089-03,Pix Enviado,15.12,2026-01-04,18:59:06
2167,901.527.634-06,687.203.154-90,Pix Recebido,45.52,2026-01-07,15:31:28
4815,736.425.198-73,617.409.532-07,Pix Enviado,27.19,2026-01-26,04:31:49
3376,391.256.840-51,632.549.807-00,Saque Pix,113.22,2026-01-01,12:32:33
2221,304.752.186-71,056.794.832-38,Saque Pix,23.86,2026-01-25,12:48:07
3735,014.386.759-84,164.753.029-61,Pix Recebido,149.81,2026-01-04,21:39:38
1865,195.730.482-05,465.273.108-62,Transferência,19.76,2026-01-04,20:06:45
3191,524.963.071-52,081.254.963-51,Pix Enviado,20.24,2026-01-08,20:14:41
736,865.124.307-35,046.157.823-90,Pagamento,4.46,2026-01-26,20:57:28
4111,147.529.380-14,479.028.536-74,Pagamento,41.63,2026-01-14,15:37:25
309,790.314.562-25,760.481.293-78,Pagamento,58.01,2026-01-03,13:33:39
3513,973.125.408-05,301.274.698-69,Pix Recebido,10.08,2026-01-20,18:29:23
807,621.973.504-80,356.810.749-00,Saque Pix,50.66,2026-01-26,19:34:01
4007,194.583.260-60,031.794.582-32,Pagamento,31.24,2026-01-08,22:28:50
5190,432.069.581-05,258.340.619-15,Pix Enviado,500,2026-01-22,14:03:11
1879,695.132.704-16,235.879.640-92,Transferência,40.61,2026-01-27,21:12:19
3293,513.480.629-24,760.481.293-78,Pix Recebido,77.4,2026-01-20,22:38:10
4994,104.927.683-31,496.081.753-48,Pagamento,27.94,2026-01-03,18:03:41
376,716.983.054-00,378.124.690-69,Pix Enviado,55.76,2026-01-02,19:12:09
890,045.927.163-61,062.371.594-52,Pagamento,49.62,2026-01-04,19:03:48
2523,356.810.749-00,261.430.597-99,Pix Recebido,29.39,2026-01-29,06:49:16
50,497.025.613-61,605.283.497-83,Pix Enviado,70.33,2026-01-27,12:20:31
618,851.249.036-51,251.089.473-05,Pix Enviado,128.31,2026-01-31,16:33:38
2205,617.945.023-43,730.458.921-32,Saque Pix,18.81,2026-01-29,15:46:49
2986,726.043.958-00,865.124.307-35,Pix Enviado,29.27,2026-01-07,16:18:00
3819,159.062.437-80,296.518.073-77,Pix Enviado,56.19,2026-01-01,11:18:36
3899,164.728.503-80,465.273.108-62,Pagamento,21.24,2026-01-01,15:11:09
2886,062.371.594-52,761.540.389-84,Saque Pix,10.27,2026-01-17,22:35:03
581,892.053.741-05,708.263.914-78,Pix Enviado,58.04,2026-01-16,17:51:10
4861,072.184.659-94,908.617.235-03,Pix Enviado,30.41,2026-01-04,22:21:40
2972,906.432.781-50,682.314.079-87,Pix Enviado,63.78,2026-01-01,06:08:14
2072,403.298.175-23,104.736.958-39,Pix Recebido,95.84,2026-01-10,08:40:03
1089,659.438.017-66,095.126.384-60,Pix Recebido,53.65,2026-01-04,09:36:00
4544,219.347.805-88,543.612.807-62,Saque Pix,49.05,2026-01-30,02:56:44
4620,431.026.795-52,149.072.865-11,Saque Pix,1.49,2026-01-14,08:34:52
2974,321.075.869-77,069.251.738-30,Pix Enviado,81.9,2026-01-27,08:03:23
272,180.645.723-71,120.985.436-89,Pix Enviado,220.45,2026-01-21,08:38:35
2662,851.672.349-64,367.158.024-08,Pagamento,31.91,2026-01-11,12:33:59
1392,127.063.948-03,392.061.754-16,Pix Recebido,62.02,2026-01-25,05:52:57
3892,126.735.894-73,786.923.540-74,Pix Recebido,99.6,2026-01-16,22:26:07
1822,302.987.451-60,467.395.081-00,Pagamento,39.31,2026-01-16,16:05:36
4989,813.729.654-91,695.132.704-16,Pix Recebido,15.14,2026-01-11,19:18:44
2561,063.418.279-03,624.158.397-28,Pix Recebido,10.25,2026-01-09,17:47:53
4531,362.794.051-25,602.975.148-49,Saque Pix,33.43,2026-01-10,09:49:34
417,165.270.834-08,195.364.028-15,Pix Enviado,246.35,2026-01-17,20:03:47
485,790.138.246-50,509.127.834-60,Saque Pix,8.55,2026-01-22,18:29:48
2415,659.438.702-29,726.043.958-00,Pagamento,23.01,2026-01-11,06:15:12
4591,790.138.246-50,405.623.871-53,Pagamento,39.78,2026-01-24,15:19:35
4265,325.769.084-38,306.871.524-53,Transferência,39.64,2026-01-08,14:46:40
4699,127.063.948-03,834.062.951-42,Pix Recebido,20.4,2026-01-22,17:48:26
1504,635.492.107-52,364.751.092-07,Transferência,42.54,2026-01-01,16:27:43
439,632.549.807-00,756.231.089-03,Transferência,5.09,2026-01-28,07:27:19
3836,235.879.640-92,198.073.462-31,Pix Enviado,15.67,2026-01-21,07:58:31
4375,312.689.475-55,874.510.369-01,Pix Recebido,25.18,2026-01-14,12:05:25
2232,465.273.108-62,790.864.213-69,Pagamento,41.36,2026-01-05,20:12:32
4045,630.459.872-65,657.413.290-80,Pagamento,63.75,2026-01-23,16:52:45
3283,285.793.146-82,740.268.135-17,Pix Recebido,55.23,2026-01-26,06:06:00
43,812.540.796-02,201.479.685-85,Pagamento,13.19,2026-01-29,19:40:22
4910,465.902.381-89,736.541.829-09,Transferência,133.15,2026-01-13,10:21:31
2108,387.596.024-65,810.723.956-30,Saque Pix,221.76,2026-01-30,19:32:46
2464,539.867.201-03,829.361.574-55,Pix Enviado,32.49,2026-01-11,06:18:55
4913,137.268.905-21,180.645.723-71,Saque Pix,8.45,2026-01-17,15:12:05
4387,023.157.896-21,081.254.963-51,Saque Pix,78.15,2026-01-08,06:47:15
2107,204.596.718-20,603.458.791-39,Pagamento,40.63,2026-01-09,19:47:12
3236,209.851.367-40,782.914.356-00,Pix Recebido,48.18,2026-01-12,14:38:37
2227,853.612.094-06,524.963.071-52,Pix Enviado,15.92,2026-01-23,15:30:48
5145,841.670.395-75,243.587.609-29,Pix Enviado,1000,2026-01-23,17:14:46
806,403.182.657-53,147.638.250-62,Pix Enviado,15.39,2026-01-18,06:34:16
4465,024.157.986-49,932.768.045-65,Pix Enviado,133.78,2026-01-23,16:02:37
1238,913.540.827-88,923.150.784-23,Saque Pix,19.39,2026-01-11,15:35:15
26,749.326.150-43,360.479.185-57,Transferência,80.87,2026-01-05,17:55:57
1423,904.586.321-98,469.013.275-52,Pagamento,113.08,2026-01-13,12:52:22
1924,730.458.921-32,138.470.659-39,Pagamento,56.96,2026-01-26,20:06:02
2770,580.364.297-56,821.043.657-08,Pix Enviado,51.1,2026-01-25,07:38:35
2757,568.790.312-77,294.867.315-19,Pix Enviado,73.15,2026-01-14,15:03:47
544,309.821.576-30,497.025.613-61,Saque Pix,157.83,2026-01-23,08:24:57
2413,913.540.827-88,682.314.079-87,Pix Enviado,40.28,2026-01-21,07:22:48
4488,471.953.820-79,321.075.869-77,Pix Enviado,10.78,2026-01-10,17:35:24
3187,120.985.436-89,209.814.765-11,Pagamento,11.2,2026-01-13,16:14:31
3887,465.902.381-89,467.935.201-99,Saque Pix,13.1,2026-01-01,20:40:13
2118,657.413.290-80,587.623.149-55,Transferência,13.95,2026-01-13,23:57:26
2695,426.789.013-78,695.132.704-16,Pagamento,29.42,2026-01-12,07:02:58
2507,329.140.657-52,230.541.986-42,Transferência,78.36,2026-01-19,15:33:37
4696,294.867.315-19,815.437.906-66,Pix Enviado,50.49,2026-01-10,06:35:37
4096,518.746.029-30,809.352.671-40,Pagamento,22.57,2026-01-02,16:47:22
1655,648.905.137-01,821.043.657-08,Pix Enviado,32.88,2026-01-09,09:35:47
4623,529.607.843-83,109.867.534-75,Saque Pix,21.83,2026-01-08,14:28:40
3474,356.810.749-00,279.683.410-78,Pix Enviado,12.44,2026-01-27,19:59:48
689,418.326.590-89,362.794.051-25,Pix Recebido,11.82,2026-01-22,20:19:12
486,206.791.835-40,136.258.904-70,Saque Pix,121.62,2026-01-03,16:33:41
835,624.158.397-28,730.458.921-32,Transferência,89.08,2026-01-07,18:31:53
2411,423.079.615-34,834.062.951-42,Saque Pix,54.06,2026-01-29,11:12:38
2925,826.043.157-26,631.892.540-60,Pix Recebido,57.21,2026-01-29,03:06:44
4503,427.150.893-41,206.791.835-40,Pix Recebido,2.33,2026-01-13,04:05:35
83,740.356.819-20,954.867.201-49,Pagamento,42.0,2026-01-14,13:49:32
2132,467.935.201-99,309.821.576-30,Saque Pix,53.93,2026-01-04,14:49:14
1914,107.563.284-62,325.769.084-38,Pagamento,21.84,2026-01-19,18:00:38
4538,549.386.270-00,784.351.690-57,Pagamento,13.02,2026-01-01,10:31:07
3479,035.978.642-10,024.561.793-07,Pix Enviado,17.7,2026-01-09,08:38:50
5131,830.927.461-04,163.905.784-66,Pix Enviado,115.41,2026-01-03,09:47:00
3628,175.602.348-44,826.510.937-77,Pix Enviado,65.55,2026-01-29,18:46:55
2307,059.872.634-92,164.753.029-61,Pagamento,9.18,2026-01-27,02:15:13
1328,715.036.498-57,736.541.829-09,Transferência,17.85,2026-01-01,16:06:44
328,540.873.916-39,782.914.356-00,Saque Pix,104.55,2026-01-21,09:31:01
3606,137.058.694-93,079.652.148-49,Transferência,20.41,2026-01-11,06:24:54
370,602.975.148-49,906.432.781-50,Pix Enviado,24.67,2026-01-09,08:17:31
3643,705.261.389-12,497.025.613-61,Saque Pix,95.45,2026-01-18,19:19:47
1593,790.864.213-69,190.576.328-02,Pix Recebido,71.54,2026-01-09,16:50:42
711,613.924.875-28,842.967.503-56,Transferência,36.59,2026-01-27,01:36:45
1975,479.156.832-09,690.582.174-85,Pagamento,22.77,2026-01-31,16:47:42
3787,104.927.683-31,498.635.072-29,Pagamento,24.18,2026-01-27,20:11:38
1794,904.586.321-98,036.571.248-53,Pix Recebido,8.82,2026-01-04,16:17:23
230,736.541.829-09,120.985.436-89,Pix Recebido,26.02,2026-01-20,08:07:55
4957,950.431.628-05,497.025.613-61,Pix Enviado,59.1,2026-01-24,03:18:29
3733,047.359.216-99,764.051.298-02,Transferência,166.05,2026-01-16,00:54:42
3893,920.863.174-50,264.708.951-58,Pix Recebido,62.9,2026-01-14,20:59:59
456,862.059.741-85,540.873.916-39,Transferência,15.71,2026-01-07,21:01:46
3313,247.159.863-37,940.627.158-30,Pix Enviado,356.06,2026-01-03,08:37:39
3072,347.509.162-34,495.327.081-97,Pix Recebido,92.44,2026-01-10,22:43:32
2477,627.453.189-00,853.612.094-06,Transferência,3.04,2026-01-31,10:11:18
3120,408.259.671-20,145.370.268-71,Transferência,91.44,2026-01-02,12:09:29
3864,921.346.750-80,147.638.250-62,Transferência,48.62,2026-01-21,09:42:56
1915,954.731.820-97,307.815.642-71,Transferência,47.83,2026-01-15,02:39:55
872,149.072.865-11,186.472.509-58,Transferência,32.17,2026-01-08,10:14:30
392,387.190.524-05,760.481.293-78,Pix Recebido,28.46,2026-01-16,14:06:38
3604,809.352.671-40,916.327.540-61,Pagamento,16.13,2026-01-06,10:45:49
315,365.182.970-77,340.572.189-04,Saque Pix,5.97,2026-01-02,23:35:50
1270,376.920.158-21,809.352.671-40,Transferência,12.86,2026-01-18,08:18:29
1918,602.138.497-04,678.925.134-00,Saque Pix,69.73,2026-01-13,11:45:28
4481,035.978.642-10,862.059.741-85,Pix Recebido,15.69,2026-01-05,13:07:17
3620,603.124.987-13,385.614.290-89,Pagamento,29.06,2026-01-27,11:08:14
1302,901.527.634-06,124.765.890-20,Pix Recebido,13.47,2026-01-23,17:36:21
2033,736.902.184-03,682.314.079-87,Pagamento,8.1,2026-01-19,12:38:26
2289,025.167.489-49,073.852.491-32,Pagamento,226.3,2026-01-13,22:31:42
5138,261.385.409-05,715.046.938-84,Pix Enviado,102.3,2026-01-13,22:48:00
2897,784.952.361-09,603.458.791-39,Transferência,34.91,2026-01-30,07:27:12
1656,379.206.814-13,946.572.813-64,Pix Enviado,79.24,2026-01-31,14:32:30
2421,378.124.690-69,648.905.137-01,Pix Enviado,55.05,2026-01-18,02:46:32
3926,613.924.875-28,821.476.305-35,Saque Pix,88.42,2026-01-31,07:57:40
2490,908.617.235-03,206.189.473-96,Pagamento,829.1,2026-01-30,23:56:36
4130,042.167.385-08,395.127.680-03,Saque Pix,53.1,2026-01-21,12:25:35
4898,165.270.834-08,387.596.024-65,Saque Pix,41.05,2026-01-23,15:50:59
3740,815.274.369-00,608.471.239-87,Saque Pix,84.21,2026-01-01,10:51:36
1517,062.371.594-52,539.867.201-03,Transferência,31.88,2026-01-03,18:40:27
52,294.357.081-88,543.612.807-62,Transferência,46.53,2026-01-27,19:56:14
3842,690.582.174-85,204.563.198-24,Transferência,8.58,2026-01-06,10:06:10
3197,395.671.042-80,913.086.257-40,Pagamento,4.75,2026-01-10,19:10:36
1703,534.106.978-10,736.425.198-73,Transferência,77.39,2026-01-04,08:28:15
5162,073.142.965-61,306.175.294-34,Pix Enviado,500,2026-01-31,12:03:38
4442,729.835.106-03,235.879.640-92,Saque Pix,46.19,2026-01-01,08:45:38
1610,705.924.186-85,641.305.897-84,Saque Pix,63.06,2026-01-29,21:21:49
4082,908.617.235-03,736.902.184-03,Saque Pix,74.48,2026-01-02,18:40:32
3221,137.058.694-93,036.571.248-53,Transferência,56.21,2026-01-28,06:34:05
1234,160.592.478-49,180.645.723-71,Pagamento,15.47,2026-01-01,10:56:50
378,728.045.693-65,495.327.081-97,Pix Enviado,10.61,2026-01-05,23:53:34
4102,269.705.413-80,063.418.279-03,Transferência,422.46,2026-01-13,09:08:32
1798,521.463.087-53,267.940.315-07,Pagamento,22.35,2026-01-18,08:09:16
3048,238.164.507-17,493.710.526-43,Pix Enviado,28.72,2026-01-19,23:40:43
902,498.630.715-01,605.432.978-29,Pagamento,16.62,2026-01-20,01:50:58
164,728.045.693-65,413.589.027-04,Pagamento,27.02,2026-01-08,07:15:49
25,936.807.412-78,842.967.503-56,Transferência,72.38,2026-01-11,21:36:14
591,684.512.790-58,247.186.530-53,Pix Recebido,16.91,2026-01-30,11:17:40
1142,386.452.079-74,657.408.913-10,Pagamento,3.36,2026-01-10,19:12:00
1668,465.273.108-62,874.361.592-91,Pagamento,64.02,2026-01-31,20:52:53
5072,852.976.043-38,817.945.036-84,Pix Enviado,259.07,2026-01-03,14:40:00
3500,180.645.723-71,014.386.759-84,Saque Pix,28.13,2026-01-01,08:03:36
16,285.793.146-82,815.274.369-00,Transferência,169.19,2026-01-27,16:36:56
899,127.063.948-03,570.349.681-01,Pix Recebido,135.94,2026-01-06,19:36:34
270,215.439.087-05,706.384.125-44,Saque Pix,22.21,2026-01-25,07:37:49
1061,659.438.702-29,062.371.594-52,Pagamento,88.03,2026-01-13,15:14:41
4614,829.361.705-59,904.586.321-98,Pix Recebido,10.98,2026-01-07,21:43:38
1133,439.675.218-00,679.184.025-02,Transferência,19.55,2026-01-30,17:43:18
568,835.460.719-48,274.351.069-25,Pix Enviado,83.25,2026-01-15,18:16:36
766,103.426.978-03,509.476.138-20,Pix Enviado,20.31,2026-01-14,16:00:36
3013,790.562.348-38,496.081.753-48,Pagamento,49.61,2026-01-28,23:56:30
3041,586.142.937-55,418.326.590-89,Saque Pix,60.41,2026-01-08,12:18:55
4802,204.563.198-24,571.039.846-20,Pagamento,59.09,2026-01-13,16:43:12
2212,698.405.127-49,753.081.629-21,Pagamento,12.05,2026-01-07,09:14:22
3095,350.298.164-70,617.945.023-43,Pix Enviado,498.02,2026-01-22,21:44:01
4927,538.164.790-57,274.083.165-07,Transferência,2.66,2026-01-08,22:56:51
3689,195.742.360-99,624.158.397-28,Pagamento,24.24,2026-01-23,20:41:04
292,705.612.893-95,641.305.897-84,Transferência,73.14,2026-01-18,21:00:58
5009,418.672.593-46,789.465.312-82,Pix Enviado,139.21,2026-01-22,14:19:00
4798,682.314.079-87,356.810.749-00,Pix Enviado,2.57,2026-01-06,12:35:19
639,294.867.315-19,635.092.714-16,Pix Enviado,10.85,2026-01-11,08:11:51
382,175.084.369-20,790.562.348-38,Transferência,6.3,2026-01-09,22:57:04
2060,603.124.987-13,695.172.430-06,Transferência,186.13,2026-01-30,10:43:31
2300,723.504.691-07,526.831.497-19,Pix Enviado,49.45,2026-01-19,12:28:04
5156,268.079.541-58,931.064.825-24,Pix Enviado,100,2026-01-12,09:28:53
5194,432.069.581-05,791.328.405-60,Pix Enviado,500,2026-01-02,17:11:12
1872,175.602.348-44,325.841.760-17,Saque Pix,13.4,2026-01-02,08:53:49
5167,073.142.965-61,014.823.576-07,Pix Enviado,500,2026-01-21,14:23:44
3685,408.259.671-20,635.092.714-16,Pix Recebido,154.91,2026-01-03,20:19:08
2613,936.807.412-78,512.398.047-41,Transferência,36.8,2026-01-15,20:10:07
2135,874.510.369-01,825.074.691-02,Pix Enviado,10.93,2026-01-10,11:44:44
4323,403.182.657-53,851.672.349-64,Transferência,8.16,2026-01-23,18:29:35
2765,340.892.756-10,506.924.781-67,Saque Pix,325.29,2026-01-15,15:21:29
2449,267.940.315-07,602.138.497-04,Pix Recebido,62.2,2026-01-05,18:36:26
2134,673.185.204-07,294.867.315-19,Saque Pix,170.96,2026-01-09,18:31:08
624,192.358.604-15,687.203.154-90,Pagamento,86.24,2026-01-27,14:18:25
5207,978.650.312-03,932.718.460-22,Pix Enviado,19608.78,2026-01-03,02:42:59
2103,726.043.958-00,730.458.921-32,Pix Enviado,79.65,2026-01-02,15:00:05
2,701.326.548-90,539.867.201-03,Pix Enviado,10.27,2026-01-27,19:23:53
2368,450.971.386-00,786.923.540-74,Saque Pix,6.6,2026-01-03,22:51:41
3182,951.380.274-41,678.592.401-49,Transferência,41.06,2026-01-05,08:14:21
2209,634.510.872-35,310.748.562-44,Transferência,134.65,2026-01-25,09:20:55
1885,941.267.358-28,127.063.948-03,Transferência,31.54,2026-01-24,12:41:38
5024,693.415.728-19,159.043.287-88,Pix Enviado,148.12,2026-01-25,17:02:00
4602,630.459.872-65,659.438.017-66,Pagamento,77.88,2026-01-21,16:30:26
1870,695.132.704-16,392.061.754-16,Pagamento,47.75,2026-01-12,21:13:35
5177,306.927.145-61,843.076.192-69,Pix Enviado,1500,2026-01-09,23:41:27
1563,059.412.638-05,493.710.526-43,Transferência,55.41,2026-01-21,22:16:06
4423,570.349.681-01,459.102.768-67,Transferência,358.83,2026-01-08,18:19:21
5216,273.568.490-38,069.731.482-04,Pix Enviado,16119.34,2026-01-23,02:05:25
6,498.635.072-29,692.081.374-22,Pagamento,195.9,2026-01-23,18:16:07
775,145.370.268-71,835.460.719-48,Pix Recebido,13.22,2026-01-05,02:52:19
3407,291.806.534-05,641.305.897-84,Saque Pix,39.27,2026-01-24,10:55:35
237,185.324.697-28,164.753.029-61,Saque Pix,50.47,2026-01-27,18:33:05
1758,059.412.638-05,195.364.028-15,Transferência,21.68,2026-01-12,14:54:16
3065,867.945.301-39,587.623.149-55,Pagamento,32.79,2026-01-25,17:32:23
3468,913.025.468-05,073.852.491-32,Saque Pix,7.05,2026-01-10,08:14:54
774,423.079.615-34,908.216.743-31,Pagamento,50.38,2026-01-02,21:49:26
729,613.924.875-28,023.157.896-21,Pix Recebido,16.64,2026-01-24,21:48:16
3868,695.172.430-06,728.645.103-08,Saque Pix,26.13,2026-01-09,00:43:24
1841,873.645.201-71,294.631.805-24,Pix Enviado,184.77,2026-01-13,09:32:41
3959,540.873.916-39,358.709.642-29,Transferência,17.15,2026-01-03,13:46:04
4363,435.721.906-06,401.956.283-06,Transferência,27.3,2026-01-29,06:52:59
300,378.124.690-69,784.952.361-09,Pix Recebido,8.68,2026-01-09,09:51:39
4799,921.346.750-80,865.124.307-35,Pagamento,16.18,2026-01-07,18:10:50
331,815.437.906-66,187.042.693-22,Transferência,29.82,2026-01-23,22:30:03
4472,501.936.428-24,524.963.071-52,Saque Pix,40.67,2026-01-23,08:39:06
4655,967.528.304-10,340.892.756-10,Transferência,24.38,2026-01-13,09:03:27
4242,379.206.814-13,543.612.807-62,Saque Pix,35.53,2026-01-12,21:44:22
656,621.973.504-80,456.201.389-33,Saque Pix,33.53,2026-01-20,01:44:29
53,194.583.260-60,209.814.765-11,Transferência,147.76,2026-01-27,15:23:35
58,403.182.657-53,657.408.913-10,Pix Enviado,68.97,2026-01-01,06:27:36
1408,780.351.926-12,526.831.497-19,Transferência,26.81,2026-01-02,13:28:37
3362,593.716.824-00,401.956.283-06,Pix Enviado,44.34,2026-01-06,06:43:19
914,063.418.279-03,046.157.823-90,Saque Pix,58.89,2026-01-24,19:44:51
4444,635.092.714-16,561.379.248-82,Saque Pix,21.23,2026-01-17,17:38:04
4284,193.674.528-37,031.794.582-32,Saque Pix,27.26,2026-01-24,12:51:39
4201,923.150.784-23,815.437.906-66,Pix Enviado,40.8,2026-01-25,21:29:01
2077,513.480.629-24,214.068.397-87,Pix Recebido,8.39,2026-01-12,17:53:47
1118,325.479.061-80,749.326.150-43,Pix Recebido,82.15,2026-01-04,12:36:45
3612,892.053.741-05,609.837.421-03,Pagamento,62.81,2026-01-27,13:53:25
3844,062.371.594-52,187.042.693-22,Saque Pix,22.64,2026-01-10,23:26:42
3854,496.081.753-48,264.983.571-00,Pix Enviado,582.58,2026-01-09,07:17:56
3032,705.261.389-12,630.459.872-65,Transferência,9.08,2026-01-21,06:37:27
5154,268.079.541-58,540.896.217-20,Pix Enviado,100,2026-01-18,18:46:57
3505,635.092.714-16,852.391.647-46,Pix Enviado,21.66,2026-01-27,16:43:10
2560,593.106.728-03,825.074.691-02,Pix Recebido,10.34,2026-01-09,09:37:16
1001,180.645.723-71,401.956.283-06,Pagamento,12.37,2026-01-06,13:34:14
2768,531.760.428-17,635.092.714-16,Pix Recebido,52.02,2026-01-19,14:19:40
1878,784.351.690-57,329.168.470-22,Saque Pix,121.03,2026-01-18,19:12:29
2677,397.614.280-87,957.634.182-55,Saque Pix,33.85,2026-01-06,15:47:19
2432,586.793.402-00,350.276.184-17,Transferência,32.23,2026-01-08,10:54:34
1671,450.971.386-00,025.167.489-49,Pix Recebido,10.18,2026-01-02,05:36:33
1571,195.364.028-15,456.201.389-33,Pagamento,38.97,2026-01-30,19:54:17
2852,072.184.659-94,506.924.781-67,Pix Recebido,18.47,2026-01-26,21:02:37
1848,341.906.587-66,362.794.051-25,Pix Enviado,58.27,2026-01-23,06:34:54
573,194.583.260-60,871.543.069-39,Pix Enviado,109.33,2026-01-01,22:28:42
450,274.083.165-07,632.549.807-00,Saque Pix,73.55,2026-01-01,10:22:00
4177,780.364.952-10,285.734.960-29,Pagamento,63.24,2026-01-25,19:28:21
3757,698.031.452-15,736.541.829-09,Pagamento,9.38,2026-01-29,15:21:28
275,957.634.182-55,851.672.349-64,Pix Recebido,60.55,2026-01-17,23:10:52
2006,621.973.504-80,435.721.906-06,Pix Enviado,1.39,2026-01-15,18:39:58
397,529.607.843-83,206.791.835-40,Pix Enviado,16.26,2026-01-23,10:19:09
2759,427.150.893-41,247.159.863-37,Pix Recebido,83.66,2026-01-28,15:00:04
2136,763.298.045-83,587.623.149-55,Pagamento,24.16,2026-01-16,21:12:45
1682,039.285.471-60,310.748.562-44,Transferência,23.21,2026-01-18,14:15:14
4062,104.927.683-31,613.924.875-28,Transferência,36.81,2026-01-31,11:19:42
1018,813.729.654-91,296.518.073-77,Pagamento,127.19,2026-01-11,14:05:25
2857,194.867.250-20,932.768.045-65,Saque Pix,143.27,2026-01-13,16:21:54
3124,954.731.820-97,325.769.084-38,Pix Enviado,62.76,2026-01-19,10:04:40
2234,435.721.906-06,612.930.578-86,Transferência,4.43,2026-01-08,21:57:06
4597,826.043.157-26,341.586.027-26,Pagamento,839.76,2026-01-22,18:03:24
4027,068.427.953-38,321.075.869-77,Transferência,33.05,2026-01-21,10:29:25
3431,865.124.307-35,214.068.397-87,Saque Pix,31.06,2026-01-25,09:02:23
2635,381.462.795-46,291.806.534-05,Transferência,110.91,2026-01-07,20:49:27
1922,385.614.290-89,749.326.150-43,Pix Recebido,1.97,2026-01-09,21:59:22
4194,476.018.539-93,695.172.430-06,Pagamento,297.78,2026-01-20,13:18:24
1184,468.523.917-28,109.874.632-50,Pagamento,41.26,2026-01-05,07:05:27
148,367.158.024-08,782.914.356-00,Saque Pix,160.56,2026-01-25,20:57:56
3494,635.492.107-52,341.586.027-26,Saque Pix,34.22,2026-01-29,16:38:03
193,730.458.921-32,036.295.174-80,Pix Enviado,81.37,2026-01-24,07:55:43
4986,476.018.539-93,653.817.209-12,Pix Enviado,16.66,2026-01-08,10:43:50
1249,095.126.384-60,089.647.251-58,Saque Pix,1.52,2026-01-07,10:21:13
3700,652.184.037-17,329.168.470-22,Pix Enviado,17.42,2026-01-19,18:39:58
4579,612.930.578-86,842.967.503-56,Pix Enviado,23.82,2026-01-13,12:45:43
2412,325.841.760-17,867.945.301-39,Pix Enviado,49.97,2026-01-11,09:51:33
4998,304.752.186-71,570.349.681-01,Pagamento,13.38,2026-01-03,17:13:10
2679,862.059.741-85,826.549.370-38,Saque Pix,2.14,2026-01-17,15:45:30
3115,821.476.305-35,164.753.029-61,Pagamento,64.73,2026-01-28,21:18:17
2105,603.458.791-39,921.346.750-80,Pix Enviado,41.61,2026-01-07,17:37:48
1095,874.510.369-01,890.715.642-58,Pix Recebido,12.83,2026-01-05,18:23:07
1619,648.905.137-01,810.792.435-50,Pix Recebido,43.34,2026-01-08,18:12:17
198,024.157.986-49,498.635.072-29,Pix Enviado,1.58,2026-01-23,06:33:10
4587,798.130.564-01,925.164.708-94,Pix Recebido,279.47,2026-01-18,17:35:30
2568,568.790.312-77,386.452.079-74,Pix Recebido,11.12,2026-01-14,21:15:04
946,705.261.389-12,059.243.876-74,Saque Pix,13.33,2026-01-08,19:07:00
4406,475.690.821-76,413.589.027-04,Saque Pix,13.66,2026-01-02,10:27:35
2213,743.619.025-34,873.645.201-71,Pix Enviado,11.2,2026-01-03,11:15:11
4479,786.923.540-74,304.752.186-71,Pix Recebido,21.44,2026-01-16,11:42:42
2797,304.817.652-71,641.305.897-84,Pagamento,23.68,2026-01-12,21:52:28
2039,180.645.723-71,165.270.834-08,Pix Enviado,184.74,2026-01-12,14:01:48
2492,496.081.753-48,856.047.923-65,Pagamento,9.35,2026-01-24,13:57:39
4057,826.549.370-38,659.438.017-66,Pix Enviado,6.18,2026-01-02,08:41:32
416,936.812.507-40,079.652.148-49,Pix Recebido,22.72,2026-01-30,09:18:38
2697,538.420.697-74,356.810.749-00,Pagamento,37.08,2026-01-14,12:01:57
4295,726.043.958-00,045.927.163-61,Pagamento,52.82,2026-01-22,07:16:33
5195,432.069.581-05,613.954.207-34,Pix Enviado,500,2026-01-20,13:01:52
3703,701.326.548-90,648.905.137-01,Transferência,91.13,2026-01-24,07:01:47
893,603.219.485-05,089.647.251-58,Pix Enviado,212.08,2026-01-14,11:37:40
5094,180.974.253-60,901.387.425-88,Pix Enviado,238.58,2026-01-13,22:29:00
3768,187.042.693-22,186.472.509-58,Pix Recebido,65.63,2026-01-17,18:15:22
1267,340.892.756-10,892.053.741-05,Saque Pix,7.24,2026-01-08,19:38:00
2871,853.421.096-98,790.314.562-25,Pix Enviado,147.22,2026-01-01,16:17:14
3340,187.042.693-22,089.647.251-58,Saque Pix,15.66,2026-01-31,08:02:57
4743,385.614.290-89,198.073.462-31,Pix Recebido,17.69,2026-01-26,21:47:22
1224,015.493.768-10,531.760.428-17,Saque Pix,18.9,2026-01-17,17:49:20
4788,294.357.081-88,046.157.823-90,Saque Pix,22.18,2026-01-02,10:44:43
4535,285.360.941-33,175.084.369-20,Pix Recebido,125.58,2026-01-13,08:33:53
4063,961.253.704-61,653.817.209-12,Pix Enviado,269.21,2026-01-24,10:02:57
464,310.748.562-44,189.374.560-01,Transferência,22.03,2026-01-20,20:44:34
4721,509.127.834-60,136.258.904-70,Saque Pix,16.75,2026-01-25,18:11:23
2716,358.274.160-53,945.217.380-79,Pix Enviado,16.09,2026-01-04,15:55:42
494,195.730.482-05,513.480.629-24,Pagamento,95.69,2026-01-28,20:09:53
1642,186.472.509-58,826.045.791-11,Saque Pix,15.81,2026-01-18,05:11:30
97,740.356.819-20,403.182.657-53,Transferência,10.47,2026-01-12,15:41:21
345,631.892.540-60,109.874.632-50,Transferência,37.17,2026-01-27,20:21:33
827,852.391.647-46,913.540.827-88,Pix Enviado,13.3,2026-01-15,13:56:30
1269,695.172.430-06,401.956.283-06,Pagamento,12.58,2026-01-05,20:33:27
3014,874.361.592-91,960.215.837-95,Transferência,10.46,2026-01-10,00:23:50
4252,763.298.045-83,574.190.283-97,Transferência,8.09,2026-01-03,23:34:03
5147,813.924.506-24,471.982.065-49,Pix Enviado,100,2026-01-13,21:53:00
4341,321.075.869-77,634.510.872-35,Transferência,16.16,2026-01-18,07:31:50
2115,274.351.069-25,462.178.059-01,Saque Pix,833.49,2026-01-18,22:31:46
2908,046.157.823-90,901.527.634-06,Pix Enviado,81.79,2026-01-22,18:52:41
1525,631.892.540-60,435.721.906-06,Transferência,16.19,2026-01-06,08:08:50
2865,648.905.137-01,109.276.345-70,Transferência,14.72,2026-01-16,08:31:28
5078,852.976.043-38,721.396.084-96,Pix Enviado,203.57,2026-01-03,14:40:00
4169,602.975.148-49,941.267.358-28,Pix Recebido,142.8,2026-01-02,08:28:49
3096,256.731.904-25,201.479.685-85,Pagamento,9.01,2026-01-05,16:40:59
3751,726.480.359-74,047.359.216-99,Transferência,8.0,2026-01-02,07:11:53
701,698.405.127-49,529.607.843-83,Pagamento,18.18,2026-01-27,21:20:43
2466,209.814.765-11,195.742.360-99,Pagamento,60.19,2026-01-28,11:55:49
3763,329.168.470-22,753.206.498-00,Pagamento,129.34,2026-01-05,21:39:31
4895,059.872.634-92,713.904.628-03,Saque Pix,88.77,2026-01-06,08:44:05
1123,901.527.634-06,538.164.790-57,Pix Enviado,490.86,2026-01-06,12:26:12
801,104.927.683-31,630.459.872-65,Saque Pix,135.39,2026-01-16,13:19:38
2359,521.463.087-53,215.439.087-05,Transferência,77.26,2026-01-18,08:57:01
587,924.516.087-49,420.156.983-70,Saque Pix,18.51,2026-01-28,21:21:48
5055,175.289.346-82,859.237.641-64,Pix Enviado,239.38,2026-01-12,18:15:00
708,926.317.048-78,312.689.475-55,Pagamento,10.13,2026-01-25,06:20:10
3278,068.427.953-38,426.958.073-92,Pix Recebido,4.88,2026-01-24,20:05:29
2993,369.418.702-22,403.182.657-53,Pix Recebido,51.29,2026-01-01,09:20:14
3637,812.540.796-02,698.405.127-49,Saque Pix,36.9,2026-01-03,20:58:57
4029,853.612.094-06,613.924.875-28,Pix Recebido,152.56,2026-01-11,10:21:57
575,627.453.189-00,867.945.301-39,Pix Enviado,224.95,2026-01-20,12:22:30
2322,605.432.978-29,041.837.625-53,Pagamento,14.44,2026-01-14,19:39:21
2957,605.283.497-83,059.872.634-92,Pagamento,118.81,2026-01-05,21:05:44
402,359.410.728-05,867.429.153-82,Pix Enviado,19.58,2026-01-25,23:15:03
3895,608.471.239-87,014.386.759-84,Pagamento,6.43,2026-01-21,23:38:36
1790,209.814.765-11,603.184.597-01,Pix Enviado,17.79,2026-01-05,13:42:19
3917,190.576.328-02,729.365.418-91,Pix Recebido,5.26,2026-01-20,02:58:54
4952,705.261.389-12,603.458.791-39,Transferência,929.64,2026-01-22,18:58:24
3972,813.729.654-91,286.471.950-94,Saque Pix,5.67,2026-01-30,23:37:47
2699,127.063.948-03,251.089.473-05,Transferência,40.14,2026-01-23,23:28:55
2977,291.806.534-05,398.615.420-51,Pagamento,14.94,2026-01-01,16:30:08
4051,957.634.182-55,780.351.926-12,Pagamento,45.89,2026-01-25,08:16:07
1262,238.164.507-17,104.736.958-39,Pix Enviado,61.9,2026-01-10,07:01:39
1147,710.385.264-26,657.039.128-30,Pix Recebido,489.95,2026-01-11,07:13:39
3563,059.412.638-05,521.463.087-53,Pix Recebido,56.91,2026-01-05,06:36:19
2991,842.063.951-60,842.063.951-60,Pix Recebido,28.87,2026-01-03,07:23:26
241,362.504.978-38,908.617.235-03,Saque Pix,140.49,2026-01-30,15:16:30
2198,705.924.186-85,059.412.638-05,Pix Enviado,44.13,2026-01-08,23:35:21
477,509.127.834-60,136.258.904-70,Transferência,21.36,2026-01-26,09:30:33
1169,760.481.293-78,042.167.385-08,Pagamento,8.11,2026-01-07,19:42:14
1222,039.856.271-77,230.541.986-42,Pix Recebido,116.74,2026-01-03,15:08:32
1939,548.190.372-50,369.418.702-22,Pix Enviado,2.66,2026-01-16,01:34:27
4780,063.418.279-03,195.730.482-05,Transferência,302.6,2026-01-04,14:03:44
2958,924.516.087-49,103.426.978-03,Pix Enviado,62.57,2026-01-01,15:50:17
1916,761.540.389-84,059.872.634-92,Pagamento,24.65,2026-01-04,06:22:30
4855,729.365.418-91,705.924.186-85,Transferência,13.25,2026-01-21,20:24:27
94,853.612.094-06,109.867.534-75,Transferência,27.58,2026-01-29,13:32:17
1644,462.178.059-01,107.563.284-62,Pix Recebido,16.37,2026-01-16,07:23:36
4978,185.324.697-28,251.089.473-05,Transferência,30.66,2026-01-11,11:44:43
877,397.614.280-87,617.945.023-43,Pagamento,277.47,2026-01-18,13:15:30
1085,829.361.705-59,509.127.834-60,Pix Recebido,52.44,2026-01-01,10:03:40
1641,694.378.510-93,741.609.852-11,Pix Recebido,122.21,2026-01-11,16:41:08
895,617.945.023-43,285.793.146-82,Saque Pix,43.13,2026-01-05,10:12:52
4163,439.675.218-00,397.614.280-87,Pix Recebido,40.08,2026-01-15,23:00:43
2372,856.047.923-65,524.963.071-52,Saque Pix,4.06,2026-01-14,08:13:19
4209,906.247.813-13,465.273.108-62,Saque Pix,14.36,2026-01-24,11:20:30
3289,435.721.906-06,395.127.680-03,Pagamento,9.91,2026-01-05,13:01:50
3044,321.894.760-03,462.178.059-01,Saque Pix,130.36,2026-01-27,07:10:41
3923,109.874.632-50,503.197.648-93,Pix Recebido,11.83,2026-01-03,11:20:56
513,815.274.369-00,285.360.941-33,Pix Recebido,17.85,2026-01-30,12:59:48
5209,256.873.419-19,632.845.790-10,Pix Enviado,7925.59,2026-01-25,03:22:31
3894,048.126.935-51,358.709.642-29,Transferência,12.26,2026-01-28,09:44:37
1518,384.795.206-47,469.013.275-52,Saque Pix,86.36,2026-01-27,07:39:19
3099,149.072.865-11,479.618.503-84,Pagamento,94.1,2026-01-11,08:46:41
4649,729.835.106-03,476.018.539-93,Pagamento,3.9,2026-01-17,10:14:19
4542,874.510.369-01,126.735.894-73,Saque Pix,171.11,2026-01-08,10:57:57
713,951.380.274-41,729.365.418-91,Pagamento,61.34,2026-01-19,09:52:39
937,609.483.725-83,498.635.072-29,Transferência,56.96,2026-01-26,20:17:38
3040,056.794.832-38,194.867.250-20,Pix Enviado,10.08,2026-01-17,06:28:10
29,630.459.872-65,621.973.504-80,Pix Recebido,8.71,2026-01-27,08:49:50
1513,521.487.369-73,657.039.128-30,Pagamento,19.1,2026-01-22,11:17:36
1550,285.734.960-29,923.150.784-23,Pix Recebido,13.23,2026-01-01,18:51:15
2204,431.026.795-52,360.479.185-57,Pix Recebido,199.99,2026-01-09,12:01:41
2086,605.279.138-12,138.470.659-39,Saque Pix,27.68,2026-01-05,01:42:36
4785,024.561.793-07,046.753.921-99,Saque Pix,77.66,2026-01-20,19:30:01
3076,072.584.613-53,194.867.250-20,Pix Enviado,24.73,2026-01-05,20:56:37
4206,279.683.410-78,186.472.509-58,Transferência,26.52,2026-01-26,18:20:57
4671,479.156.832-09,359.410.728-05,Pix Recebido,1.86,2026-01-14,18:07:52
5071,852.976.043-38,650.847.391-39,Pix Enviado,196.14,2026-01-03,14:40:00
3331,784.351.690-57,763.298.045-83,Transferência,47.93,2026-01-02,10:03:31
4983,087.649.321-50,209.814.765-11,Pix Enviado,95.48,2026-01-26,23:19:52
3721,810.792.435-50,713.904.628-03,Pix Enviado,4.5,2026-01-28,14:26:26
1313,549.386.270-00,957.634.182-55,Pix Enviado,69.22,2026-01-10,14:32:33
3948,784.952.361-09,867.429.153-82,Saque Pix,3.49,2026-01-01,11:14:23
958,261.430.597-99,753.081.629-21,Transferência,200.65,2026-01-10,21:24:57
4418,617.409.532-07,760.481.293-78,Pix Enviado,45.07,2026-01-29,20:38:20
3780,932.768.045-65,238.409.176-03,Saque Pix,7.85,2026-01-18,17:28:33
1243,341.906.587-66,503.197.648-93,Pagamento,11.24,2026-01-24,09:24:49
3370,315.297.648-82,538.420.697-74,Transferência,79.19,2026-01-18,19:28:37
873,059.872.634-92,203.195.784-88,Transferência,38.55,2026-01-24,23:32:11
2929,015.493.768-10,321.075.869-77,Saque Pix,16.46,2026-01-13,12:14:15
3353,521.487.369-73,215.084.693-42,Pix Enviado,119.21,2026-01-28,23:00:10
160,469.013.275-52,634.510.872-35,Pagamento,60.57,2026-01-28,14:38:55
3352,954.731.820-97,862.059.741-85,Pix Enviado,37.5,2026-01-08,21:26:07
3820,506.924.781-67,906.432.781-50,Pix Enviado,16.24,2026-01-16,20:50:30
3411,496.081.753-48,706.384.125-44,Transferência,93.81,2026-01-03,11:33:26
22,347.509.162-34,513.409.276-16,Pix Recebido,68.68,2026-01-11,06:45:46
4320,865.124.307-35,617.945.023-43,Pix Enviado,27.01,2026-01-31,22:29:09
3799,236.174.085-08,619.423.580-24,Pix Recebido,16.85,2026-01-01,15:22:01
2511,701.326.548-90,467.935.201-99,Transferência,15.36,2026-01-02,16:21:01
4767,906.247.813-13,285.793.146-82,Transferência,218.4,2026-01-05,22:12:57
2966,790.138.246-50,904.586.321-98,Saque Pix,6.24,2026-01-23,08:05:51
2182,904.586.321-98,204.563.198-24,Pix Enviado,19.3,2026-01-30,10:57:34
1245,274.351.069-25,635.092.714-16,Pix Recebido,19.42,2026-01-21,16:16:48
3460,160.592.478-49,145.370.268-71,Pagamento,3.61,2026-01-16,16:20:22
3192,215.084.693-42,341.586.027-26,Transferência,101.85,2026-01-26,15:42:34
2036,829.361.705-59,350.276.184-17,Pix Recebido,15.93,2026-01-04,23:35:23
4834,285.734.960-29,361.479.205-61,Saque Pix,100.98,2026-01-19,15:22:13
4720,695.172.430-06,381.462.795-46,Pix Recebido,9.08,2026-01-10,20:49:40
4711,729.835.106-03,365.182.970-77,Pagamento,3.18,2026-01-28,19:26:24
1883,798.130.564-01,031.794.582-32,Pix Enviado,3.05,2026-01-19,07:12:35
1693,350.276.184-17,874.361.592-91,Pix Enviado,7.51,2026-01-30,18:29:04
5144,841.670.395-75,096.458.273-29,Pix Enviado,1000,2026-01-10,23:16:33
2763,986.751.340-10,809.352.671-40,Saque Pix,32.53,2026-01-05,09:27:33
1963,291.806.534-05,603.219.485-05,Saque Pix,4.0,2026-01-30,10:14:11
2364,247.159.863-37,391.256.840-51,Pix Enviado,57.28,2026-01-05,23:30:52
4190,503.197.648-93,413.589.027-04,Pix Recebido,420.75,2026-01-06,08:45:09
5049,827.134.059-04,760.324.581-80,Pix Enviado,278.15,2026-01-09,11:37:00
363,825.074.691-02,695.172.430-06,Pagamento,82.18,2026-01-12,09:44:32
4318,612.930.578-86,426.958.073-92,Pix Enviado,25.69,2026-01-28,08:34:59
3009,209.851.367-40,164.728.503-80,Pagamento,30.86,2026-01-13,17:49:55
2257,407.821.356-17,190.576.328-02,Transferência,114.3,2026-01-15,21:45:45
3078,608.231.759-95,657.413.290-80,Pagamento,150.8,2026-01-08,10:16:29
254,261.430.597-99,813.729.654-91,Pix Recebido,146.85,2026-01-05,21:44:20
673,513.409.276-16,657.413.290-80,Saque Pix,46.27,2026-01-20,08:41:58
1623,387.596.024-65,635.492.107-52,Pix Enviado,75.34,2026-01-07,19:01:50
90,635.492.107-52,175.084.369-20,Pix Enviado,47.61,2026-01-01,10:29:02
710,659.438.017-66,430.187.562-07,Pix Recebido,29.9,2026-01-24,06:12:05
4824,301.274.698-69,736.425.198-73,Saque Pix,98.19,2026-01-18,16:00:01
2504,543.612.807-62,256.731.904-25,Saque Pix,21.22,2026-01-12,12:23:40
2761,097.213.685-12,852.091.463-24,Pagamento,13.04,2026-01-31,14:23:23
39,109.874.632-50,730.458.921-32,Pix Recebido,10.12,2026-01-07,09:27:37
1012,209.814.765-11,426.789.013-78,Saque Pix,131.81,2026-01-14,13:35:33
829,718.693.240-13,085.721.436-53,Transferência,13.17,2026-01-22,08:59:46
4314,825.074.691-02,175.084.369-20,Pix Recebido,22.35,2026-01-13,16:05:17
2280,236.174.085-08,358.274.160-53,Pagamento,159.36,2026-01-30,23:29:50
282,954.867.201-49,835.460.719-48,Pix Recebido,52.08,2026-01-28,00:37:25
3942,862.059.741-85,364.751.092-07,Transferência,39.75,2026-01-31,18:42:24
613,204.563.198-24,047.359.216-99,Pix Enviado,497.24,2026-01-24,21:08:30
4351,014.386.759-84,014.386.759-84,Saque Pix,19.94,2026-01-25,19:02:24
2943,729.835.106-03,285.734.960-29,Saque Pix,315.2,2026-01-17,10:39:57
3719,925.164.708-94,826.045.791-11,Pagamento,26.49,2026-01-07,08:11:10
538,698.405.127-49,874.510.369-01,Pagamento,140.93,2026-01-22,17:07:16
3611,046.157.823-90,137.058.694-93,Pix Enviado,27.1,2026-01-30,16:43:43
668,780.351.926-12,093.587.412-79,Pix Recebido,247.09,2026-01-15,04:46:55
782,015.493.768-10,062.834.975-00,Saque Pix,38.06,2026-01-10,18:05:38
3503,923.570.146-52,063.418.279-03,Saque Pix,72.04,2026-01-01,19:23:08
1227,046.157.823-90,586.142.937-55,Transferência,15.08,2026-01-31,23:36:37
4884,723.504.691-07,631.892.540-60,Pix Recebido,17.39,2026-01-29,06:23:25
3275,940.627.158-30,706.384.125-44,Saque Pix,7.96,2026-01-14,01:44:47
3710,379.206.814-13,574.190.283-97,Pagamento,1081.23,2026-01-24,08:51:53
4281,587.623.149-55,932.768.045-65,Pagamento,5.38,2026-01-27,17:41:29
2319,152.068.479-76,147.529.380-14,Saque Pix,37.46,2026-01-24,19:45:04
3051,920.863.174-50,684.512.790-58,Saque Pix,128.8,2026-01-20,17:26:03
677,694.378.510-93,394.761.058-01,Pix Enviado,129.39,2026-01-08,23:08:21
4426,908.216.743-31,364.751.092-07,Transferência,255.81,2026-01-16,13:14:23
3461,315.297.648-82,301.274.698-69,Pagamento,14.8,2026-01-09,08:40:26
155,726.480.359-74,164.728.503-80,Pagamento,140.72,2026-01-05,08:17:04
1586,392.061.754-16,706.384.125-44,Pagamento,44.5,2026-01-12,12:49:21
3042,513.480.629-24,309.821.576-30,Transferência,175.89,2026-01-25,11:52:17
4060,164.723.850-17,456.201.389-33,Pix Enviado,13.82,2026-01-20,23:45:56
4641,936.812.507-40,145.370.268-71,Saque Pix,5.55,2026-01-13,13:23:03
3686,465.902.381-89,624.158.397-28,Pix Recebido,31.13,2026-01-17,16:17:59
2398,701.326.548-90,145.370.268-71,Pagamento,7.55,2026-01-29,16:18:11
1502,538.164.790-57,960.215.837-95,Pix Enviado,37.19,2026-01-01,12:31:38
1151,780.364.952-10,362.794.051-25,Pix Recebido,1.56,2026-01-07,21:16:12
3507,405.179.628-02,476.018.539-93,Pix Enviado,100.57,2026-01-19,06:31:42
3976,274.083.165-07,304.752.186-71,Pagamento,19.17,2026-01-29,10:40:29
2903,605.283.497-83,321.894.760-03,Pix Recebido,33.36,2026-01-25,22:24:27
4935,312.689.475-55,701.326.548-90,Saque Pix,22.79,2026-01-25,07:06:37
4516,570.349.681-01,352.987.164-82,Saque Pix,14.2,2026-01-04,19:27:38
3636,837.149.560-93,954.867.201-49,Pagamento,92.89,2026-01-21,13:09:52
1062,608.471.239-87,637.541.089-48,Saque Pix,87.71,2026-01-20,06:44:34
4220,965.408.173-39,405.623.871-53,Saque Pix,68.63,2026-01-29,16:07:30
5205,263.758.409-29,154.863.097-75,Pix Enviado,15533.7,2026-01-18,05:40:59
692,631.892.540-60,048.126.935-51,Pix Recebido,14.69,2026-01-09,07:05:43
4776,936.807.412-78,435.721.906-06,Pix Recebido,41.65,2026-01-09,20:34:00
4231,790.314.562-25,079.652.148-49,Transferência,84.72,2026-01-20,11:10:48
3412,549.318.267-09,209.851.367-40,Pagamento,356.54,2026-01-28,07:59:05
2299,607.128.395-77,736.425.198-73,Pix Recebido,30.82,2026-01-03,10:26:21
3135,468.523.917-28,149.072.865-11,Pix Recebido,42.56,2026-01-27,13:23:04
2408,435.890.261-89,625.790.143-06,Pagamento,22.02,2026-01-11,15:45:36
793,607.128.395-77,175.602.348-44,Saque Pix,43.93,2026-01-06,13:13:32
4991,195.364.028-15,920.863.174-50,Transferência,834.65,2026-01-15,23:59:45
1304,906.247.813-13,538.294.706-65,Saque Pix,13.39,2026-01-29,02:59:49
821,534.106.978-10,708.263.914-78,Pagamento,14.98,2026-01-09,11:49:37
3795,741.692.835-46,267.940.315-07,Pix Enviado,10.07,2026-01-01,14:41:52
2496,936.812.507-40,059.243.876-74,Pix Enviado,20.61,2026-01-28,11:33:24
347,352.609.174-99,506.924.781-67,Pix Enviado,28.25,2026-01-21,13:20:28
4642,761.540.389-84,059.412.638-05,Pix Enviado,9.76,2026-01-15,12:02:59
3945,710.385.264-26,753.081.629-21,Pix Recebido,17.48,2026-01-24,15:43:56
4413,526.831.497-19,309.821.576-30,Pix Enviado,14.35,2026-01-09,19:16:00
4424,920.863.174-50,301.274.698-69,Pix Enviado,39.51,2026-01-31,11:45:58
2110,549.623.087-00,920.863.174-50,Saque Pix,33.16,2026-01-18,13:37:52
307,047.359.216-99,821.043.657-08,Saque Pix,3.65,2026-01-20,08:02:54
5164,073.142.965-61,106.548.729-02,Pix Enviado,500,2026-01-06,01:15:19
681,342.819.075-05,701.326.548-90,Transferência,14.77,2026-01-24,12:04:18
1029,042.837.195-79,609.357.142-43,Pix Recebido,11.47,2026-01-31,09:41:20
526,304.752.186-71,540.873.916-39,Transferência,17.75,2026-01-04,13:04:15
671,615.093.847-66,059.243.876-74,Pagamento,33.57,2026-01-08,17:55:27
102,856.041.793-10,403.182.657-53,Saque Pix,39.77,2026-01-12,02:42:58
855,810.792.435-50,024.561.793-07,Saque Pix,131.21,2026-01-10,07:10:08
896,296.308.147-22,307.815.642-71,Pix Enviado,75.12,2026-01-26,08:58:20
1609,706.384.125-44,109.867.534-75,Pagamento,10.27,2026-01-04,02:10:46
3908,376.920.158-21,398.615.420-51,Pix Recebido,13.28,2026-01-16,10:35:29
1899,946.572.813-64,302.987.615-21,Transferência,40.59,2026-01-18,23:09:46
1873,637.541.089-48,495.327.081-97,Pix Enviado,18.62,2026-01-28,23:19:51
1802,031.794.582-32,215.084.693-42,Transferência,26.84,2026-01-02,04:31:15
1230,385.614.290-89,513.409.276-16,Pix Recebido,45.16,2026-01-09,21:11:01
832,821.043.657-08,501.936.428-24,Transferência,73.95,2026-01-21,15:13:13
2964,593.106.728-03,605.283.497-83,Pix Enviado,2.01,2026-01-27,14:44:18
3234,659.438.702-29,023.157.896-21,Saque Pix,138.56,2026-01-26,20:49:39
120,059.243.876-74,350.276.184-17,Transferência,81.25,2026-01-26,16:42:54
3991,349.270.618-50,638.721.405-07,Pix Enviado,191.69,2026-01-29,09:45:15
4438,089.647.251-58,543.612.807-62,Transferência,18.17,2026-01-18,21:27:35
3079,932.768.045-65,238.409.176-03,Pix Recebido,12.08,2026-01-21,06:43:01
3294,476.018.539-93,412.350.768-90,Pix Recebido,30.38,2026-01-31,14:01:09
231,695.172.430-06,715.036.498-57,Pagamento,18.03,2026-01-10,10:42:14
144,107.563.284-62,906.432.781-50,Pix Recebido,76.73,2026-01-28,23:46:51
1489,309.821.576-30,657.408.913-10,Pix Recebido,26.89,2026-01-29,01:16:42
647,605.432.978-29,193.674.528-37,Transferência,27.68,2026-01-27,17:04:28
3713,501.936.428-24,630.859.427-00,Saque Pix,20.5,2026-01-04,11:52:57
4534,186.472.509-58,365.182.970-77,Pix Enviado,33.19,2026-01-27,13:27:58
4894,387.596.024-65,369.418.702-22,Pix Enviado,32.09,2026-01-29,11:13:02
4482,635.092.714-16,810.723.956-30,Pagamento,83.59,2026-01-04,00:18:13
2245,427.150.893-41,159.062.437-80,Pix Enviado,30.16,2026-01-29,09:36:02
3309,056.794.832-38,321.075.869-77,Saque Pix,30.46,2026-01-15,13:19:13
1141,341.906.587-66,852.091.463-24,Pix Enviado,12.81,2026-01-16,05:06:18
4208,362.504.978-38,234.165.097-06,Pagamento,163.82,2026-01-03,21:22:32
4944,379.206.814-13,810.723.956-30,Saque Pix,61.73,2026-01-09,20:23:39
4612,523.918.647-28,713.045.682-53,Transferência,1.7,2026-01-11,12:51:00
567,376.920.158-21,384.795.206-47,Saque Pix,38.53,2026-01-27,21:14:55
85,365.182.970-77,815.274.369-00,Pix Recebido,25.53,2026-01-24,06:50:53
1112,543.612.807-62,842.063.951-60,Pagamento,23.46,2026-01-20,15:20:27
1934,873.692.514-46,145.370.268-71,Pagamento,31.47,2026-01-12,13:51:12
512,136.258.904-70,809.352.671-40,Pagamento,105.46,2026-01-11,22:46:58
555,736.425.198-73,574.190.283-97,Saque Pix,341.03,2026-01-09,18:45:32
175,138.470.659-39,546.921.730-25,Pix Enviado,31.52,2026-01-10,10:50:17
642,462.178.059-01,236.174.085-08,Saque Pix,45.34,2026-01-19,22:56:35
2803,195.024.738-41,538.294.706-65,Pix Recebido,24.86,2026-01-15,16:31:20
109,710.354.892-79,365.182.970-77,Pix Recebido,30.27,2026-01-16,23:03:00
5084,980.372.451-79,961.870.345-20,Pix Enviado,284.91,2026-01-24,14:05:00
4409,149.072.865-11,385.614.290-89,Pix Enviado,54.82,2026-01-25,07:58:11
1995,164.723.850-17,201.479.685-85,Pix Enviado,30.04,2026-01-16,12:24:23
4353,852.091.463-24,539.867.201-03,Saque Pix,50.88,2026-01-29,16:48:41
686,945.217.380-79,216.593.478-82,Saque Pix,10.6,2026-01-27,07:39:46
1406,501.936.428-24,394.761.058-01,Saque Pix,55.78,2026-01-04,08:37:04
1074,186.472.509-58,173.469.802-04,Transferência,11.27,2026-01-16,22:32:30
2065,916.327.540-61,784.952.361-09,Transferência,24.85,2026-01-18,14:08:21
1389,169.502.387-03,062.385.149-06,Pix Recebido,286.15,2026-01-19,06:40:50
3681,645.723.801-71,216.593.478-82,Pagamento,14.3,2026-01-22,03:29:28
5146,841.670.395-75,942.803.671-40,Pix Enviado,1000,2026-01-15,06:12:01
4274,629.048.315-33,369.418.702-22,Pagamento,67.63,2026-01-11,12:04:06
4294,578.263.914-82,497.025.613-61,Saque Pix,137.13,2026-01-21,11:43:20
327,329.140.657-52,412.350.768-90,Transferência,139.46,2026-01-18,07:36:54
4092,403.298.175-23,743.619.025-34,Pix Enviado,12.0,2026-01-09,21:29:58
4625,310.748.562-44,810.723.956-30,Saque Pix,9.58,2026-01-31,03:08:46
1130,826.045.791-11,916.327.540-61,Pagamento,12.88,2026-01-07,09:47:13
5011,423.085.967-83,739.548.106-20,Pix Enviado,91.46,2026-01-04,23:52:00
2017,756.231.089-03,018.324.769-87,Pix Enviado,51.47,2026-01-07,10:54:43
848,340.572.189-04,109.867.534-75,Pagamento,12.55,2026-01-22,10:53:41
1429,359.410.728-05,687.203.154-90,Saque Pix,115.42,2026-01-01,17:20:06
2933,780.351.926-12,138.470.659-39,Transferência,16.77,2026-01-03,18:30:19
4089,360.479.185-57,605.432.978-29,Transferência,22.06,2026-01-01,13:47:57
4908,035.978.642-10,941.267.358-28,Saque Pix,126.98,2026-01-30,11:59:43
12,397.614.280-87,874.361.592-91,Saque Pix,45.48,2026-01-23,10:36:04
4675,913.540.827-88,496.318.570-93,Saque Pix,23.65,2026-01-19,15:51:52
91,825.074.691-02,048.126.935-51,Pix Enviado,44.14,2026-01-07,21:07:34
3989,920.863.174-50,796.842.301-50,Saque Pix,57.15,2026-01-18,14:10:11
2907,749.326.150-43,840.935.162-51,Pix Enviado,38.67,2026-01-03,23:22:13
1950,342.819.075-05,820.351.746-35,Pix Enviado,27.47,2026-01-29,13:53:08
484,285.793.146-82,706.384.125-44,Pix Enviado,30.49,2026-01-21,11:21:45
1325,325.841.760-17,203.195.784-88,Pix Enviado,105.73,2026-01-26,06:35:52
4568,462.178.059-01,104.927.683-31,Pagamento,99.12,2026-01-30,18:51:15
3626,165.270.834-08,124.765.890-20,Pix Recebido,140.17,2026-01-06,19:57:53
2399,456.201.389-33,042.167.385-08,Pix Enviado,44.34,2026-01-10,20:50:14
213,014.386.759-84,659.043.178-75,Pagamento,50.32,2026-01-22,07:11:26
3619,238.164.507-17,941.267.358-28,Pix Enviado,227.05,2026-01-12,14:28:25
3390,358.274.160-53,607.128.395-77,Pix Recebido,68.28,2026-01-24,19:08:47
478,736.541.829-09,932.768.045-65,Transferência,266.43,2026-01-25,02:17:42
4826,204.563.198-24,568.137.204-90,Transferência,75.61,2026-01-02,21:27:18
3130,361.498.250-51,913.086.257-40,Pagamento,5.96,2026-01-12,17:01:07
3110,659.438.017-66,761.540.389-84,Pix Enviado,4.45,2026-01-13,19:16:07
2444,405.179.628-02,274.083.165-07,Saque Pix,20.83,2026-01-28,06:14:49
924,039.856.271-77,350.298.164-70,Pagamento,30.02,2026-01-23,21:14:57
3835,906.247.813-13,435.721.906-06,Pix Enviado,25.07,2026-01-02,09:04:32
391,296.308.147-22,780.364.952-10,Pagamento,8.93,2026-01-22,10:47:30
2581,234.165.097-06,695.172.430-06,Saque Pix,8.58,2026-01-31,13:39:04
564,923.570.146-52,103.426.978-03,Pix Recebido,35.34,2026-01-05,23:39:16
1719,307.815.642-71,205.437.968-92,Pix Recebido,22.59,2026-01-08,13:49:12
135,837.149.560-93,137.058.694-93,Pagamento,88.26,2026-01-13,20:06:59
4237,716.983.054-00,165.874.920-02,Transferência,79.87,2026-01-10,22:31:21
1846,716.983.054-00,356.810.749-00,Pix Enviado,73.9,2026-01-12,23:33:54
1782,692.081.374-22,701.326.548-90,Pix Recebido,19.94,2026-01-23,16:42:38
3902,274.083.165-07,175.602.348-44,Pagamento,93.76,2026-01-27,20:45:19
188,496.318.570-93,821.043.657-08,Pix Recebido,70.98,2026-01-31,18:03:31
462,608.471.239-87,736.902.184-03,Pix Recebido,33.36,2026-01-23,08:12:53
3360,479.618.503-84,603.219.485-05,Saque Pix,18.23,2026-01-08,06:40:33
1368,321.075.869-77,352.987.164-82,Pix Recebido,53.06,2026-01-22,16:45:45
757,612.930.578-86,571.039.846-20,Pagamento,60.04,2026-01-09,17:53:56
2441,435.721.906-06,496.318.570-93,Pix Enviado,69.36,2026-01-02,18:16:42
2542,645.723.801-71,341.586.027-26,Pix Enviado,9.42,2026-01-08,13:37:42
3520,031.794.582-32,913.086.257-40,Pix Enviado,30.21,2026-01-10,20:40:00
2220,365.182.970-77,346.251.879-82,Pix Recebido,29.05,2026-01-29,06:45:51
4835,648.905.137-01,169.502.387-03,Pix Recebido,18.43,2026-01-15,17:49:45
2119,041.837.295-05,503.197.648-93,Pix Enviado,102.16,2026-01-11,21:23:40
1356,913.540.827-88,079.652.148-49,Pix Enviado,4.34,2026-01-11,10:36:58
1584,467.935.201-99,109.874.632-50,Saque Pix,324.6,2026-01-05,09:59:00
429,723.504.691-07,267.940.315-07,Transferência,30.18,2026-01-19,20:24:57
758,405.179.628-02,127.063.948-03,Saque Pix,5.86,2026-01-09,21:16:07
3883,701.326.548-90,109.874.632-50,Saque Pix,87.61,2026-01-18,13:10:14
1193,056.794.832-38,526.831.497-19,Pix Recebido,27.02,2026-01-16,09:47:26
3435,852.091.463-24,238.409.176-03,Pix Recebido,129.54,2026-01-20,06:17:04
62,387.596.024-65,790.138.246-50,Saque Pix,31.76,2026-01-13,14:58:48
4869,047.359.216-99,234.165.097-06,Saque Pix,24.09,2026-01-29,14:46:51
1464,423.079.615-34,856.041.793-10,Pix Enviado,9.35,2026-01-26,23:21:17
4414,165.807.934-57,913.540.827-88,Pagamento,34.33,2026-01-05,04:43:08
811,780.351.926-12,204.563.198-24,Saque Pix,433.16,2026-01-17,09:13:16
2131,710.385.264-26,264.983.571-00,Pix Recebido,243.42,2026-01-31,18:37:54
597,932.768.045-65,041.837.295-05,Pagamento,19.19,2026-01-18,23:33:04
4080,729.365.418-91,796.842.301-50,Saque Pix,29.75,2026-01-16,06:49:04
2923,954.867.201-49,264.983.571-00,Pix Recebido,28.29,2026-01-31,20:56:52
3092,216.593.478-82,730.458.921-32,Saque Pix,94.04,2026-01-08,10:57:29
2937,236.174.085-08,627.453.189-00,Pagamento,6.69,2026-01-28,21:02:46
2093,204.563.198-24,159.062.437-80,Pix Enviado,68.84,2026-01-11,22:07:38
3939,387.596.024-65,538.420.697-74,Pix Enviado,38.09,2026-01-23,09:42:52
1884,954.867.201-49,821.476.305-35,Pix Recebido,20.26,2026-01-29,15:14:30
2595,710.354.892-79,164.723.850-17,Pix Enviado,34.19,2026-01-10,21:29:54
1874,815.274.369-00,678.925.134-00,Pix Recebido,20.46,2026-01-26,20:02:29
511,612.930.578-86,206.791.835-40,Pagamento,125.5,2026-01-16,04:16:05
4269,605.432.978-29,496.081.753-48,Transferência,6.29,2026-01-23,21:27:08
5032,584.129.376-19,406.539.821-51,Pix Enviado,296.71,2026-01-09,07:41:00
276,705.924.186-85,137.058.694-93,Saque Pix,25.75,2026-01-01,15:02:48
4233,513.480.629-24,251.089.473-05,Pagamento,100.16,2026-01-08,12:23:05
4165,825.074.691-02,015.493.768-10,Pagamento,41.54,2026-01-23,10:14:36
4286,637.541.089-48,214.068.397-87,Pagamento,81.81,2026-01-27,23:05:07
943,538.294.706-65,638.721.405-07,Transferência,49.83,2026-01-06,21:56:24
2553,496.318.570-93,031.794.582-32,Transferência,49.49,2026-01-12,20:55:42
3298,815.437.906-66,740.356.819-20,Pix Enviado,28.57,2026-01-28,12:59:46
541,104.927.683-31,851.249.036-51,Saque Pix,140.65,2026-01-31,08:03:50
5104,702.495.361-61,045.236.719-07,Pix Enviado,75.88,2026-01-01,13:43:00
586,248.195.730-04,192.358.604-15,Pagamento,54.02,2026-01-27,06:51:46
3456,321.894.760-03,104.736.958-39,Saque Pix,12.42,2026-01-23,22:49:48
4504,204.563.198-24,967.528.304-10,Pix Enviado,7.27,2026-01-13,18:21:57
103,203.195.784-88,627.453.189-00,Transferência,94.3,2026-01-14,11:00:11
4278,634.510.872-35,465.273.108-62,Pix Enviado,26.86,2026-01-08,11:26:47
2264,465.902.381-89,810.792.435-50,Pix Enviado,4.05,2026-01-03,23:23:48
3728,175.084.369-20,062.834.975-00,Saque Pix,2.53,2026-01-07,10:26:36
2867,852.391.647-46,632.549.807-00,Saque Pix,21.23,2026-01-31,15:33:43
996,603.219.485-05,219.347.805-88,Pix Enviado,6.29,2026-01-15,09:50:02
3307,362.504.978-38,219.347.805-88,Pix Recebido,19.26,2026-01-24,19:03:49
206,147.529.380-14,359.410.728-05,Pix Recebido,94.48,2026-01-09,20:59:37
2244,214.068.397-87,206.791.835-40,Saque Pix,24.33,2026-01-08,07:35:50
375,165.270.834-08,165.874.920-02,Pix Recebido,57.04,2026-01-17,14:56:26
4636,137.058.694-93,426.958.073-92,Transferência,54.37,2026-01-02,23:02:40
781,926.317.048-78,079.652.148-49,Saque Pix,72.98,2026-01-29,09:36:51
4525,834.750.926-38,539.867.201-03,Pagamento,10.23,2026-01-30,16:20:57
4613,398.615.420-51,913.025.468-05,Saque Pix,23.73,2026-01-22,12:10:47
4276,701.326.548-90,549.318.267-09,Pagamento,11.63,2026-01-20,18:42:33
2548,356.810.749-00,186.472.509-58,Pix Recebido,4.35,2026-01-09,12:47:42
5066,362.140.958-06,158.069.237-03,Pix Enviado,129.83,2026-01-11,21:52:00
2713,356.810.749-00,347.509.162-34,Pix Enviado,42.39,2026-01-11,10:06:47
3358,764.051.298-02,095.126.384-60,Transferência,18.6,2026-01-09,20:49:06
3792,124.765.890-20,657.408.913-10,Transferência,74.36,2026-01-17,12:14:13
4036,684.512.790-58,973.125.408-05,Pix Recebido,4.09,2026-01-13,19:13:51
171,954.137.082-97,015.493.768-10,Pix Recebido,168.07,2026-01-15,06:18:34
3855,531.760.428-17,586.142.937-55,Pagamento,25.35,2026-01-06,07:25:28
786,315.820.497-50,960.215.837-95,Transferência,54.53,2026-01-29,19:44:46
4769,347.509.162-34,401.956.283-06,Transferência,19.34,2026-01-10,14:58:13
4540,501.936.428-24,784.351.690-57,Pagamento,14.75,2026-01-04,05:17:44
2798,509.476.138-20,036.571.248-53,Transferência,8.12,2026-01-03,20:08:40
1573,721.680.359-03,701.326.548-90,Saque Pix,40.16,2026-01-09,14:04:47
4056,609.483.725-83,387.190.524-05,Pagamento,139.91,2026-01-10,17:20:14
5095,180.974.253-60,470.361.859-10,Pix Enviado,169.72,2026-01-13,22:29:00
340,798.130.564-01,216.593.478-82,Transferência,52.82,2026-01-06,10:15:19
907,786.923.540-74,073.852.491-32,Pix Recebido,48.66,2026-01-09,10:04:19
2290,479.028.536-74,405.179.628-02,Transferência,14.36,2026-01-09,14:54:25
3828,740.356.819-20,412.350.768-90,Saque Pix,5.31,2026-01-22,08:21:36
2879,954.137.082-97,678.592.401-49,Pagamento,13.02,2026-01-30,08:06:40
2414,608.231.759-95,873.692.514-46,Pix Enviado,8.21,2026-01-13,10:05:20
4914,296.308.147-22,304.817.652-71,Saque Pix,5.0,2026-01-30,02:20:37
550,586.142.937-55,826.045.791-11,Pagamento,31.43,2026-01-11,17:41:47
1167,209.814.765-11,736.541.829-09,Pix Enviado,47.01,2026-01-18,22:14:46
1079,360.479.185-57,106.847.592-76,Saque Pix,9.63,2026-01-11,13:07:12
3471,025.167.489-49,736.541.829-09,Saque Pix,42.5,2026-01-09,14:55:18
4984,736.425.198-73,698.031.452-15,Pagamento,1.32,2026-01-27,22:14:33
493,698.031.452-15,097.213.685-12,Saque Pix,435.55,2026-01-28,08:06:16
1207,497.025.613-61,391.256.840-51,Pagamento,59.05,2026-01-03,14:10:58
3087,209.814.765-11,185.324.697-28,Pagamento,39.91,2026-01-09,23:19:27
4229,653.817.209-12,908.216.743-31,Pagamento,41.61,2026-01-27,06:18:45
3453,950.431.628-05,264.983.571-00,Pix Enviado,151.43,2026-01-03,11:23:33
3502,568.137.204-90,892.053.741-05,Pagamento,121.36,2026-01-18,19:40:41
3180,913.025.468-05,967.528.304-10,Transferência,49.7,2026-01-24,02:51:27
4366,518.746.029-30,659.438.702-29,Pagamento,21.25,2026-01-31,07:07:23
3778,391.256.840-51,479.156.832-09,Transferência,55.95,2026-01-27,07:45:13
4756,235.194.870-04,826.045.791-11,Pagamento,73.68,2026-01-04,20:15:15
1047,041.837.625-53,306.871.524-53,Pix Recebido,21.59,2026-01-06,12:17:17
1440,659.438.017-66,467.395.081-00,Saque Pix,29.38,2026-01-27,22:56:33
1819,741.692.835-46,862.059.741-85,Pix Enviado,25.63,2026-01-01,12:42:56
4337,906.432.781-50,395.127.680-03,Pix Enviado,15.5,2026-01-16,07:31:36
1298,812.540.796-02,679.184.025-02,Transferência,185.61,2026-01-03,19:05:46
3531,710.385.264-26,365.182.970-77,Saque Pix,76.34,2026-01-15,19:59:47
1966,430.187.562-07,498.635.072-29,Pix Enviado,40.63,2026-01-23,10:26:16
5101,702.495.361-61,234.058.976-29,Pix Enviado,123.05,2026-01-01,13:43:00
4395,908.617.235-03,740.268.135-17,Pix Recebido,352.03,2026-01-01,17:28:49
1265,521.487.369-73,906.432.781-50,Transferência,23.07,2026-01-25,10:42:40
909,286.471.950-94,632.549.807-00,Saque Pix,11.48,2026-01-16,10:07:37
870,954.867.201-49,285.734.960-29,Pix Enviado,23.35,2026-01-02,12:48:53
4880,534.106.978-10,296.518.073-77,Pix Recebido,92.47,2026-01-15,22:13:17
406,261.430.597-99,397.614.280-87,Pix Recebido,2.42,2026-01-12,07:11:15
1552,695.132.704-16,286.471.950-94,Transferência,11.06,2026-01-19,21:40:21
676,605.283.497-83,405.623.871-53,Pix Recebido,69.35,2026-01-26,10:16:39
3426,238.409.176-03,169.502.387-03,Transferência,9.78,2026-01-15,17:06:24
3798,204.563.198-24,341.586.027-26,Pagamento,21.88,2026-01-23,22:53:49
4263,059.243.876-74,325.841.760-17,Saque Pix,34.93,2026-01-18,19:42:20
5068,852.976.043-38,705.938.612-21,Pix Enviado,177.79,2026-01-03,14:40:00
3008,350.298.164-70,743.810.695-01,Pagamento,7.68,2026-01-12,15:47:21
419,834.750.926-38,913.025.468-05,Pix Recebido,157.86,2026-01-01,20:29:33
2186,180.645.723-71,256.731.904-25,Pagamento,75.9,2026-01-25,14:26:08
4422,247.159.863-37,403.182.657-53,Pix Enviado,57.37,2026-01-22,12:23:16
3049,120.985.436-89,587.623.149-55,Pix Recebido,25.11,2026-01-06,23:01:47
2044,496.318.570-93,736.541.829-09,Pix Enviado,74.94,2026-01-15,19:03:06
280,387.190.524-05,820.351.746-35,Saque Pix,13.1,2026-01-03,15:45:43
2854,047.359.216-99,296.308.147-22,Pix Enviado,35.31,2026-01-05,09:56:11
1824,603.219.485-05,659.438.702-29,Pagamento,45.29,2026-01-16,07:31:43
5007,418.672.593-46,063.829.751-68,Pix Enviado,163.77,2026-01-22,14:19:00
5020,423.085.967-83,109.865.274-67,Pix Enviado,246.53,2026-01-04,23:52:00
499,741.609.852-11,062.385.149-06,Saque Pix,32.95,2026-01-06,20:33:38
3910,160.592.478-49,813.729.654-91,Pix Recebido,72.87,2026-01-16,08:11:46
2550,540.873.916-39,423.079.615-34,Saque Pix,23.47,2026-01-21,01:51:50
2607,302.987.615-21,435.890.261-89,Saque Pix,34.27,2026-01-05,20:45:06
1127,549.386.270-00,138.470.659-39,Pagamento,179.25,2026-01-01,22:27:38
2162,326.104.759-34,743.619.025-34,Saque Pix,15.08,2026-01-26,21:19:11
4016,498.635.072-29,109.867.534-75,Pix Enviado,52.01,2026-01-16,15:56:17
495,186.472.509-58,603.458.791-39,Pix Enviado,2.92,2026-01-31,17:04:13
982,215.439.087-05,641.305.897-84,Pix Recebido,419.7,2026-01-10,17:20:35
3769,427.150.893-41,325.841.760-17,Saque Pix,75.78,2026-01-13,07:50:52
971,578.263.914-82,256.731.904-25,Saque Pix,176.91,2026-01-08,07:52:18
497,160.592.478-49,605.432.978-29,Saque Pix,16.25,2026-01-08,19:15:17
5123,128.930.674-50,547.860.132-26,Pix Enviado,279.51,2026-01-06,10:16:00
3618,302.987.451-60,195.730.482-05,Pagamento,57.35,2026-01-03,09:21:53
1026,694.378.510-93,285.360.941-33,Pagamento,4.43,2026-01-11,19:37:03
1597,538.420.697-74,743.810.695-01,Pagamento,30.24,2026-01-15,21:17:16
2151,521.463.087-53,784.952.361-09,Pix Enviado,40.63,2026-01-06,18:13:06
2425,498.630.715-01,296.308.147-22,Transferência,48.21,2026-01-03,16:39:17
2641,465.273.108-62,913.540.827-88,Saque Pix,3.99,2026-01-15,20:37:40
3558,036.295.174-80,378.046.912-03,Pix Enviado,164.43,2026-01-21,08:48:44
987,306.871.524-53,568.790.312-77,Pix Enviado,47.17,2026-01-26,12:29:38
1477,609.837.421-03,136.258.904-70,Pagamento,45.4,2026-01-02,08:36:14
426,786.923.540-74,503.197.648-93,Pix Enviado,9.47,2026-01-24,17:59:46
1384,625.790.143-06,346.251.879-82,Pix Enviado,543.27,2026-01-06,06:57:27
2371,367.158.024-08,821.043.657-08,Saque Pix,252.22,2026-01-23,19:35:34
3282,710.354.892-79,315.297.648-82,Pix Recebido,338.79,2026-01-22,12:46:25
595,068.427.953-38,743.810.695-01,Pix Enviado,16.85,2026-01-24,23:57:13
3481,307.815.642-71,632.549.807-00,Pix Recebido,39.95,2026-01-19,19:36:06
3553,946.572.813-64,461.930.852-89,Pix Enviado,15.48,2026-01-03,14:53:02
4256,602.138.497-04,786.923.540-74,Pix Enviado,6.49,2026-01-04,14:46:09
4734,736.541.829-09,764.051.298-02,Pix Recebido,21.18,2026-01-20,15:52:00
1909,498.630.715-01,602.138.497-04,Pagamento,11.45,2026-01-09,00:59:15
3113,046.753.921-99,412.350.768-90,Pagamento,77.17,2026-01-05,23:34:06
2045,695.132.704-16,694.378.510-93,Pix Recebido,1147.38,2026-01-19,17:30:08
1393,347.509.162-34,427.150.893-41,Transferência,83.21,2026-01-09,18:43:20
1569,462.178.059-01,586.793.402-00,Pagamento,10.01,2026-01-20,19:24:08
3672,923.570.146-52,195.742.360-99,Transferência,2.16,2026-01-31,06:10:01
1235,147.638.250-62,214.068.397-87,Pix Enviado,36.69,2026-01-12,14:03:28
753,867.945.301-39,431.026.795-52,Pix Enviado,357.19,2026-01-14,08:39:04
2705,518.746.029-30,705.612.893-95,Transferência,41.37,2026-01-27,06:27:28
1868,736.541.829-09,906.432.781-50,Saque Pix,59.38,2026-01-27,19:00:02
2780,609.357.142-43,192.358.604-15,Transferência,111.97,2026-01-29,18:09:40
3891,812.540.796-02,439.675.218-00,Pix Recebido,29.55,2026-01-27,10:32:34
2586,496.318.570-93,713.904.628-03,Transferência,51.78,2026-01-06,20:23:32
298,645.723.801-71,325.769.084-38,Saque Pix,30.07,2026-01-12,10:38:22
2910,137.058.694-93,743.810.695-01,Saque Pix,188.58,2026-01-25,08:59:35
5180,306.927.145-61,532.184.096-24,Pix Enviado,1500,2026-01-13,08:53:18
197,743.619.025-34,194.583.260-60,Transferência,52.92,2026-01-17,10:38:29
4407,195.742.360-99,378.046.912-03,Saque Pix,27.47,2026-01-15,19:14:59
4141,826.043.157-26,350.298.164-70,Pix Recebido,8.41,2026-01-13,17:53:57
1734,648.905.137-01,657.408.913-10,Pagamento,210.98,2026-01-30,21:18:32
891,926.317.048-78,784.952.361-09,Pix Recebido,15.52,2026-01-30,13:29:10
3982,941.267.358-28,874.510.369-01,Saque Pix,68.79,2026-01-09,18:34:01
194,716.983.054-00,164.753.029-61,Saque Pix,9.11,2026-01-07,11:15:36
1228,279.683.410-78,852.391.647-46,Pix Recebido,76.38,2026-01-29,18:41:14
2892,603.184.597-01,041.837.625-53,Transferência,233.78,2026-01-26,19:43:28
1134,325.479.061-80,059.872.634-92,Saque Pix,4.86,2026-01-07,22:47:42
2940,165.807.934-57,304.752.186-71,Pix Recebido,9.32,2026-01-16,21:39:22
1977,605.279.138-12,630.459.872-65,Saque Pix,2.2,2026-01-26,16:01:15
4979,645.723.801-71,435.890.261-89,Transferência,64.63,2026-01-15,16:44:46
140,701.326.548-90,921.346.750-80,Pagamento,11.61,2026-01-24,14:07:50
2645,821.476.305-35,190.576.328-02,Saque Pix,30.61,2026-01-24,11:45:21
4296,378.046.912-03,865.124.307-35,Pix Recebido,97.55,2026-01-18,20:07:57
539,692.081.374-22,673.185.204-07,Pix Recebido,45.9,2026-01-18,21:57:51
3075,538.294.706-65,238.409.176-03,Transferência,13.69,2026-01-31,11:30:37
4945,874.510.369-01,913.025.468-05,Transferência,22.19,2026-01-28,20:54:35
4814,190.576.328-02,630.859.427-00,Saque Pix,674.63,2026-01-31,20:06:23
358,167.845.932-19,439.675.218-00,Pix Recebido,102.19,2026-01-08,06:03:50
4031,920.863.174-50,159.062.437-80,Pagamento,15.92,2026-01-03,10:39:09
1321,570.349.681-01,904.586.321-98,Transferência,19.07,2026-01-04,19:10:35
1549,653.817.209-12,617.945.023-43,Pagamento,18.75,2026-01-29,11:14:21
5176,273.901.458-97,894.150.726-01,Pix Enviado,500,2026-01-27,20:33:22
1725,164.728.503-80,048.126.935-51,Pix Recebido,53.62,2026-01-26,17:34:10
3225,921.346.750-80,352.609.174-99,Pagamento,179.21,2026-01-21,07:53:57
722,790.864.213-69,385.614.290-89,Pagamento,39.81,2026-01-18,14:09:00
3992,609.357.142-43,360.479.185-57,Transferência,268.88,2026-01-04,10:30:41
4388,035.978.642-10,264.708.951-58,Saque Pix,67.92,2026-01-29,19:24:33
2960,079.652.148-49,574.190.283-97,Pagamento,7.02,2026-01-10,08:52:48
2457,194.583.260-60,384.795.206-47,Pix Enviado,73.43,2026-01-07,16:21:06
2402,426.958.073-92,209.851.367-40,Transferência,128.81,2026-01-07,02:51:59
2199,294.357.081-88,306.871.524-53,Pix Recebido,31.18,2026-01-20,08:43:25
8,209.814.765-11,986.751.340-10,Pagamento,123.09,2026-01-18,17:03:37
3177,701.326.548-90,361.479.205-61,Transferência,9.55,2026-01-11,09:30:49
4749,264.708.951-58,786.923.540-74,Pix Enviado,10.91,2026-01-13,23:35:38
577,304.817.652-71,160.592.478-49,Saque Pix,9.51,2026-01-01,19:25:09
2762,062.385.149-06,921.346.750-80,Pagamento,187.73,2026-01-09,18:28:23
4519,296.308.147-22,763.298.045-83,Pix Enviado,15.66,2026-01-21,08:02:52
2890,192.358.604-15,431.026.795-52,Pagamento,11.02,2026-01-17,16:53:07
4262,307.815.642-71,307.815.642-71,Transferência,12.58,2026-01-15,15:29:23
5175,273.901.458-97,126.940.387-78,Pix Enviado,500,2026-01-08,08:11:44
1176,729.835.106-03,681.297.045-01,Transferência,9.22,2026-01-26,15:23:19
5001,418.672.593-46,812.693.457-37,Pix Enviado,134.95,2026-01-22,14:19:00
2491,951.380.274-41,659.438.017-66,Pix Recebido,36.21,2026-01-12,21:14:01
475,913.025.468-05,234.165.097-06,Pix Enviado,35.25,2026-01-26,10:12:15
4860,629.850.314-51,637.541.089-48,Pix Enviado,5.03,2026-01-07,13:37:44
1595,920.863.174-50,031.794.582-32,Transferência,85.75,2026-01-17,20:58:29
4973,316.274.589-64,529.607.843-83,Saque Pix,2.53,2026-01-21,12:25:20
2935,194.867.250-20,694.378.510-93,Transferência,491.69,2026-01-13,08:04:39
1766,467.395.081-00,538.164.790-57,Pix Recebido,1.59,2026-01-22,19:59:26
4751,936.807.412-78,652.184.037-17,Transferência,81.33,2026-01-08,12:58:45
1510,238.164.507-17,219.347.805-88,Transferência,21.95,2026-01-15,09:30:21
5034,584.129.376-19,195.632.407-07,Pix Enviado,237.46,2026-01-09,07:41:00
1767,726.480.359-74,634.510.872-35,Transferência,39.16,2026-01-19,15:43:51
1545,056.794.832-38,204.563.198-24,Pix Recebido,18.1,2026-01-27,17:01:39
3404,874.510.369-01,571.039.846-20,Pix Enviado,17.75,2026-01-29,09:52:20
3280,081.254.963-51,813.729.654-91,Pix Recebido,66.65,2026-01-07,20:04:05
4674,340.892.756-10,694.378.510-93,Pagamento,17.4,2026-01-02,14:59:37
1073,630.859.427-00,726.480.359-74,Transferência,6.34,2026-01-11,12:33:58
44,873.645.201-71,506.924.781-67,Transferência,104.41,2026-01-05,23:45:47
4403,360.479.185-57,809.352.671-40,Pix Recebido,9.33,2026-01-24,02:20:21
1372,238.409.176-03,753.206.498-00,Pix Recebido,46.52,2026-01-02,06:47:02
2348,072.184.659-94,630.859.427-00,Transferência,207.2,2026-01-27,12:10:57
4847,315.820.497-50,046.753.921-99,Pagamento,8.64,2026-01-13,15:32:31
4883,294.581.067-02,315.820.497-50,Pix Enviado,117.28,2026-01-16,19:46:13
291,954.731.820-97,705.612.893-95,Saque Pix,51.56,2026-01-12,15:50:26
4160,218.973.650-12,059.412.638-05,Pagamento,200.85,2026-01-19,19:53:38
2918,729.365.418-91,048.126.935-51,Pix Enviado,28.44,2026-01-12,10:51:44
4103,829.361.574-55,837.149.560-93,Pix Enviado,127.57,2026-01-19,13:03:26
3957,708.263.914-78,736.902.184-03,Transferência,15.64,2026-01-16,23:39:45
1932,072.184.659-94,957.480.361-93,Pix Recebido,63.87,2026-01-19,06:00:24
2576,025.167.489-49,195.730.482-05,Pix Recebido,83.51,2026-01-05,10:31:36
2579,659.184.023-06,578.263.914-82,Transferência,18.82,2026-01-26,23:28:17
875,418.326.590-89,175.084.369-20,Pix Recebido,96.09,2026-01-14,06:23:37
2455,609.483.725-83,384.795.206-47,Saque Pix,22.17,2026-01-10,13:16:51
4558,306.871.524-53,294.867.315-19,Saque Pix,175.74,2026-01-26,19:21:24
2121,238.164.507-17,906.432.781-50,Pagamento,89.03,2026-01-13,10:07:56
796,376.920.158-21,216.593.478-82,Pagamento,2.29,2026-01-08,20:52:07
203,740.268.135-17,790.562.348-38,Saque Pix,50.65,2026-01-26,09:54:13
2465,790.864.213-69,932.768.045-65,Pix Enviado,8.93,2026-01-18,07:04:55
3522,538.164.790-57,352.609.174-99,Pix Enviado,160.06,2026-01-15,17:59:31
5085,980.372.451-79,812.637.459-46,Pix Enviado,263.53,2026-01-24,14:05:00
3427,307.815.642-71,901.527.634-06,Transferência,28.18,2026-01-17,09:18:04
4584,072.184.659-94,209.814.765-11,Transferência,26.25,2026-01-26,16:05:00
356,395.671.042-80,341.906.587-66,Pix Recebido,43.14,2026-01-16,16:09:54
965,329.168.470-22,350.298.164-70,Saque Pix,32.28,2026-01-18,15:20:21
3732,427.150.893-41,851.249.036-51,Transferência,1.85,2026-01-05,11:01:49
45,821.476.305-35,826.549.370-38,Transferência,79.24,2026-01-08,21:19:41
1712,358.274.160-53,187.042.693-22,Saque Pix,77.61,2026-01-06,13:06:35
3809,965.408.173-39,692.081.374-22,Pagamento,20.48,2026-01-23,16:49:30
2468,036.295.174-80,820.351.746-35,Pix Enviado,64.67,2026-01-08,22:36:30
1394,710.385.264-26,087.649.321-50,Pagamento,7.64,2026-01-19,06:07:00
4456,097.213.685-12,352.987.164-82,Saque Pix,30.84,2026-01-27,18:42:18
1919,497.025.613-61,264.983.571-00,Pix Recebido,168.37,2026-01-10,18:01:16
1869,682.314.079-87,495.327.081-97,Pix Enviado,22.83,2026-01-13,08:47:00
1201,659.438.702-29,856.047.923-65,Pix Enviado,67.63,2026-01-01,15:21:15
133,790.864.213-69,347.509.162-34,Pix Recebido,487.03,2026-01-06,08:10:56
2083,619.423.580-24,705.612.893-95,Pix Enviado,41.77,2026-01-05,20:02:35
2197,608.231.759-95,349.270.618-50,Saque Pix,16.24,2026-01-03,06:43:18
861,924.516.087-49,137.058.694-93,Pix Enviado,21.18,2026-01-01,14:53:47
218,194.583.260-60,960.215.837-95,Transferência,16.21,2026-01-11,09:59:33
4800,549.318.267-09,325.769.084-38,Pix Recebido,24.82,2026-01-26,11:22:23
1997,764.051.298-02,387.596.024-65,Pix Enviado,47.61,2026-01-07,22:12:50
2673,498.635.072-29,325.769.084-38,Pagamento,34.8,2026-01-20,20:25:49
1937,048.126.935-51,726.480.359-74,Pix Enviado,45.31,2026-01-19,18:22:16
1077,593.716.824-00,304.752.186-71,Pix Recebido,52.03,2026-01-30,20:42:54
2775,296.518.073-77,645.723.801-71,Pix Enviado,20.18,2026-01-26,17:22:06
4644,728.645.103-08,940.627.158-30,Pix Recebido,39.03,2026-01-18,21:19:50
1946,503.197.648-93,395.671.042-80,Saque Pix,90.54,2026-01-21,10:31:35
1016,493.710.526-43,652.184.037-17,Transferência,94.63,2026-01-22,17:40:06
3591,794.216.053-06,198.073.462-31,Saque Pix,32.48,2026-01-06,09:09:36
4248,580.364.297-56,546.832.109-24,Pix Enviado,6.25,2026-01-10,16:19:55
3045,950.431.628-05,923.150.784-23,Pix Recebido,57.24,2026-01-19,18:58:28
1851,194.583.260-60,497.025.613-61,Pix Enviado,48.0,2026-01-24,07:10:33
211,014.386.759-84,247.186.530-53,Pix Enviado,13.05,2026-01-26,08:00:00
816,524.963.071-52,826.043.157-26,Pix Enviado,36.54,2026-01-08,07:20:34
2318,316.274.589-64,548.190.372-50,Pix Enviado,14.67,2026-01-21,09:08:49
3176,137.058.694-93,796.842.301-50,Transferência,76.22,2026-01-05,20:01:47
4843,329.140.657-52,198.073.462-31,Pix Enviado,55.34,2026-01-29,09:20:32
3698,512.398.047-41,580.364.297-56,Pix Recebido,5.76,2026-01-02,11:50:39
4494,960.215.837-95,136.258.904-70,Transferência,237.92,2026-01-25,21:57:20
3005,813.729.654-91,056.794.832-38,Pix Enviado,22.7,2026-01-04,12:43:41
4292,657.413.290-80,215.439.087-05,Saque Pix,142.37,2026-01-24,06:38:50
585,294.581.067-02,617.409.532-07,Transferência,89.47,2026-01-06,19:40:06
3573,940.627.158-30,046.157.823-90,Transferência,46.78,2026-01-30,13:35:44
1229,365.182.970-77,381.462.795-46,Pix Recebido,21.04,2026-01-08,04:49:18
2631,346.251.879-82,180.645.723-71,Pagamento,58.21,2026-01-25,18:15:54
2389,630.459.872-65,756.231.089-03,Pix Enviado,22.24,2026-01-03,20:50:04
5153,268.079.541-58,209.543.167-70,Pix Enviado,100,2026-01-23,15:33:54
2193,749.326.150-43,285.360.941-33,Transferência,62.7,2026-01-24,13:37:28
5046,827.134.059-04,216.759.043-16,Pix Enviado,176.46,2026-01-09,11:37:00
1856,159.062.437-80,304.817.652-71,Pix Recebido,51.54,2026-01-08,23:23:44
2277,571.039.846-20,236.174.085-08,Pix Recebido,30.6,2026-01-21,23:39:55
1823,042.167.385-08,796.842.301-50,Transferência,54.51,2026-01-16,18:18:52
4128,965.408.173-39,539.867.201-03,Saque Pix,21.09,2026-01-05,23:27:28
1594,741.609.852-11,164.723.850-17,Transferência,281.17,2026-01-05,08:09:34
2771,413.589.027-04,753.206.498-00,Pagamento,77.43,2026-01-29,07:59:38
4816,386.452.079-74,786.923.540-74,Pix Recebido,59.03,2026-01-01,11:28:21
1614,476.018.539-93,364.751.092-07,Pagamento,11.73,2026-01-09,21:40:28
2287,681.297.045-01,506.924.781-67,Pix Recebido,54.36,2026-01-13,11:16:23
3391,469.013.275-52,476.018.539-93,Pagamento,36.9,2026-01-05,19:15:37
1250,549.386.270-00,147.529.380-14,Pix Recebido,25.56,2026-01-03,09:05:17
1661,476.018.539-93,586.793.402-00,Pix Recebido,17.89,2026-01-28,13:32:32
4135,356.810.749-00,456.201.389-33,Pix Recebido,104.65,2026-01-25,22:50:35
3155,957.480.361-93,840.935.162-51,Transferência,149.0,2026-01-28,14:37:01
1952,461.930.852-89,465.902.381-89,Pix Recebido,94.0,2026-01-06,23:04:39
4416,315.297.648-82,104.927.683-31,Transferência,60.04,2026-01-03,18:04:35
2845,479.028.536-74,736.425.198-73,Transferência,1.54,2026-01-29,16:30:05
2611,729.365.418-91,456.201.389-33,Transferência,9.58,2026-01-02,23:09:30
2238,701.326.548-90,236.174.085-08,Pix Enviado,4.42,2026-01-01,15:49:42
5116,276.154.809-49,139.460.758-00,Pix Enviado,195.22,2026-01-22,12:23:00
2997,187.042.693-22,498.630.715-01,Transferência,16.67,2026-01-03,20:05:46
323,209.814.765-11,145.370.268-71,Pagamento,50.08,2026-01-23,09:49:43
2267,549.386.270-00,467.935.201-99,Saque Pix,33.72,2026-01-06,20:26:20
2608,475.690.821-76,716.983.054-00,Transferência,28.13,2026-01-08,13:20:06
2156,274.083.165-07,586.793.402-00,Pagamento,108.74,2026-01-13,15:10:11
4474,187.042.693-22,235.879.640-92,Saque Pix,115.15,2026-01-24,12:11:02
124,538.294.706-65,605.432.978-29,Pix Enviado,153.81,2026-01-12,14:31:08
3002,574.190.283-97,821.476.305-35,Transferência,8.08,2026-01-20,13:39:24
3693,790.562.348-38,780.351.926-12,Transferência,5.2,2026-01-09,20:02:27
4150,549.318.267-09,138.470.659-39,Pix Recebido,92.14,2026-01-13,13:11:29
3896,761.540.389-84,641.305.897-84,Transferência,19.4,2026-01-13,06:26:28
670,764.051.298-02,630.459.872-65,Pix Enviado,15.07,2026-01-25,07:18:01
1881,908.457.623-38,945.217.380-79,Pagamento,6.94,2026-01-10,23:57:32
4953,106.847.592-76,695.132.704-16,Pix Recebido,17.1,2026-01-28,10:54:45
973,603.219.485-05,046.157.823-90,Saque Pix,64.75,2026-01-08,20:06:23
2395,950.431.628-05,543.612.807-62,Pix Enviado,375.54,2026-01-12,14:24:21
1587,137.268.905-21,826.549.370-38,Transferência,33.13,2026-01-30,13:50:09
4522,164.728.503-80,625.790.143-06,Transferência,4.81,2026-01-30,15:25:13
1448,873.692.514-46,749.326.150-43,Pagamento,2.64,2026-01-26,16:41:25
1281,413.589.027-04,352.609.174-99,Transferência,165.41,2026-01-07,18:08:11
1082,546.832.109-24,986.751.340-10,Transferência,32.02,2026-01-01,10:30:35
268,873.692.514-46,185.324.697-28,Pix Recebido,39.49,2026-01-28,23:18:15
4995,538.164.790-57,798.130.564-01,Saque Pix,8.33,2026-01-06,16:03:24
1796,659.438.702-29,347.509.162-34,Pix Recebido,9.97,2026-01-12,14:31:05
964,304.817.652-71,361.479.205-61,Pix Recebido,262.78,2026-01-05,07:41:05
329,874.625.390-47,705.924.186-85,Saque Pix,52.54,2026-01-28,17:11:52
4968,321.075.869-77,165.270.834-08,Pagamento,158.69,2026-01-01,12:48:13
1405,039.285.471-60,302.987.615-21,Saque Pix,87.59,2026-01-10,07:36:45
3635,175.602.348-44,073.852.491-32,Pix Recebido,22.7,2026-01-27,19:25:13
2474,062.834.975-00,247.186.530-53,Pix Enviado,43.7,2026-01-10,12:03:54
442,629.850.314-51,350.298.164-70,Pix Recebido,139.17,2026-01-14,08:53:49
4505,568.790.312-77,093.587.412-79,Pix Enviado,21.12,2026-01-22,20:48:55
1158,635.492.107-52,960.215.837-95,Pix Enviado,69.4,2026-01-25,21:54:00
3333,426.958.073-92,926.317.048-78,Transferência,17.48,2026-01-11,21:53:12
684,605.279.138-12,679.184.025-02,Saque Pix,49.74,2026-01-19,18:10:04
3318,378.124.690-69,678.925.134-00,Pix Recebido,1.93,2026-01-15,18:51:35
7,175.084.369-20,423.079.615-34,Pix Recebido,21.08,2026-01-18,08:20:07
2458,260.549.387-38,395.176.820-77,Pagamento,11.27,2026-01-28,15:13:41
4762,165.270.834-08,285.793.146-82,Transferência,17.36,2026-01-06,12:51:25
1413,506.924.781-67,358.274.160-53,Pix Recebido,12.96,2026-01-27,06:44:19
2296,763.298.045-83,749.326.150-43,Saque Pix,79.68,2026-01-20,14:38:55
1696,603.124.987-13,427.150.893-41,Pix Recebido,3.95,2026-01-13,17:21:55
2340,743.810.695-01,698.031.452-15,Pix Enviado,14.73,2026-01-08,13:35:56
2814,684.512.790-58,809.352.671-40,Pagamento,22.62,2026-01-23,20:53:19
840,625.790.143-06,578.263.914-82,Pix Recebido,1.57,2026-01-01,11:26:29
1379,175.602.348-44,874.625.390-47,Pix Enviado,115.91,2026-01-06,22:42:39
4551,397.614.280-87,059.243.876-74,Pix Enviado,18.04,2026-01-20,07:13:32
3259,358.709.642-29,602.138.497-04,Transferência,9.97,2026-01-14,17:26:51
4744,347.509.162-34,682.314.079-87,Saque Pix,18.18,2026-01-13,08:53:19
970,350.276.184-17,501.936.428-24,Saque Pix,159.2,2026-01-02,06:40:34
1341,127.063.948-03,423.079.615-34,Saque Pix,29.0,2026-01-23,06:55:31
1371,705.612.893-95,238.409.176-03,Transferência,13.31,2026-01-18,19:35:11
1454,352.987.164-82,260.549.387-38,Transferência,16.16,2026-01-28,22:15:38
1773,821.043.657-08,358.709.642-29,Pix Enviado,39.42,2026-01-28,10:38:47
2294,613.924.875-28,967.528.304-10,Saque Pix,12.16,2026-01-01,03:19:20
3054,780.364.952-10,570.349.681-01,Pix Enviado,20.05,2026-01-26,18:36:24
732,107.563.284-62,652.184.037-17,Saque Pix,40.87,2026-01-24,16:00:25
2543,523.918.647-28,467.935.201-99,Pix Recebido,11.55,2026-01-06,06:36:15
2809,960.215.837-95,539.867.201-03,Pagamento,57.3,2026-01-20,17:32:00
1529,342.819.075-05,095.126.384-60,Pix Recebido,18.47,2026-01-07,19:36:29
548,095.126.384-60,431.026.795-52,Pagamento,48.26,2026-01-26,14:26:36
2171,825.074.691-02,461.930.852-89,Saque Pix,25.12,2026-01-17,17:00:09
1005,469.013.275-52,710.354.892-79,Pix Recebido,43.34,2026-01-27,21:25:57
5197,956.437.201-16,923.061.785-77,Pix Enviado,100,2026-01-22,21:55:06
5192,432.069.581-05,905.316.724-25,Pix Enviado,500,2026-01-14,06:43:06
798,138.470.659-39,159.062.437-80,Pix Recebido,246.39,2026-01-23,11:23:12
4459,874.510.369-01,743.619.025-34,Pix Recebido,46.84,2026-01-10,13:22:28
271,495.327.081-97,467.935.201-99,Transferência,17.7,2026-01-28,15:02:45
4155,294.357.081-88,147.529.380-14,Saque Pix,101.38,2026-01-07,21:51:53
3697,302.987.451-60,586.793.402-00,Saque Pix,42.16,2026-01-12,13:42:46
939,615.093.847-66,605.432.978-29,Saque Pix,5.85,2026-01-05,14:04:56
2480,310.748.562-44,109.867.534-75,Saque Pix,19.42,2026-01-22,12:46:32
4560,302.987.451-60,729.365.418-91,Pix Recebido,20.66,2026-01-31,08:39:48
3614,408.259.671-20,605.279.138-12,Pagamento,94.56,2026-01-01,15:50:09
3117,961.253.704-61,945.217.380-79,Pix Recebido,24.11,2026-01-19,11:56:27
1272,829.361.705-59,012.938.654-51,Saque Pix,14.61,2026-01-14,10:56:32
3413,403.298.175-23,603.458.791-39,Transferência,510.9,2026-01-09,22:10:55
3919,085.721.436-53,309.821.576-30,Saque Pix,65.97,2026-01-28,05:24:15
1311,538.164.790-57,790.562.348-38,Pix Enviado,16.52,2026-01-07,21:28:36
2539,405.179.628-02,107.563.284-62,Pagamento,10.2,2026-01-23,07:42:54
1761,360.479.185-57,809.352.671-40,Saque Pix,4.19,2026-01-15,20:21:34
3510,468.523.917-28,165.807.934-57,Saque Pix,78.92,2026-01-29,16:32:30
525,521.487.369-73,538.294.706-65,Pagamento,13.65,2026-01-04,10:01:35
578,325.479.061-80,659.184.023-06,Saque Pix,13.16,2026-01-06,14:19:31
4515,498.635.072-29,524.963.071-52,Saque Pix,54.54,2026-01-23,13:59:13
738,867.429.153-82,384.795.206-47,Saque Pix,10.81,2026-01-07,04:36:47
5187,712.308.549-32,840.923.651-60,Pix Enviado,1500,2026-01-10,16:44:50
1428,521.463.087-53,423.079.615-34,Pagamento,29.44,2026-01-30,15:22:13
3433,302.987.615-21,014.386.759-84,Pix Recebido,27.35,2026-01-19,19:12:13
2928,578.263.914-82,195.364.028-15,Pix Recebido,192.14,2026-01-12,20:44:44
4832,957.634.182-55,602.975.148-49,Transferência,22.45,2026-01-23,17:15:46
2325,840.935.162-51,046.157.823-90,Pix Recebido,85.98,2026-01-05,18:52:37
114,059.412.638-05,540.891.732-05,Saque Pix,78.96,2026-01-08,21:07:34
959,851.249.036-51,509.127.834-60,Pagamento,23.34,2026-01-12,07:28:02
1736,469.013.275-52,264.983.571-00,Pagamento,22.98,2026-01-16,23:25:58
1803,325.769.084-38,025.167.489-49,Pix Enviado,25.45,2026-01-09,11:18:11
3369,304.817.652-71,423.185.069-06,Pagamento,79.92,2026-01-10,14:25:00
3527,715.036.498-57,167.845.932-19,Pix Enviado,157.89,2026-01-02,06:09:23
4964,386.452.079-74,260.549.387-38,Transferência,6.52,2026-01-03,21:31:31
4336,973.125.408-05,810.723.956-30,Saque Pix,45.01,2026-01-24,16:44:36
1960,035.978.642-10,059.872.634-92,Pix Enviado,23.02,2026-01-18,17:18:52
4549,264.708.951-58,965.408.173-39,Pix Enviado,137.81,2026-01-20,21:33:19
1690,294.357.081-88,045.927.163-61,Pix Enviado,31.08,2026-01-29,19:29:16
4275,605.283.497-83,521.463.087-53,Pix Recebido,46.84,2026-01-29,11:00:24
3073,147.529.380-14,476.018.539-93,Pagamento,8.17,2026-01-26,05:50:36
3784,659.438.702-29,851.249.036-51,Transferência,37.3,2026-01-23,19:43:36
1608,692.081.374-22,235.879.640-92,Pix Enviado,216.33,2026-01-09,14:43:18
569,073.852.491-32,648.905.137-01,Pagamento,164.78,2026-01-08,22:30:17
1753,945.217.380-79,509.476.138-20,Pix Recebido,38.17,2026-01-12,15:20:59
3477,691.782.045-85,195.024.738-41,Pix Enviado,153.8,2026-01-18,23:35:20
3731,285.734.960-29,392.061.754-16,Pix Enviado,191.77,2026-01-06,17:10:03
96,692.081.374-22,760.481.293-78,Pix Recebido,43.49,2026-01-04,11:35:24
994,216.593.478-82,387.190.524-05,Transferência,23.4,2026-01-31,19:54:37
3366,180.645.723-71,873.692.514-46,Transferência,84.13,2026-01-25,18:55:33
2099,753.206.498-00,586.142.937-55,Pix Enviado,15.75,2026-01-20,07:30:21
5015,423.085.967-83,456.218.930-42,Pix Enviado,255.17,2026-01-04,23:52:00
1336,957.480.361-93,361.479.205-61,Pagamento,7.65,2026-01-23,12:26:05
4868,475.690.821-76,310.748.562-44,Pix Enviado,185.34,2026-01-27,23:39:55
2436,706.384.125-44,653.817.209-12,Pix Enviado,98.15,2026-01-05,13:47:39
3790,681.297.045-01,073.852.491-32,Pix Recebido,93.62,2026-01-18,17:03:16
436,524.963.071-52,741.609.852-11,Pix Enviado,158.38,2026-01-27,14:11:23
1611,127.063.948-03,423.185.069-06,Pix Enviado,37.01,2026-01-24,08:15:31
3730,347.509.162-34,204.563.198-24,Saque Pix,22.38,2026-01-14,12:00:10
894,695.172.430-06,475.690.821-76,Pagamento,24.51,2026-01-01,08:11:43
3039,423.079.615-34,657.039.128-30,Pix Enviado,20.23,2026-01-26,08:46:03
1733,721.680.359-03,678.592.401-49,Transferência,5.17,2026-01-10,19:44:06
768,325.769.084-38,690.582.174-85,Pix Enviado,40.29,2026-01-06,19:19:50
1287,874.361.592-91,629.850.314-51,Transferência,198.84,2026-01-29,12:51:29
54,728.045.693-65,209.851.367-40,Saque Pix,18.94,2026-01-16,20:26:51
240,039.285.471-60,546.832.109-24,Saque Pix,17.9,2026-01-26,22:03:59
2426,740.268.135-17,395.671.042-80,Transferência,43.15,2026-01-30,07:33:50
653,315.820.497-50,435.721.906-06,Pix Enviado,88.63,2026-01-17,19:35:31
2410,728.645.103-08,194.583.260-60,Pix Enviado,29.6,2026-01-13,18:13:03
5065,362.140.958-06,480.379.625-47,Pix Enviado,61.7,2026-01-11,21:52:00
1541,608.231.759-95,340.572.189-04,Saque Pix,60.09,2026-01-25,15:45:40
862,073.852.491-32,960.215.837-95,Saque Pix,87.52,2026-01-05,18:02:20
3268,602.138.497-04,549.386.270-00,Pix Recebido,28.89,2026-01-16,08:04:35
2825,173.469.802-04,369.418.702-22,Pix Enviado,19.37,2026-01-02,21:49:54
1877,264.708.951-58,194.867.250-20,Pix Enviado,41.68,2026-01-24,20:47:44
4881,018.324.769-87,615.093.847-66,Pix Enviado,8.38,2026-01-25,08:00:57
1860,471.953.820-79,856.041.793-10,Pagamento,39.05,2026-01-17,16:11:11
4651,679.184.025-02,085.376.429-83,Pix Enviado,12.98,2026-01-03,14:14:11
3311,195.730.482-05,815.437.906-66,Transferência,14.99,2026-01-11,11:41:58
5010,418.672.593-46,569.243.018-51,Pix Enviado,233.89,2026-01-22,14:19:00
4934,790.314.562-25,097.836.214-40,Transferência,11.56,2026-01-29,19:09:47
4942,509.127.834-60,315.297.648-82,Pix Enviado,39.57,2026-01-27,11:58:04
3241,509.127.834-60,173.469.802-04,Pix Recebido,212.07,2026-01-09,14:01:33
232,045.927.163-61,164.753.029-61,Pix Recebido,15.49,2026-01-16,09:47:49
2883,829.361.705-59,784.351.690-57,Pix Enviado,130.02,2026-01-17,23:20:22
1252,790.864.213-69,498.635.072-29,Pix Recebido,4.39,2026-01-08,17:17:06
1329,056.794.832-38,036.295.174-80,Pix Enviado,3.32,2026-01-18,23:46:32
1348,728.645.103-08,367.158.024-08,Saque Pix,30.91,2026-01-14,09:31:09
2369,479.618.503-84,256.731.904-25,Transferência,4.71,2026-01-28,07:22:02
702,673.185.204-07,059.872.634-92,Saque Pix,231.0,2026-01-11,07:29:15
3029,401.956.283-06,810.723.956-30,Saque Pix,67.02,2026-01-02,16:15:26
519,062.371.594-52,621.973.504-80,Pix Enviado,9.85,2026-01-31,23:20:56
1718,906.432.781-50,062.834.975-00,Pix Enviado,54.51,2026-01-30,17:13:44
4867,215.439.087-05,613.924.875-28,Pix Enviado,7.11,2026-01-18,12:51:25
336,341.906.587-66,825.074.691-02,Saque Pix,12.73,2026-01-10,08:45:22
4399,274.351.069-25,603.184.597-01,Pix Recebido,12.51,2026-01-05,20:13:10
4184,403.182.657-53,059.872.634-92,Saque Pix,100.4,2026-01-08,22:31:34
4899,790.314.562-25,427.150.893-41,Pix Enviado,3.39,2026-01-01,06:10:31
1232,261.430.597-99,495.327.081-97,Saque Pix,25.32,2026-01-21,18:47:10
247,619.423.580-24,235.194.870-04,Pagamento,188.66,2026-01-28,21:28:49
5088,180.974.253-60,136.072.954-25,Pix Enviado,272.42,2026-01-13,22:29:00
168,079.652.148-49,973.125.408-05,Transferência,11.28,2026-01-15,06:13:49
3080,465.273.108-62,164.753.029-61,Saque Pix,33.54,2026-01-08,21:15:06
1418,042.837.195-79,718.693.240-13,Saque Pix,3.86,2026-01-14,10:58:18
118,867.945.301-39,607.128.395-77,Pix Recebido,19.36,2026-01-22,20:59:38
4120,164.728.503-80,853.421.096-98,Pix Enviado,15.78,2026-01-31,21:24:27
820,657.408.913-10,465.902.381-89,Pix Enviado,12.04,2026-01-24,15:11:02
1422,694.378.510-93,467.395.081-00,Pagamento,72.91,2026-01-10,19:41:34
871,701.326.548-90,826.549.370-38,Saque Pix,146.57,2026-01-19,07:27:49
4411,906.432.781-50,306.871.524-53,Pagamento,69.93,2026-01-07,23:02:04
2416,164.753.029-61,392.061.754-16,Saque Pix,53.16,2026-01-28,23:26:41
4727,175.084.369-20,763.298.045-83,Pix Enviado,10.8,2026-01-11,21:19:56
4665,175.084.369-20,764.051.298-02,Pagamento,7.09,2026-01-13,18:15:39
3645,329.168.470-22,790.138.246-50,Pix Enviado,7.42,2026-01-29,16:54:41
2521,362.504.978-38,321.894.760-03,Saque Pix,21.83,2026-01-09,07:37:20
2303,264.708.951-58,341.586.027-26,Pagamento,38.43,2026-01-03,15:15:57
3448,104.927.683-31,165.807.934-57,Pix Enviado,25.2,2026-01-05,22:50:41
1103,398.615.420-51,048.126.935-51,Transferência,34.96,2026-01-13,13:20:05
4797,427.150.893-41,657.039.128-30,Pix Recebido,44.05,2026-01-08,16:11:41
260,821.043.657-08,471.953.820-79,Transferência,97.98,2026-01-10,16:38:29
4448,761.540.389-84,147.529.380-14,Saque Pix,71.39,2026-01-31,17:41:26
4763,763.298.045-83,387.190.524-05,Pix Recebido,153.59,2026-01-11,08:08:15
931,365.182.970-77,403.298.175-23,Pagamento,78.77,2026-01-04,18:23:58
1102,159.062.437-80,936.807.412-78,Pix Recebido,78.79,2026-01-02,16:36:17
4618,467.395.081-00,127.063.948-03,Saque Pix,15.19,2026-01-11,17:37:37
3262,107.563.284-62,741.692.835-46,Pagamento,24.0,2026-01-12,08:27:11
3625,721.680.359-03,723.504.691-07,Pix Recebido,71.04,2026-01-25,19:23:20
229,079.652.148-49,736.902.184-03,Saque Pix,27.67,2026-01-28,06:35:17
719,825.074.691-02,524.963.071-52,Pagamento,47.55,2026-01-23,15:56:59
304,726.043.958-00,851.672.349-64,Pix Enviado,82.58,2026-01-17,09:57:29
2038,605.279.138-12,465.273.108-62,Pix Enviado,40.64,2026-01-11,13:36:03
2207,852.091.463-24,109.874.632-50,Transferência,1.62,2026-01-06,20:19:21
509,198.073.462-31,826.045.791-11,Saque Pix,39.07,2026-01-18,09:53:43
659,957.480.361-93,842.063.951-60,Saque Pix,6.49,2026-01-07,12:08:08
2526,743.619.025-34,682.314.079-87,Pix Enviado,8.99,2026-01-29,10:16:45
1088,238.409.176-03,469.013.275-52,Pix Enviado,21.87,2026-01-12,06:55:10
4186,456.201.389-33,321.894.760-03,Pix Recebido,9.29,2026-01-18,18:28:52
422,549.318.267-09,235.194.870-04,Pix Recebido,95.05,2026-01-06,11:00:48
963,718.693.240-13,160.592.478-49,Saque Pix,163.05,2026-01-22,09:06:18
1172,681.297.045-01,496.318.570-93,Pagamento,198.33,2026-01-25,19:51:22
1749,941.267.358-28,036.295.174-80,Saque Pix,65.18,2026-01-22,07:59:42
3529,395.176.820-77,395.671.042-80,Pix Enviado,57.52,2026-01-20,08:59:16
2239,329.140.657-52,285.734.960-29,Transferência,2.64,2026-01-20,16:29:18
2327,615.093.847-66,204.596.718-20,Pix Enviado,46.52,2026-01-04,12:47:24
4200,967.528.304-10,407.821.356-17,Saque Pix,23.97,2026-01-06,13:45:31
3905,692.081.374-22,659.184.023-06,Pix Recebido,25.55,2026-01-09,23:33:08
4401,215.084.693-42,954.867.201-49,Saque Pix,14.68,2026-01-31,13:54:54
1308,152.068.479-76,815.437.906-66,Saque Pix,35.17,2026-01-02,16:38:32
1365,279.683.410-78,790.562.348-38,Pix Enviado,55.25,2026-01-25,23:51:52
814,603.458.791-39,691.782.045-85,Pagamento,30.14,2026-01-26,20:49:17
980,526.831.497-19,047.359.216-99,Pagamento,212.36,2026-01-31,13:22:30
4398,173.469.802-04,798.130.564-01,Transferência,26.7,2026-01-03,08:35:47
2331,829.361.705-59,568.790.312-77,Saque Pix,97.24,2026-01-25,18:40:17
4221,602.138.497-04,173.469.802-04,Saque Pix,913.24,2026-01-17,23:41:17
1989,192.358.604-15,561.379.248-82,Saque Pix,20.13,2026-01-26,09:50:40
38,645.723.801-71,035.978.642-10,Saque Pix,9.71,2026-01-27,22:53:41
2951,706.384.125-44,701.326.548-90,Saque Pix,49.96,2026-01-31,21:29:24
4786,164.728.503-80,815.437.906-66,Pix Enviado,64.68,2026-01-28,06:41:00
1031,468.523.917-28,427.150.893-41,Pix Enviado,131.35,2026-01-31,09:35:02
4581,326.104.759-34,347.509.162-34,Pagamento,145.72,2026-01-22,13:00:09
1727,036.295.174-80,780.364.952-10,Pix Enviado,22.67,2026-01-06,15:08:23
1519,706.384.125-44,531.760.428-17,Transferência,72.31,2026-01-09,14:06:44
2678,678.925.134-00,538.420.697-74,Saque Pix,55.91,2026-01-24,06:24:58
3134,950.431.628-05,851.672.349-64,Pagamento,33.26,2026-01-05,07:24:06
1534,892.053.741-05,062.385.149-06,Pix Recebido,30.09,2026-01-02,12:38:22
1320,619.423.580-24,325.769.084-38,Pix Enviado,51.54,2026-01-19,12:14:45
2216,659.438.017-66,856.041.793-10,Pix Enviado,14.16,2026-01-20,03:26:46
1188,087.649.321-50,760.481.293-78,Pagamento,139.32,2026-01-26,09:56:26
4288,426.789.013-78,160.592.478-49,Pagamento,20.4,2026-01-05,13:29:27
4569,286.471.950-94,659.438.017-66,Pix Recebido,34.15,2026-01-03,07:43:15
4000,087.649.321-50,675.908.214-11,Pix Recebido,30.48,2026-01-15,15:24:20
830,405.623.871-53,035.978.642-10,Pagamento,15.76,2026-01-30,07:58:00
4013,479.156.832-09,501.936.428-24,Pix Enviado,36.27,2026-01-18,08:16:38
3511,235.194.870-04,546.921.730-25,Transferência,21.84,2026-01-24,22:34:17
3632,326.104.759-34,430.187.562-07,Transferência,22.35,2026-01-02,20:48:13
3876,940.627.158-30,708.263.914-78,Pix Enviado,12.4,2026-01-10,15:40:15
4931,418.326.590-89,834.062.951-42,Pagamento,14.55,2026-01-13,06:44:10
5160,769.350.184-39,675.824.901-85,Pix Enviado,100,2026-01-03,06:37:37
4729,169.502.387-03,496.318.570-93,Pix Recebido,47.01,2026-01-08,12:08:14
3417,630.859.427-00,538.420.697-74,Pix Recebido,48.92,2026-01-19,23:15:09
4289,684.512.790-58,378.046.912-03,Pix Recebido,68.01,2026-01-10,14:37:48
4917,329.168.470-22,407.821.356-17,Saque Pix,47.04,2026-01-28,14:10:54
4114,450.971.386-00,570.349.681-01,Saque Pix,9.08,2026-01-23,09:54:28
3984,365.182.970-77,024.561.793-07,Pix Recebido,90.81,2026-01-22,17:34:44
4164,126.735.894-73,851.672.349-64,Pagamento,15.5,2026-01-30,06:16:12
41,657.408.913-10,586.793.402-00,Pagamento,9.51,2026-01-14,16:21:20
3761,908.457.623-38,908.216.743-31,Transferência,13.06,2026-01-13,23:20:48
5215,243.058.971-05,790.651.834-93,Pix Enviado,13634.8,2026-01-01,04:41:47
2500,691.782.045-85,721.680.359-03,Transferência,39.91,2026-01-21,20:58:55
1863,238.164.507-17,347.509.162-34,Transferência,19.82,2026-01-04,15:07:36
3469,603.458.791-39,469.013.275-52,Transferência,51.97,2026-01-10,07:49:25
4919,741.609.852-11,359.410.728-05,Transferência,37.78,2026-01-13,16:17:27
2848,024.561.793-07,285.360.941-33,Pagamento,114.15,2026-01-14,12:28:39
4253,925.164.708-94,059.243.876-74,Transferência,21.89,2026-01-25,10:11:15
546,126.735.894-73,479.618.503-84,Pagamento,25.01,2026-01-18,21:01:37
3297,794.216.053-06,304.752.186-71,Pix Enviado,20.13,2026-01-30,20:36:09
2097,439.675.218-00,678.592.401-49,Pix Enviado,34.61,2026-01-17,18:12:23
2869,395.176.820-77,512.398.047-41,Saque Pix,48.05,2026-01-08,14:21:20
1177,692.081.374-22,356.810.749-00,Saque Pix,7.32,2026-01-28,18:36:44
2706,540.891.732-05,617.409.532-07,Saque Pix,26.93,2026-01-05,10:35:29
4309,296.308.147-22,829.361.705-59,Pagamento,1.1,2026-01-13,06:24:19
4052,924.516.087-49,862.059.741-85,Pagamento,22.31,2026-01-15,17:47:26
2660,890.715.642-58,321.894.760-03,Pix Enviado,606.99,2026-01-29,14:26:50
3599,730.458.921-32,056.794.832-38,Pix Enviado,94.23,2026-01-10,12:58:47
3103,267.940.315-07,360.479.185-57,Transferência,41.14,2026-01-18,15:07:19
4419,736.425.198-73,580.364.297-56,Pix Recebido,152.87,2026-01-23,00:31:44
1455,201.479.685-85,652.184.037-17,Pix Recebido,27.16,2026-01-09,15:52:10
1674,378.124.690-69,264.983.571-00,Saque Pix,22.93,2026-01-30,22:08:29
1220,794.216.053-06,085.721.436-53,Transferência,34.06,2026-01-01,10:19:27
4168,423.185.069-06,760.481.293-78,Transferência,5.55,2026-01-21,17:13:41
1912,159.062.437-80,946.572.813-64,Pix Enviado,32.94,2026-01-24,22:39:43
2314,496.081.753-48,138.470.659-39,Saque Pix,4.95,2026-01-19,20:20:17
1572,386.452.079-74,152.068.479-76,Transferência,32.97,2026-01-28,16:43:03
2365,821.043.657-08,790.864.213-69,Saque Pix,130.32,2026-01-07,11:30:52
4247,062.371.594-52,059.243.876-74,Pix Recebido,19.26,2026-01-07,21:25:47
4202,340.572.189-04,629.048.315-33,Pix Recebido,183.82,2026-01-30,15:04:26
3342,645.723.801-71,715.036.498-57,Saque Pix,4.59,2026-01-11,13:06:13
2529,908.216.743-31,920.863.174-50,Saque Pix,11.73,2026-01-18,18:02:54
2420,605.283.497-83,194.867.250-20,Pix Recebido,57.98,2026-01-27,12:38:52
2694,890.715.642-58,267.940.315-07,Pix Enviado,48.67,2026-01-13,07:10:24
2079,238.164.507-17,081.254.963-51,Saque Pix,41.58,2026-01-11,17:09:12
4804,405.623.871-53,710.354.892-79,Pagamento,141.21,2026-01-08,09:04:04
2569,608.231.759-95,403.298.175-23,Pagamento,36.69,2026-01-08,08:58:11
2876,329.168.470-22,619.423.580-24,Pagamento,16.83,2026-01-07,12:13:36
1629,546.832.109-24,587.623.149-55,Saque Pix,68.84,2026-01-28,13:35:12
1637,023.157.896-21,629.048.315-33,Pix Enviado,44.09,2026-01-06,22:52:46
4705,234.165.097-06,706.384.125-44,Saque Pix,51.22,2026-01-11,08:44:51
4947,609.837.421-03,394.761.058-01,Pagamento,41.32,2026-01-04,10:45:36
2111,790.562.348-38,087.649.321-50,Pix Recebido,74.71,2026-01-31,12:56:06
3272,913.025.468-05,546.832.109-24,Transferência,36.76,2026-01-07,07:00:39
3974,294.867.315-19,780.351.926-12,Pix Enviado,54.0,2026-01-18,21:36:29
5148,813.924.506-24,124.586.397-55,Pix Enviado,100,2026-01-15,16:51:42
5128,830.927.461-04,709.321.486-03,Pix Enviado,167.47,2026-01-03,09:47:00
380,730.458.921-32,321.075.869-77,Transferência,15.57,2026-01-08,07:51:40
467,471.953.820-79,908.457.623-38,Pix Enviado,35.34,2026-01-01,12:26:23
3947,403.298.175-23,631.892.540-60,Transferência,3.65,2026-01-09,13:19:07
2485,035.978.642-10,753.081.629-21,Transferência,36.41,2026-01-09,21:04:35
2804,173.469.802-04,851.672.349-64,Transferência,8.7,2026-01-09,18:16:40
3714,285.734.960-29,035.978.642-10,Saque Pix,24.12,2026-01-28,21:24:41
632,736.425.198-73,285.734.960-29,Saque Pix,7.45,2026-01-14,08:46:34
1400,521.463.087-53,498.635.072-29,Pix Recebido,75.82,2026-01-31,08:43:34
2717,285.793.146-82,657.413.290-80,Pix Enviado,54.96,2026-01-18,17:22:13
369,851.672.349-64,736.902.184-03,Pix Enviado,41.34,2026-01-25,08:03:21
1555,749.326.150-43,657.408.913-10,Pix Enviado,19.16,2026-01-23,18:45:16
3306,513.480.629-24,302.987.615-21,Pix Recebido,153.59,2026-01-10,22:48:20
1244,603.124.987-13,386.452.079-74,Transferência,19.86,2026-01-07,18:35:23
2439,679.184.025-02,465.273.108-62,Transferência,31.37,2026-01-28,12:10:21
2155,941.267.358-28,042.837.195-79,Saque Pix,20.29,2026-01-30,13:04:12
1943,932.768.045-65,713.904.628-03,Transferência,9.74,2026-01-28,10:50:46
1559,736.902.184-03,736.425.198-73,Pagamento,15.34,2026-01-24,07:27:01
749,587.623.149-55,834.750.926-38,Pagamento,0.54,2026-01-25,21:17:44
4125,068.427.953-38,269.705.413-80,Pagamento,32.4,2026-01-26,01:23:37
3136,192.358.604-15,829.361.574-55,Transferência,15.55,2026-01-04,19:38:26
3006,749.326.150-43,079.652.148-49,Pix Enviado,22.19,2026-01-31,19:36:19
4175,294.357.081-88,203.195.784-88,Saque Pix,20.89,2026-01-28,12:17:10
570,321.075.869-77,349.270.618-50,Pix Recebido,28.62,2026-01-03,06:38:45
3128,234.165.097-06,936.812.507-40,Pagamento,10.85,2026-01-04,12:02:10
2404,509.127.834-60,152.068.479-76,Pix Recebido,23.47,2026-01-09,11:01:49
2190,940.627.158-30,167.845.932-19,Pix Recebido,23.55,2026-01-12,13:28:20
5026,693.415.728-19,268.470.319-13,Pix Enviado,293.05,2026-01-25,17:02:00
847,359.410.728-05,187.042.693-22,Pagamento,52.29,2026-01-06,06:48:31
5077,852.976.043-38,461.725.389-00,Pix Enviado,76.19,2026-01-03,14:40:00
770,329.168.470-22,543.612.807-62,Transferência,30.71,2026-01-19,22:55:58
1974,189.374.560-01,580.364.297-56,Pix Recebido,15.83,2026-01-30,14:37:11
630,509.127.834-60,495.327.081-97,Pix Recebido,86.89,2026-01-10,18:49:15
742,468.523.917-28,274.351.069-25,Transferência,52.72,2026-01-24,10:02:53
4317,324.765.891-28,456.201.389-33,Pix Recebido,243.95,2026-01-31,09:34:23
2725,235.879.640-92,069.251.738-30,Pagamento,34.05,2026-01-16,19:51:31
967,682.314.079-87,095.126.384-60,Transferência,17.12,2026-01-21,06:23:01
824,296.518.073-77,521.487.369-73,Transferência,40.16,2026-01-08,09:26:23
940,376.920.158-21,648.905.137-01,Pix Recebido,18.48,2026-01-06,20:44:40
3771,256.731.904-25,780.351.926-12,Pix Recebido,176.96,2026-01-12,22:41:05
2240,350.298.164-70,418.326.590-89,Pagamento,20.94,2026-01-15,17:08:53
3288,926.317.048-78,657.039.128-30,Pix Recebido,4.81,2026-01-21,07:31:38
2530,081.254.963-51,543.612.807-62,Transferência,40.21,2026-01-23,21:09:59
5023,693.415.728-19,478.530.216-07,Pix Enviado,160.12,2026-01-25,17:02:00
1686,109.276.345-70,401.956.283-06,Transferência,65.77,2026-01-06,19:27:55
1592,546.921.730-25,713.904.628-03,Saque Pix,59.6,2026-01-07,14:32:12
469,361.498.250-51,062.371.594-52,Pix Enviado,18.43,2026-01-25,11:25:46
2326,072.584.613-53,826.045.791-11,Saque Pix,42.7,2026-01-09,06:49:14
3084,713.045.682-53,426.958.073-92,Saque Pix,43.25,2026-01-10,08:57:31
5054,175.289.346-82,698.014.753-66,Pix Enviado,232.84,2026-01-12,18:15:00
82,420.156.983-70,957.480.361-93,Pix Recebido,22.13,2026-01-17,16:55:49
4105,325.841.760-17,629.850.314-51,Transferência,655.72,2026-01-18,09:15:33
2383,175.084.369-20,496.318.570-93,Pagamento,178.2,2026-01-04,16:23:54
1669,605.432.978-29,513.480.629-24,Transferência,92.75,2026-01-17,11:02:29
1707,936.807.412-78,218.973.650-12,Pix Enviado,137.61,2026-01-11,15:37:15
4768,826.043.157-26,736.425.198-73,Pix Enviado,15.96,2026-01-27,10:40:15
4449,024.561.793-07,465.902.381-89,Pix Enviado,153.69,2026-01-18,04:33:27
4478,593.716.824-00,901.527.634-06,Pagamento,92.5,2026-01-21,11:03:25
4512,194.867.250-20,728.645.103-08,Pix Recebido,37.62,2026-01-12,16:33:08
794,015.493.768-10,036.571.248-53,Pix Enviado,13.18,2026-01-16,09:27:01
1355,014.386.759-84,230.541.986-42,Pix Enviado,9.69,2026-01-06,22:22:34
2955,853.421.096-98,853.612.094-06,Saque Pix,18.65,2026-01-28,14:12:59
1988,926.317.048-78,840.935.162-51,Transferência,16.95,2026-01-14,02:37:56
4900,621.973.504-80,812.540.796-02,Pagamento,64.43,2026-01-23,12:09:39
2596,190.576.328-02,821.476.305-35,Transferência,9.78,2026-01-31,15:17:30
3630,684.512.790-58,679.184.025-02,Pagamento,10.79,2026-01-03,12:37:50
3344,710.354.892-79,834.750.926-38,Pagamento,115.95,2026-01-21,21:53:16
3832,418.326.590-89,716.983.054-00,Saque Pix,19.15,2026-01-28,22:06:50
986,856.047.923-65,534.106.978-10,Transferência,2.5,2026-01-08,10:43:32
563,247.186.530-53,698.405.127-49,Pagamento,31.15,2026-01-29,09:17:26
1401,307.815.642-71,069.251.738-30,Pagamento,2.67,2026-01-06,07:23:43
3607,093.587.412-79,420.156.983-70,Transferência,19.9,2026-01-07,11:40:00
2129,608.231.759-95,039.285.471-60,Transferência,83.11,2026-01-19,20:14:33
2342,890.715.642-58,603.184.597-01,Saque Pix,38.44,2026-01-09,22:51:48
1052,705.924.186-85,376.920.158-21,Pagamento,83.25,2026-01-25,22:12:45
2037,369.418.702-22,316.274.589-64,Saque Pix,479.03,2026-01-19,14:06:10
290,285.734.960-29,936.807.412-78,Saque Pix,66.37,2026-01-06,21:40:59
3242,068.427.953-38,095.126.384-60,Pix Enviado,466.99,2026-01-19,21:35:10
4109,465.902.381-89,678.592.401-49,Pix Recebido,31.1,2026-01-24,17:33:21
1386,509.127.834-60,340.892.756-10,Saque Pix,36.82,2026-01-01,10:37:32
446,813.729.654-91,539.867.201-03,Pix Recebido,17.34,2026-01-23,09:51:13
2577,534.106.978-10,165.874.920-02,Saque Pix,9.37,2026-01-15,09:56:58
1263,296.035.418-42,630.859.427-00,Pix Enviado,219.11,2026-01-03,08:13:18
2499,784.952.361-09,435.890.261-89,Pix Enviado,275.36,2026-01-25,08:02:01
4915,568.137.204-90,753.206.498-00,Pix Recebido,26.44,2026-01-22,14:38:16
1508,395.127.680-03,349.270.618-50,Saque Pix,13.85,2026-01-09,13:50:59
482,104.736.958-39,426.958.073-92,Pix Enviado,22.22,2026-01-22,05:58:27
3504,713.904.628-03,534.106.978-10,Pagamento,25.67,2026-01-17,10:48:19
2377,613.924.875-28,046.753.921-99,Transferência,60.54,2026-01-07,07:38:34
725,198.073.462-31,913.540.827-88,Pagamento,21.53,2026-01-29,20:36:39
1446,568.137.204-90,381.462.795-46,Pix Recebido,11.09,2026-01-20,10:56:24
1574,384.795.206-47,346.251.879-82,Pagamento,84.9,2026-01-11,22:48:52
2901,194.867.250-20,698.031.452-15,Pix Enviado,37.13,2026-01-02,21:55:36
2367,152.068.479-76,813.729.654-91,Pagamento,6.88,2026-01-07,23:39:48
3007,908.457.623-38,586.793.402-00,Pix Recebido,19.22,2026-01-26,07:29:09
2727,401.956.283-06,361.498.250-51,Pix Recebido,3.43,2026-01-10,06:26:37
3501,286.471.950-94,329.140.657-52,Pix Recebido,4.52,2026-01-05,15:45:25
1358,325.479.061-80,619.423.580-24,Pix Recebido,7.35,2026-01-22,19:26:12
1928,085.376.429-83,341.586.027-26,Pix Enviado,13.07,2026-01-30,08:03:13
4365,385.614.290-89,659.438.702-29,Pagamento,16.71,2026-01-20,08:53:20
789,378.046.912-03,195.742.360-99,Saque Pix,34.09,2026-01-26,17:43:35
341,960.215.837-95,316.274.589-64,Pix Recebido,41.33,2026-01-21,23:52:33
3118,358.709.642-29,762.531.489-82,Transferência,108.19,2026-01-06,18:26:18
2698,641.305.897-84,790.562.348-38,Pix Recebido,12.02,2026-01-31,15:57:54
4723,852.091.463-24,716.983.054-00,Saque Pix,18.48,2026-01-16,18:44:29
4611,420.156.983-70,046.157.823-90,Saque Pix,4.56,2026-01-21,14:20:03
552,423.079.615-34,523.918.647-28,Transferência,326.98,2026-01-18,09:01:13
4236,059.243.876-74,193.674.528-37,Pix Recebido,7.38,2026-01-17,06:31:18
1624,521.487.369-73,946.572.813-64,Transferência,80.49,2026-01-13,17:10:45
2085,039.856.271-77,097.836.214-40,Transferência,464.23,2026-01-16,16:20:44
3941,024.157.986-49,496.318.570-93,Pix Recebido,36.99,2026-01-22,09:50:25
1156,853.612.094-06,638.721.405-07,Pix Enviado,50.75,2026-01-09,18:57:42
4379,321.075.869-77,341.586.027-26,Pix Enviado,37.65,2026-01-14,06:01:55
3937,201.479.685-85,190.576.328-02,Pix Recebido,6.56,2026-01-18,20:55:09
1480,347.509.162-34,543.612.807-62,Saque Pix,8.51,2026-01-01,06:53:34
3480,430.187.562-07,826.510.937-77,Pix Recebido,14.01,2026-01-09,11:09:29
1438,543.612.807-62,395.127.680-03,Transferência,70.29,2026-01-25,17:04:30
1806,740.268.135-17,826.043.157-26,Pagamento,97.66,2026-01-18,03:42:18
2999,302.987.451-60,945.217.380-79,Pix Enviado,44.96,2026-01-16,08:45:10
2366,821.476.305-35,329.168.470-22,Pagamento,67.91,2026-01-29,07:38:39
4536,203.195.784-88,694.378.510-93,Transferência,73.15,2026-01-04,23:01:43
1893,391.256.840-51,705.924.186-85,Pagamento,13.87,2026-01-02,18:32:36
1032,316.274.589-64,635.092.714-16,Transferência,28.33,2026-01-04,07:45:48
1470,362.794.051-25,347.509.162-34,Pagamento,24.55,2026-01-06,10:55:03
2329,015.493.768-10,358.274.160-53,Saque Pix,33.36,2026-01-10,13:26:52
1689,531.760.428-17,206.791.835-40,Pix Enviado,77.69,2026-01-13,04:43:34
2764,705.924.186-85,236.174.085-08,Pix Enviado,120.04,2026-01-27,10:17:55
2691,782.914.356-00,471.953.820-79,Pix Recebido,14.57,2026-01-18,10:26:00
154,908.457.623-38,790.562.348-38,Pix Recebido,68.82,2026-01-16,14:08:42
2963,041.837.295-05,815.274.369-00,Pagamento,14.3,2026-01-02,11:58:12
4888,413.589.027-04,394.761.058-01,Pix Recebido,55.14,2026-01-30,10:11:46
2953,387.190.524-05,908.617.235-03,Pix Recebido,195.55,2026-01-08,11:18:51
201,256.731.904-25,476.018.539-93,Saque Pix,17.81,2026-01-25,06:20:35
23,603.458.791-39,062.834.975-00,Pix Recebido,14.07,2026-01-19,22:03:59
2123,678.592.401-49,307.815.642-71,Transferência,130.72,2026-01-01,22:35:18
4110,285.793.146-82,358.709.642-29,Pix Enviado,57.52,2026-01-01,09:01:55
1472,042.837.195-79,501.936.428-24,Transferência,64.4,2026-01-20,21:48:27
1776,285.360.941-33,310.748.562-44,Pix Enviado,110.15,2026-01-22,11:43:41
1114,195.364.028-15,736.541.829-09,Pagamento,105.48,2026-01-17,21:07:24
1044,195.742.360-99,369.418.702-22,Pix Enviado,17.17,2026-01-20,06:23:52
5105,702.495.361-61,849.502.163-33,Pix Enviado,51.67,2026-01-01,13:43:00
79,826.549.370-38,834.750.926-38,Saque Pix,123.08,2026-01-23,19:38:06
1961,690.582.174-85,294.631.805-24,Pix Recebido,122.67,2026-01-29,07:05:06
1588,682.314.079-87,613.924.875-28,Pix Enviado,512.35,2026-01-30,11:43:08
3207,325.479.061-80,056.794.832-38,Pix Enviado,22.29,2026-01-25,09:27:59
4562,149.072.865-11,692.081.374-22,Transferência,26.99,2026-01-02,02:46:48
2247,193.674.528-37,574.190.283-97,Saque Pix,208.4,2026-01-03,15:41:20
4495,762.531.489-82,946.572.813-64,Pix Recebido,3.0,2026-01-29,11:19:02
4001,413.589.027-04,267.940.315-07,Transferência,11.45,2026-01-13,11:40:58
4372,659.043.178-75,325.841.760-17,Transferência,239.43,2026-01-03,13:51:25
5042,827.134.059-04,917.253.048-05,Pix Enviado,149.36,2026-01-09,11:37:00
294,321.894.760-03,523.918.647-28,Transferência,40.06,2026-01-21,12:30:49
2177,580.364.297-56,160.592.478-49,Pix Recebido,69.65,2026-01-06,16:16:22
4778,726.043.958-00,865.124.307-35,Transferência,35.73,2026-01-10,19:11:04
995,657.039.128-30,548.190.372-50,Pix Enviado,68.52,2026-01-22,08:14:40
1295,762.531.489-82,189.374.560-01,Transferência,6.55,2026-01-07,20:59:01
2472,932.768.045-65,708.263.914-78,Pix Enviado,15.69,2026-01-18,20:03:47
2642,624.158.397-28,023.157.896-21,Saque Pix,13.24,2026-01-28,14:21:06
4830,916.327.540-61,913.540.827-88,Saque Pix,67.82,2026-01-02,05:36:45
199,398.615.420-51,851.672.349-64,Transferência,10.76,2026-01-27,15:24:11
4452,607.128.395-77,378.124.690-69,Transferência,47.12,2026-01-13,21:32:38
4937,498.630.715-01,352.987.164-82,Pix Enviado,26.82,2026-01-01,08:08:29
3066,549.318.267-09,908.617.235-03,Saque Pix,562.14,2026-01-11,06:32:53
1984,609.837.421-03,961.253.704-61,Pix Recebido,138.95,2026-01-26,15:15:35
1720,501.936.428-24,710.354.892-79,Transferência,52.95,2026-01-20,18:10:33
4904,984.621.053-15,435.721.906-06,Pix Recebido,33.3,2026-01-04,09:39:09
3465,269.705.413-80,906.432.781-50,Transferência,59.18,2026-01-17,07:25:11
348,853.612.094-06,821.476.305-35,Pix Recebido,3.4,2026-01-05,09:20:33
2839,164.723.850-17,291.806.534-05,Pagamento,115.6,2026-01-02,11:18:21
228,413.589.027-04,175.084.369-20,Saque Pix,17.92,2026-01-28,06:39:45
4873,593.106.728-03,736.902.184-03,Pix Enviado,108.7,2026-01-27,14:13:02
4585,160.592.478-49,356.810.749-00,Saque Pix,101.58,2026-01-31,23:01:18
138,834.062.951-42,743.619.025-34,Pagamento,10.17,2026-01-20,07:41:56
2476,548.190.372-50,405.623.871-53,Pix Enviado,15.27,2026-01-31,21:08:40
3276,901.527.634-06,549.623.087-00,Pix Recebido,14.26,2026-01-19,00:32:07
1080,923.570.146-52,164.753.029-61,Pix Recebido,11.82,2026-01-06,16:35:43
3299,247.186.530-53,479.156.832-09,Saque Pix,43.25,2026-01-26,01:08:00
326,456.201.389-33,687.203.154-90,Pix Enviado,11.36,2026-01-18,23:52:55
1830,798.130.564-01,840.935.162-51,Pagamento,31.55,2026-01-31,06:02:55
2823,749.326.150-43,763.298.045-83,Pix Enviado,131.65,2026-01-25,07:14:51
3387,059.412.638-05,965.408.173-39,Pagamento,9.76,2026-01-04,15:20:01
4064,039.856.271-77,365.182.970-77,Pagamento,43.5,2026-01-10,13:27:47
3483,095.126.384-60,379.206.814-13,Pix Recebido,76.73,2026-01-10,06:33:00
2767,586.142.937-55,261.430.597-99,Pix Enviado,15.17,2026-01-01,09:18:19
1698,621.973.504-80,187.042.693-22,Pix Recebido,13.57,2026-01-27,18:37:29
2792,068.427.953-38,523.918.647-28,Pix Enviado,10.49,2026-01-04,16:54:30
4055,426.958.073-92,194.583.260-60,Pix Enviado,59.7,2026-01-05,15:40:38
2286,753.206.498-00,047.359.216-99,Pix Enviado,68.84,2026-01-02,08:41:44
1286,267.940.315-07,524.963.071-52,Pix Enviado,247.43,2026-01-16,19:38:30
960,908.617.235-03,605.283.497-83,Pix Enviado,43.61,2026-01-25,08:35:43
93,468.523.917-28,236.174.085-08,Pix Enviado,40.64,2026-01-03,15:27:32
4760,024.157.986-49,701.326.548-90,Pagamento,110.82,2026-01-07,11:50:51
4010,657.039.128-30,072.184.659-94,Pix Recebido,71.7,2026-01-30,06:32:01
3965,403.298.175-23,109.867.534-75,Pix Enviado,66.99,2026-01-08,10:26:10
4166,036.571.248-53,340.572.189-04,Saque Pix,15.58,2026-01-22,19:41:41
1845,954.867.201-49,435.721.906-06,Transferência,15.57,2026-01-10,06:27:11
100,736.541.829-09,346.251.879-82,Transferência,205.27,2026-01-15,20:15:20
4630,056.794.832-38,906.432.781-50,Pagamento,39.29,2026-01-17,09:53:48
3496,605.283.497-83,164.753.029-61,Saque Pix,40.06,2026-01-26,01:35:07
3129,304.752.186-71,708.263.914-78,Pix Recebido,41.01,2026-01-24,23:32:06
1576,706.384.125-44,085.376.429-83,Saque Pix,25.23,2026-01-12,23:28:01
897,036.295.174-80,749.326.150-43,Pix Recebido,13.63,2026-01-29,13:47:21
1374,538.294.706-65,790.314.562-25,Pix Enviado,10.26,2026-01-23,22:12:36
3928,046.753.921-99,085.376.429-83,Transferência,14.34,2026-01-21,23:25:13
4131,546.921.730-25,713.904.628-03,Saque Pix,453.7,2026-01-04,18:36:24
1346,097.836.214-40,691.782.045-85,Transferência,25.85,2026-01-26,13:58:42
2463,603.458.791-39,743.810.695-01,Transferência,2.69,2026-01-15,07:56:54
249,342.819.075-05,385.614.290-89,Pagamento,219.58,2026-01-12,15:12:56
2250,540.891.732-05,423.185.069-06,Pix Recebido,42.99,2026-01-10,06:19:54
2562,418.326.590-89,954.867.201-49,Transferência,80.81,2026-01-19,14:06:06
604,450.971.386-00,014.386.759-84,Pix Recebido,51.89,2026-01-09,22:14:34
3951,609.483.725-83,736.425.198-73,Transferência,13.59,2026-01-16,20:24:20
4074,713.904.628-03,085.376.429-83,Pix Recebido,9.53,2026-01-23,08:02:31
5196,956.437.201-16,176.854.203-17,Pix Enviado,100,2026-01-21,07:36:28
1768,568.137.204-90,729.365.418-91,Pix Recebido,11.56,2026-01-28,18:21:59
3913,456.201.389-33,853.612.094-06,Transferência,10.42,2026-01-10,22:40:06
521,495.327.081-97,659.438.702-29,Pix Enviado,8.98,2026-01-06,23:05:25
1223,571.039.846-20,236.174.085-08,Pix Recebido,35.56,2026-01-07,07:55:22
3621,159.062.437-80,356.810.749-00,Transferência,17.32,2026-01-20,13:32:15
4461,321.894.760-03,705.261.389-12,Pagamento,3.91,2026-01-24,13:15:33
748,873.692.514-46,159.062.437-80,Saque Pix,97.47,2026-01-29,07:18:57
3812,856.041.793-10,095.126.384-60,Pix Enviado,3.56,2026-01-18,08:34:32
4967,607.128.395-77,203.195.784-88,Saque Pix,21.49,2026-01-17,16:57:56
2451,682.314.079-87,286.471.950-94,Pix Recebido,50.55,2026-01-18,13:52:18
1954,413.589.027-04,936.807.412-78,Pix Recebido,146.95,2026-01-21,15:30:36
3715,138.470.659-39,420.156.983-70,Saque Pix,37.25,2026-01-21,12:37:10
531,659.184.023-06,395.671.042-80,Pix Enviado,6.7,2026-01-03,18:40:09
4251,829.361.705-59,309.821.576-30,Transferência,6.87,2026-01-01,08:17:23
4932,973.125.408-05,165.807.934-57,Pix Recebido,53.19,2026-01-27,21:30:24
4303,608.231.759-95,635.092.714-16,Pagamento,91.47,2026-01-20,19:55:22
60,456.201.389-33,215.084.693-42,Transferência,75.65,2026-01-26,18:48:48
3580,450.971.386-00,462.178.059-01,Transferência,30.86,2026-01-28,13:34:22
2471,412.350.768-90,853.421.096-98,Pix Enviado,350.79,2026-01-06,07:52:40
2206,302.987.615-21,386.452.079-74,Saque Pix,113.81,2026-01-12,23:53:16
400,632.549.807-00,615.093.847-66,Pix Recebido,105.57,2026-01-25,19:01:44
2824,501.936.428-24,413.589.027-04,Transferência,159.81,2026-01-01,22:31:02
2273,036.295.174-80,291.806.534-05,Saque Pix,392.14,2026-01-20,08:47:47
4396,230.541.986-42,605.432.978-29,Saque Pix,6.55,2026-01-24,14:02:57
1990,501.936.428-24,629.850.314-51,Saque Pix,307.4,2026-01-05,18:13:22
5185,712.308.549-32,386.295.147-28,Pix Enviado,1500,2026-01-03,14:53:57
5161,769.350.184-39,742.095.183-79,Pix Enviado,100,2026-01-15,21:45:48
1911,479.028.536-74,954.731.820-97,Pix Enviado,37.21,2026-01-19,15:56:47
2899,036.571.248-53,195.024.738-41,Pix Recebido,8.59,2026-01-21,07:07:39
2956,682.314.079-87,147.638.250-62,Pix Enviado,27.69,2026-01-01,17:01:33
1998,408.259.671-20,138.470.659-39,Pagamento,168.62,2026-01-27,20:58:24
944,921.346.750-80,137.058.694-93,Transferência,65.85,2026-01-31,17:36:14
4147,296.035.418-42,615.093.847-66,Transferência,35.72,2026-01-13,23:26:33
4310,378.124.690-69,496.081.753-48,Pagamento,16.28,2026-01-02,21:54:34
2884,047.359.216-99,950.431.628-05,Pix Recebido,41.43,2026-01-30,11:06:16
3759,387.190.524-05,756.231.089-03,Pagamento,48.84,2026-01-01,22:56:41
2515,503.197.648-93,047.359.216-99,Pix Recebido,545.32,2026-01-23,12:03:09
4404,609.837.421-03,235.879.640-92,Pix Recebido,8.73,2026-01-29,07:36:57
1004,093.587.412-79,195.730.482-05,Pix Enviado,16.5,2026-01-12,22:31:55
105,321.894.760-03,360.479.185-57,Transferência,139.04,2026-01-06,01:52:03
5117,276.154.809-49,130.946.257-70,Pix Enviado,243.43,2026-01-22,12:23:00
2801,694.378.510-93,571.039.846-20,Pix Recebido,28.79,2026-01-13,21:05:11
1362,346.251.879-82,957.480.361-93,Pagamento,9.29,2026-01-15,11:37:12
3312,780.364.952-10,039.285.471-60,Pagamento,1.96,2026-01-06,22:05:44
383,546.832.109-24,395.176.820-77,Saque Pix,28.76,2026-01-14,15:54:40
1765,209.851.367-40,957.634.182-55,Pix Recebido,28.96,2026-01-20,15:35:48
283,385.614.290-89,603.219.485-05,Transferência,78.54,2026-01-25,17:26:24
4753,456.201.389-33,285.734.960-29,Transferência,32.0,2026-01-09,23:53:56
2730,529.607.843-83,913.086.257-40,Pix Enviado,103.3,2026-01-28,13:55:02
4188,913.025.468-05,379.206.814-13,Pagamento,4.11,2026-01-17,00:36:53
3677,340.892.756-10,603.458.791-39,Pix Enviado,105.88,2026-01-10,19:58:56
3622,908.457.623-38,294.867.315-19,Pix Recebido,47.41,2026-01-16,23:04:42
250,219.347.805-88,036.295.174-80,Pagamento,11.89,2026-01-24,17:43:47
4765,641.305.897-84,609.483.725-83,Transferência,53.52,2026-01-08,09:06:14
1705,350.298.164-70,713.904.628-03,Pix Enviado,17.83,2026-01-04,13:47:00
4779,539.867.201-03,376.920.158-21,Pagamento,8.35,2026-01-30,17:57:54
2502,706.384.125-44,145.370.268-71,Transferência,47.97,2026-01-24,11:45:09
67,659.184.023-06,973.125.408-05,Saque Pix,32.03,2026-01-15,19:54:32
1828,538.420.697-74,961.253.704-61,Pagamento,87.52,2026-01-05,20:14:39
2360,234.165.097-06,048.126.935-51,Pix Recebido,23.25,2026-01-31,23:14:16
887,715.036.498-57,901.527.634-06,Saque Pix,32.96,2026-01-01,22:40:27
2995,387.596.024-65,385.614.290-89,Transferência,112.82,2026-01-13,12:35:33
2594,046.157.823-90,097.836.214-40,Saque Pix,47.77,2026-01-27,23:33:56
411,316.274.589-64,635.092.714-16,Pagamento,54.11,2026-01-07,11:01:52
2819,578.263.914-82,609.837.421-03,Pagamento,22.86,2026-01-24,11:00:41
3238,175.084.369-20,391.256.840-51,Pix Enviado,28.11,2026-01-07,13:17:44
2573,201.479.685-85,605.283.497-83,Transferência,43.01,2026-01-31,11:10:31
288,629.850.314-51,321.075.869-77,Saque Pix,94.32,2026-01-30,08:50:25
4971,826.043.157-26,104.927.683-31,Pix Recebido,43.81,2026-01-21,11:57:59
3436,216.593.478-82,695.172.430-06,Transferência,39.77,2026-01-24,14:18:21
1451,194.867.250-20,698.405.127-49,Pix Recebido,101.7,2026-01-22,21:36:56
5022,693.415.728-19,342.875.916-82,Pix Enviado,77.67,2026-01-25,17:02:00
4075,269.705.413-80,493.710.526-43,Pix Enviado,1.09,2026-01-25,08:00:09
1396,678.592.401-49,652.184.037-17,Saque Pix,72.73,2026-01-14,11:19:05
4806,632.549.807-00,913.086.257-40,Transferência,66.34,2026-01-25,07:50:00
3371,695.172.430-06,238.164.507-17,Pix Recebido,29.16,2026-01-20,22:17:24
2016,165.807.934-57,986.751.340-10,Pix Recebido,149.43,2026-01-28,09:48:22
1149,046.753.921-99,851.672.349-64,Pagamento,82.76,2026-01-17,18:48:26
5091,180.974.253-60,450.671.932-80,Pix Enviado,182.49,2026-01-13,22:29:00
559,127.063.948-03,024.561.793-07,Saque Pix,177.83,2026-01-08,11:15:05
238,945.217.380-79,679.184.025-02,Pagamento,63.77,2026-01-05,16:38:31
3081,036.571.248-53,608.471.239-87,Saque Pix,19.69,2026-01-08,08:30:55
2120,695.172.430-06,059.872.634-92,Pagamento,17.6,2026-01-08,22:46:23
952,730.458.921-32,479.618.503-84,Pagamento,132.64,2026-01-01,16:09:34
734,164.728.503-80,681.297.045-01,Transferência,559.81,2026-01-29,23:28:41
113,408.259.671-20,352.609.174-99,Saque Pix,53.72,2026-01-13,15:16:43
2651,315.297.648-82,753.081.629-21,Transferência,3.55,2026-01-30,18:24:41
510,630.459.872-65,657.413.290-80,Transferência,14.72,2026-01-14,07:07:23
4391,728.045.693-65,534.106.978-10,Pix Enviado,11.7,2026-01-14,18:23:16
3708,826.043.157-26,247.186.530-53,Saque Pix,158.96,2026-01-28,01:06:16
2751,089.647.251-58,826.510.937-77,Pagamento,14.08,2026-01-22,13:24:40
838,593.106.728-03,574.190.283-97,Pix Enviado,45.56,2026-01-02,14:08:16
534,641.305.897-84,423.185.069-06,Saque Pix,31.84,2026-01-15,14:38:05
2125,264.983.571-00,834.062.951-42,Pix Enviado,25.22,2026-01-30,06:54:12
2080,705.612.893-95,426.789.013-78,Pix Enviado,56.92,2026-01-14,10:54:10
4792,395.127.680-03,147.638.250-62,Pagamento,45.27,2026-01-09,12:41:32
1459,384.795.206-47,302.987.615-21,Pagamento,276.14,2026-01-10,06:20:45
2447,629.048.315-33,085.721.436-53,Pix Enviado,37.99,2026-01-08,22:17:01
1315,379.206.814-13,673.185.204-07,Saque Pix,24.51,2026-01-29,16:46:28
64,960.215.837-95,496.318.570-93,Pix Recebido,7.28,2026-01-07,18:13:02
63,617.945.023-43,716.983.054-00,Pagamento,14.77,2026-01-22,15:29:19
2000,496.318.570-93,391.256.840-51,Pagamento,154.07,2026-01-07,18:31:21
2343,867.945.301-39,728.645.103-08,Pix Recebido,5.04,2026-01-08,09:45:33
128,169.502.387-03,635.092.714-16,Pagamento,16.21,2026-01-14,13:26:25
1264,427.150.893-41,586.793.402-00,Pix Enviado,1.16,2026-01-16,17:23:13
4340,657.413.290-80,865.124.307-35,Pix Recebido,54.17,2026-01-30,18:51:22
2815,238.164.507-17,234.165.097-06,Saque Pix,1.36,2026-01-04,06:40:54
1255,367.158.024-08,509.476.138-20,Pix Enviado,22.87,2026-01-02,11:25:17
3936,608.231.759-95,695.132.704-16,Saque Pix,14.55,2026-01-04,16:11:27
3091,264.983.571-00,215.439.087-05,Saque Pix,7.69,2026-01-29,09:22:45
4719,851.672.349-64,364.751.092-07,Pix Enviado,8.52,2026-01-21,01:18:25
2870,957.634.182-55,810.792.435-50,Transferência,6.65,2026-01-01,19:39:51
251,713.045.682-53,059.412.638-05,Pix Recebido,18.07,2026-01-27,18:51:47
1825,079.652.148-49,479.618.503-84,Pix Enviado,2.94,2026-01-25,10:11:00
4021,209.814.765-11,874.361.592-91,Pix Recebido,98.14,2026-01-23,11:15:18
915,469.013.275-52,624.158.397-28,Pagamento,12.28,2026-01-09,10:08:46
3206,260.549.387-38,274.083.165-07,Transferência,90.52,2026-01-11,18:12:38
4678,187.042.693-22,574.190.283-97,Transferência,10.64,2026-01-05,16:41:00
3598,984.621.053-15,960.215.837-95,Pix Enviado,3.5,2026-01-26,19:43:38
4022,109.867.534-75,609.483.725-83,Pagamento,8.35,2026-01-22,00:00:17
3667,219.347.805-88,587.623.149-55,Pix Enviado,9.87,2026-01-27,17:29:21
2941,329.140.657-52,691.782.045-85,Pix Recebido,5.89,2026-01-19,19:49:52
5039,584.129.376-19,210.893.576-21,Pix Enviado,111.77,2026-01-09,07:41:00
3373,325.769.084-38,462.178.059-01,Pagamento,1.37,2026-01-20,23:57:08
3814,468.523.917-28,521.487.369-73,Pagamento,21.47,2026-01-28,18:28:15
2214,627.453.189-00,367.158.024-08,Saque Pix,125.57,2026-01-30,20:43:00
3415,180.645.723-71,185.324.697-28,Pix Enviado,251.83,2026-01-08,19:19:49
4368,941.267.358-28,209.851.367-40,Pix Recebido,97.72,2026-01-28,02:24:03
2231,812.540.796-02,790.138.246-50,Saque Pix,32.88,2026-01-11,17:02:53
1106,346.251.879-82,194.583.260-60,Saque Pix,24.72,2026-01-12,13:21:29
3588,173.469.802-04,031.794.582-32,Pagamento,42.26,2026-01-24,17:24:58
2601,749.326.150-43,347.509.162-34,Pagamento,74.03,2026-01-24,07:23:46
1840,296.518.073-77,924.516.087-49,Transferência,39.46,2026-01-19,11:15:42
306,602.975.148-49,549.386.270-00,Pix Recebido,68.25,2026-01-02,16:20:00
950,430.187.562-07,957.480.361-93,Transferência,30.88,2026-01-27,21:48:41
4885,513.480.629-24,521.463.087-53,Pagamento,9.39,2026-01-19,06:03:50
4761,932.768.045-65,014.386.759-84,Pix Recebido,6.97,2026-01-26,23:27:53
2525,315.297.648-82,809.352.671-40,Transferência,19.98,2026-01-26,15:10:49
3281,215.084.693-42,479.618.503-84,Transferência,29.86,2026-01-08,14:49:23
857,138.470.659-39,695.172.430-06,Pix Enviado,28.61,2026-01-25,09:08:45
27,479.156.832-09,715.036.498-57,Pix Enviado,17.48,2026-01-03,16:37:07
2113,230.541.986-42,465.273.108-62,Transferência,5.86,2026-01-28,18:00:38
222,361.498.250-51,630.859.427-00,Transferência,41.64,2026-01-27,08:42:54
5086,980.372.451-79,903.712.586-77,Pix Enviado,52.47,2026-01-24,14:05:00
4041,684.512.790-58,349.270.618-50,Transferência,12.87,2026-01-06,22:41:50
762,524.963.071-52,908.617.235-03,Pix Recebido,22.54,2026-01-12,12:42:49
4701,169.502.387-03,045.927.163-61,Pix Recebido,30.54,2026-01-12,10:50:57
3485,580.364.297-56,501.936.428-24,Pagamento,72.18,2026-01-10,12:49:36
3535,079.652.148-49,749.326.150-43,Pagamento,96.43,2026-01-01,11:12:16
3675,631.892.540-60,352.987.164-82,Pix Enviado,127.02,2026-01-17,21:57:57
3385,187.042.693-22,780.364.952-10,Pagamento,117.19,2026-01-10,17:12:27
695,296.308.147-22,325.769.084-38,Saque Pix,60.4,2026-01-30,12:21:09
5137,261.385.409-05,674.891.250-49,Pix Enviado,105.05,2026-01-13,22:48:00
841,716.983.054-00,193.674.528-37,Transferência,8.92,2026-01-07,07:51:57
5183,712.308.549-32,847.091.356-57,Pix Enviado,1500,2026-01-28,17:44:57
2927,867.945.301-39,945.217.380-79,Pix Enviado,49.04,2026-01-23,10:12:31
2302,546.832.109-24,165.874.920-02,Saque Pix,5.6,2026-01-07,14:31:28
3150,426.789.013-78,350.298.164-70,Transferência,68.7,2026-01-25,15:14:17
2158,960.215.837-95,984.621.053-15,Transferência,10.02,2026-01-25,07:19:15
4676,936.812.507-40,913.086.257-40,Pagamento,4.44,2026-01-14,20:07:21
4137,821.476.305-35,513.480.629-24,Transferência,21.43,2026-01-24,14:08:57
5079,980.372.451-79,967.352.814-46,Pix Enviado,193.1,2026-01-24,14:05:00
3132,729.835.106-03,062.371.594-52,Pagamento,16.77,2026-01-23,20:35:42
4905,041.837.295-05,679.184.025-02,Pix Recebido,54.14,2026-01-24,06:23:52
3656,369.418.702-22,865.124.307-35,Pix Enviado,38.02,2026-01-27,18:07:45
3753,204.596.718-20,296.518.073-77,Pagamento,13.63,2026-01-16,07:36:43
1944,106.847.592-76,285.734.960-29,Pix Recebido,8.51,2026-01-31,10:04:01
1318,165.874.920-02,247.159.863-37,Pagamento,10.58,2026-01-12,17:48:58
2146,593.106.728-03,648.905.137-01,Saque Pix,42.64,2026-01-28,06:55:25
3670,306.871.524-53,012.938.654-51,Pagamento,34.28,2026-01-02,22:13:29
3172,826.510.937-77,548.190.372-50,Transferência,90.21,2026-01-29,01:35:47
3432,325.769.084-38,312.689.475-55,Pagamento,4.86,2026-01-03,10:13:15
5174,273.901.458-97,350.247.691-80,Pix Enviado,500,2026-01-08,21:23:16
4345,325.769.084-38,285.734.960-29,Saque Pix,10.05,2026-01-26,20:17:41
935,690.582.174-85,901.527.634-06,Transferência,44.55,2026-01-05,17:06:59
743,593.716.824-00,615.093.847-66,Pix Recebido,6.45,2026-01-21,20:08:27
517,538.420.697-74,358.709.642-29,Saque Pix,36.02,2026-01-26,22:33:01
3920,842.063.951-60,147.529.380-14,Pix Recebido,49.26,2026-01-13,20:49:40
4710,874.625.390-47,045.927.163-61,Pagamento,1.81,2026-01-13,04:39:08
4833,340.892.756-10,624.158.397-28,Pix Recebido,16.84,2026-01-09,08:42:38
3517,285.734.960-29,608.231.759-95,Saque Pix,31.58,2026-01-02,23:55:54
4877,238.164.507-17,356.810.749-00,Transferência,9.47,2026-01-02,21:48:33
2152,546.832.109-24,743.810.695-01,Transferência,274.9,2026-01-09,10:58:29
1143,645.723.801-71,659.184.023-06,Transferência,4.22,2026-01-29,18:18:14
2363,957.480.361-93,862.059.741-85,Transferência,87.67,2026-01-05,10:06:17
1659,708.263.914-78,829.361.705-59,Pix Recebido,100.17,2026-01-21,03:35:58
3434,908.457.623-38,901.527.634-06,Pagamento,34.0,2026-01-15,09:25:00
730,035.174.982-97,586.142.937-55,Pix Enviado,11.91,2026-01-28,09:32:55
182,874.510.369-01,736.425.198-73,Pix Enviado,179.14,2026-01-14,16:35:41
1528,630.859.427-00,612.930.578-86,Transferência,55.46,2026-01-10,10:37:53
769,784.952.361-09,637.541.089-48,Pix Enviado,6.67,2026-01-22,21:29:24
3797,705.261.389-12,107.563.284-62,Saque Pix,109.1,2026-01-02,23:29:59
2880,164.723.850-17,586.142.937-55,Pagamento,28.37,2026-01-05,14:30:30
121,175.602.348-44,165.270.834-08,Pagamento,78.47,2026-01-05,09:41:40
4370,568.790.312-77,753.206.498-00,Pagamento,55.72,2026-01-03,08:12:14
208,621.973.504-80,274.083.165-07,Pix Recebido,1.36,2026-01-27,07:40:35
3218,138.470.659-39,189.374.560-01,Pix Enviado,109.95,2026-01-07,22:05:21
2390,018.324.769-87,309.821.576-30,Pix Recebido,15.79,2026-01-17,17:57:35
2859,954.867.201-49,617.945.023-43,Pix Recebido,28.24,2026-01-28,12:26:07
3211,169.502.387-03,418.326.590-89,Saque Pix,40.61,2026-01-08,17:13:21
3718,193.674.528-37,352.609.174-99,Pagamento,13.18,2026-01-01,21:13:30
1314,790.562.348-38,607.128.395-77,Transferência,25.86,2026-01-16,12:01:22
4492,269.705.413-80,659.438.702-29,Pix Recebido,167.3,2026-01-06,09:18:59
349,426.789.013-78,256.731.904-25,Transferência,14.9,2026-01-18,00:30:52
4559,548.190.372-50,603.219.485-05,Pix Recebido,4.55,2026-01-29,12:51:25
2388,215.084.693-42,479.156.832-09,Pix Recebido,37.47,2026-01-27,11:29:25
523,829.361.574-55,496.081.753-48,Pix Enviado,6.64,2026-01-05,23:47:50
293,175.084.369-20,329.140.657-52,Pix Recebido,43.11,2026-01-10,19:39:38
4896,035.978.642-10,152.068.479-76,Pix Recebido,67.89,2026-01-01,17:46:56
408,501.936.428-24,852.091.463-24,Pagamento,44.69,2026-01-09,16:23:21
4725,790.314.562-25,358.274.160-53,Pix Recebido,29.64,2026-01-17,17:23:40
912,810.792.435-50,834.062.951-42,Saque Pix,6.24,2026-01-05,07:45:50
3765,957.634.182-55,041.837.625-53,Pix Enviado,3.37,2026-01-15,12:32:21
1859,294.357.081-88,385.614.290-89,Pix Recebido,157.86,2026-01-13,08:46:01
3679,418.326.590-89,946.572.813-64,Pix Recebido,13.82,2026-01-12,23:08:07
2397,908.617.235-03,209.851.367-40,Pix Recebido,119.29,2026-01-03,09:09:21
3269,690.582.174-85,203.195.784-88,Transferência,13.69,2026-01-20,18:00:23
3575,294.357.081-88,621.973.504-80,Transferência,38.93,2026-01-14,14:34:25
3316,874.510.369-01,352.987.164-82,Saque Pix,44.8,2026-01-21,17:42:58
747,315.297.648-82,431.026.795-52,Pix Enviado,75.37,2026-01-30,21:47:01
1210,657.408.913-10,715.036.498-57,Pix Recebido,8.64,2026-01-05,23:52:54
1620,637.541.089-48,456.201.389-33,Transferência,72.84,2026-01-26,01:43:36
4557,045.927.163-61,659.438.702-29,Pix Enviado,6.15,2026-01-17,16:08:20
2025,602.975.148-49,609.837.421-03,Pix Recebido,53.83,2026-01-22,06:27:27
2014,198.073.462-31,063.418.279-03,Pix Enviado,58.66,2026-01-29,13:48:18
4920,329.168.470-22,726.043.958-00,Saque Pix,360.31,2026-01-31,07:34:00
1471,826.549.370-38,705.924.186-85,Pagamento,54.97,2026-01-13,09:14:15
1492,387.596.024-65,593.106.728-03,Pagamento,16.46,2026-01-28,07:10:57
2354,052.396.874-47,378.046.912-03,Transferência,17.75,2026-01-30,14:29:59
4513,341.906.587-66,908.216.743-31,Transferência,106.56,2026-01-27,22:20:53
927,397.614.280-87,653.817.209-12,Transferência,840.03,2026-01-21,05:09:47
1352,095.126.384-60,036.571.248-53,Saque Pix,34.0,2026-01-03,15:38:04
3105,325.769.084-38,546.921.730-25,Transferência,33.64,2026-01-07,21:57:05
2321,367.158.024-08,015.493.768-10,Pagamento,10.51,2026-01-28,13:31:31
5002,418.672.593-46,247.605.398-83,Pix Enviado,282.52,2026-01-22,14:19:00
4972,203.195.784-88,219.347.805-88,Transferência,181.62,2026-01-28,14:22:48
1403,378.046.912-03,578.263.914-82,Saque Pix,52.32,2026-01-30,18:09:17
4662,395.671.042-80,729.835.106-03,Pix Recebido,142.85,2026-01-01,19:13:58
4028,209.851.367-40,518.746.029-30,Saque Pix,16.27,2026-01-02,16:35:04
5063,362.140.958-06,184.975.026-20,Pix Enviado,257.37,2026-01-11,21:52:00
1866,195.364.028-15,690.582.174-85,Saque Pix,5.19,2026-01-15,21:56:13
2082,103.426.978-03,906.432.781-50,Pagamento,377.3,2026-01-18,22:40:44
5181,712.308.549-32,158.476.302-71,Pix Enviado,1500,2026-01-02,15:05:51
4663,384.795.206-47,829.361.705-59,Transferência,30.52,2026-01-20,15:12:42
3858,294.357.081-88,493.710.526-43,Transferência,204.64,2026-01-10,15:06:52
1971,842.967.503-56,809.352.671-40,Pagamento,18.86,2026-01-23,18:01:16
5115,276.154.809-49,159.876.204-49,Pix Enviado,126.53,2026-01-22,12:23:00
2433,936.807.412-78,165.874.920-02,Pix Recebido,23.21,2026-01-07,09:11:22
1800,921.346.750-80,603.124.987-13,Transferência,28.96,2026-01-12,07:46:09
3613,954.731.820-97,609.837.421-03,Pagamento,39.49,2026-01-22,17:36:28
5096,180.974.253-60,230.795.184-97,Pix Enviado,245.18,2026-01-13,22:29:00
3475,145.370.268-71,360.479.185-57,Pagamento,28.12,2026-01-18,15:34:58
2603,617.409.532-07,923.570.146-52,Pix Enviado,28.13,2026-01-07,20:28:23
4204,107.563.284-62,652.184.037-17,Pix Recebido,11.15,2026-01-05,13:33:06
5170,273.901.458-97,649.125.038-51,Pix Enviado,500,2026-01-13,08:03:49
3546,546.921.730-25,691.782.045-85,Pix Recebido,15.83,2026-01-06,17:51:38
737,936.812.507-40,678.592.401-49,Pagamento,52.92,2026-01-15,18:49:35
2734,216.593.478-82,682.314.079-87,Pix Enviado,36.53,2026-01-24,07:16:27
2008,035.174.982-97,180.645.723-71,Pix Enviado,10.11,2026-01-24,17:43:06
953,285.360.941-33,950.431.628-05,Transferência,8.29,2026-01-23,17:28:43
2015,035.174.982-97,418.326.590-89,Pix Recebido,171.7,2026-01-30,09:10:27
4167,081.254.963-51,329.140.657-52,Pagamento,7.81,2026-01-29,12:56:35
826,471.953.820-79,359.410.728-05,Pix Enviado,6.34,2026-01-22,09:05:25
4454,659.438.702-29,684.512.790-58,Transferência,47.11,2026-01-22,19:26:34
773,138.470.659-39,387.596.024-65,Pagamento,47.92,2026-01-17,20:12:06
4822,103.426.978-03,874.625.390-47,Pix Enviado,48.19,2026-01-14,10:12:06
2035,126.735.894-73,360.479.185-57,Pix Enviado,11.78,2026-01-04,10:51:32
715,087.649.321-50,285.793.146-82,Pagamento,463.97,2026-01-15,15:35:16
4583,356.810.749-00,835.460.719-48,Pix Recebido,18.17,2026-01-31,15:43:11
5021,423.085.967-83,094.172.865-01,Pix Enviado,95.25,2026-01-04,23:52:00
377,068.427.953-38,743.810.695-01,Pix Recebido,22.97,2026-01-25,21:06:14
3542,574.190.283-97,913.025.468-05,Pagamento,35.77,2026-01-13,23:42:06
2766,708.263.914-78,467.935.201-99,Transferência,7.7,2026-01-26,19:26:18
4489,321.894.760-03,024.157.986-49,Transferência,946.73,2026-01-29,08:53:03
717,630.859.427-00,853.612.094-06,Pagamento,50.37,2026-01-24,22:17:08
2629,653.817.209-12,376.920.158-21,Pix Recebido,46.33,2026-01-24,19:32:43
505,809.352.671-40,961.253.704-61,Pagamento,45.03,2026-01-09,16:10:00
1757,412.350.768-90,093.587.412-79,Pagamento,61.75,2026-01-24,03:04:44
1410,216.593.478-82,387.596.024-65,Transferência,67.05,2026-01-01,07:04:55
2127,109.867.534-75,865.124.307-35,Saque Pix,43.61,2026-01-09,14:26:25
2551,571.039.846-20,195.364.028-15,Transferência,20.13,2026-01-05,21:21:40
3034,361.479.205-61,109.867.534-75,Pix Recebido,43.92,2026-01-16,12:04:22
2505,321.894.760-03,630.859.427-00,Pix Recebido,4.57,2026-01-05,18:49:58
4954,296.308.147-22,874.510.369-01,Pix Enviado,25.23,2026-01-02,11:01:34
2980,340.572.189-04,401.956.283-06,Pix Enviado,56.38,2026-01-30,07:00:53
3400,350.298.164-70,085.376.429-83,Transferência,6.28,2026-01-23,17:11:53
1599,675.908.214-11,346.251.879-82,Pix Recebido,41.85,2026-01-12,12:32:37
3958,018.324.769-87,498.635.072-29,Pix Recebido,22.59,2026-01-26,06:09:29
4070,365.182.970-77,378.046.912-03,Pix Enviado,31.67,2026-01-27,14:17:53
334,126.735.894-73,659.438.017-66,Transferência,45.99,2026-01-28,20:16:16
4841,729.835.106-03,479.028.536-74,Pix Recebido,58.57,2026-01-08,15:50:54
2931,109.276.345-70,349.270.618-50,Pix Recebido,188.07,2026-01-19,06:39:57
657,706.384.125-44,908.617.235-03,Pix Enviado,27.24,2026-01-15,10:37:18
2683,107.563.284-62,749.326.150-43,Pix Recebido,204.08,2026-01-13,19:39:02
2271,540.873.916-39,069.251.738-30,Pix Enviado,25.9,2026-01-09,06:03:52
572,194.583.260-60,534.106.978-10,Saque Pix,8.83,2026-01-20,22:47:06
4153,621.973.504-80,036.295.174-80,Pix Enviado,30.57,2026-01-05,17:42:20
3682,294.581.067-02,195.364.028-15,Pix Recebido,233.9,2026-01-29,20:02:49
2387,609.357.142-43,104.927.683-31,Pagamento,197.63,2026-01-11,15:11:15
3967,294.631.805-24,513.480.629-24,Pix Recebido,35.06,2026-01-13,06:36:36
483,716.983.054-00,095.126.384-60,Transferência,70.05,2026-01-06,20:37:26
2832,718.693.240-13,052.396.874-47,Saque Pix,371.22,2026-01-17,15:31:16
503,047.359.216-99,705.261.389-12,Saque Pix,435.82,2026-01-30,22:59:30
365,198.073.462-31,312.689.475-55,Transferência,44.67,2026-01-31,19:45:58
4831,678.925.134-00,378.046.912-03,Transferência,14.05,2026-01-19,06:18:18
5050,175.289.346-82,765.902.418-30,Pix Enviado,114.22,2026-01-12,18:15:00
4857,185.324.697-28,906.247.813-13,Saque Pix,2.71,2026-01-13,03:29:50
3071,926.317.048-78,462.178.059-01,Pagamento,131.76,2026-01-18,17:36:17
3024,921.346.750-80,159.062.437-80,Pix Recebido,121.09,2026-01-05,14:59:16
3339,521.487.369-73,085.721.436-53,Pix Enviado,14.04,2026-01-26,21:54:35
107,059.243.876-74,350.298.164-70,Pix Enviado,8.55,2026-01-26,21:01:32
2101,260.549.387-38,042.167.385-08,Pix Recebido,28.58,2026-01-17,19:45:00
1999,815.274.369-00,743.619.025-34,Pix Enviado,8.94,2026-01-12,19:39:16
728,031.794.582-32,403.182.657-53,Pagamento,29.99,2026-01-09,16:37:18
1562,829.361.574-55,025.167.489-49,Pix Recebido,118.14,2026-01-20,08:37:24
3617,152.068.479-76,209.814.765-11,Pagamento,47.55,2026-01-12,09:46:29
4667,867.429.153-82,512.398.047-41,Saque Pix,56.13,2026-01-09,17:35:36
1419,430.187.562-07,617.945.023-43,Transferência,58.26,2026-01-11,10:33:51
3224,901.527.634-06,568.137.204-90,Pix Enviado,187.06,2026-01-02,14:17:55
2712,365.182.970-77,274.083.165-07,Transferência,7.27,2026-01-07,10:29:37
389,524.963.071-52,762.531.489-82,Pagamento,23.59,2026-01-12,05:41:06
1745,617.409.532-07,813.729.654-91,Transferência,17.8,2026-01-16,14:25:25
316,024.157.986-49,936.807.412-78,Saque Pix,38.02,2026-01-05,23:40:55
3131,780.364.952-10,625.790.143-06,Pix Recebido,3.47,2026-01-05,21:30:29
3335,926.317.048-78,014.386.759-84,Pix Enviado,83.36,2026-01-04,22:51:23
2481,586.793.402-00,036.571.248-53,Transferência,24.39,2026-01-11,13:43:05
4890,147.638.250-62,169.502.387-03,Transferência,56.77,2026-01-26,22:21:42
3325,316.274.589-64,678.925.134-00,Pix Recebido,14.75,2026-01-17,23:46:33
1625,378.046.912-03,367.158.024-08,Transferência,15.12,2026-01-28,12:24:53
4267,867.945.301-39,624.158.397-28,Transferência,16.71,2026-01-28,20:39:29
2070,301.274.698-69,056.794.832-38,Pagamento,46.93,2026-01-27,23:32:46
1632,195.742.360-99,540.891.732-05,Pix Recebido,113.97,2026-01-16,20:18:12
1600,035.174.982-97,204.563.198-24,Saque Pix,67.85,2026-01-25,22:33:07
4567,042.837.195-79,235.194.870-04,Transferência,120.82,2026-01-23,15:06:38
1831,538.164.790-57,729.835.106-03,Pix Enviado,7.87,2026-01-21,07:26:19
4777,189.374.560-01,617.945.023-43,Pix Recebido,57.54,2026-01-06,23:15:09
3863,479.618.503-84,687.203.154-90,Pix Recebido,73.75,2026-01-14,18:52:36
277,279.683.410-78,756.231.089-03,Pix Recebido,16.27,2026-01-12,17:34:40
2563,638.721.405-07,069.251.738-30,Pix Recebido,13.97,2026-01-10,06:32:22
628,412.350.768-90,496.318.570-93,Saque Pix,65.78,2026-01-31,17:19:55
2337,856.041.793-10,359.410.728-05,Pix Enviado,14.24,2026-01-16,10:25:17
1979,568.790.312-77,965.408.173-39,Transferência,44.31,2026-01-20,08:34:52
1435,302.987.615-21,015.493.768-10,Saque Pix,7.44,2026-01-06,13:52:02
4193,706.384.125-44,465.902.381-89,Saque Pix,18.04,2026-01-11,17:11:43
3323,329.168.470-22,965.408.173-39,Pix Recebido,27.89,2026-01-05,18:03:39
1452,362.504.978-38,362.504.978-38,Pagamento,63.76,2026-01-25,06:27:49
4004,378.124.690-69,613.924.875-28,Transferência,20.42,2026-01-29,15:01:38
3762,403.298.175-23,264.983.571-00,Pix Recebido,18.24,2026-01-17,08:05:55
3579,167.845.932-19,835.460.719-48,Transferência,28.58,2026-01-12,08:53:04
693,513.409.276-16,653.817.209-12,Transferência,19.48,2026-01-03,15:46:51
1469,736.425.198-73,913.540.827-88,Saque Pix,31.71,2026-01-24,18:08:59
3063,761.540.389-84,426.789.013-78,Pagamento,35.81,2026-01-14,17:05:19
1101,524.963.071-52,698.031.452-15,Transferência,50.82,2026-01-14,07:02:26
3777,856.047.923-65,234.165.097-06,Saque Pix,37.1,2026-01-03,10:19:06
2345,294.581.067-02,192.358.604-15,Transferência,5.92,2026-01-28,02:14:36
3374,921.346.750-80,908.617.235-03,Saque Pix,64.34,2026-01-21,21:42:46
5120,128.930.674-50,705.261.948-20,Pix Enviado,170.79,2026-01-06,10:16:00
1342,206.189.473-96,251.089.473-05,Transferência,33.42,2026-01-27,19:09:03
4846,728.045.693-65,385.614.290-89,Saque Pix,112.33,2026-01-27,12:03:27
2921,097.836.214-40,052.396.874-47,Saque Pix,360.58,2026-01-03,14:21:26
3793,641.305.897-84,085.376.429-83,Transferência,69.67,2026-01-12,12:53:49
4501,104.927.683-31,025.167.489-49,Pix Enviado,8.85,2026-01-06,06:26:44
1941,152.068.479-76,379.206.814-13,Pagamento,20.77,2026-01-17,20:11:09
878,926.317.048-78,908.617.235-03,Pix Recebido,7.64,2026-01-04,04:18:47
2309,657.408.913-10,913.025.468-05,Pagamento,51.25,2026-01-19,11:12:02
17,190.576.328-02,160.592.478-49,Pagamento,138.19,2026-01-25,22:13:30
1041,089.647.251-58,352.987.164-82,Saque Pix,27.12,2026-01-23,16:33:47
2920,873.645.201-71,412.350.768-90,Saque Pix,64.91,2026-01-11,16:24:31
1310,539.867.201-03,546.832.109-24,Pix Recebido,3.98,2026-01-18,12:07:42
3266,194.867.250-20,439.675.218-00,Transferência,15.65,2026-01-19,11:51:38
4437,136.258.904-70,350.276.184-17,Pagamento,21.58,2026-01-15,17:29:56
4344,743.810.695-01,296.308.147-22,Pix Enviado,120.34,2026-01-07,07:59:23
3655,718.693.240-13,120.985.436-89,Pix Enviado,7.87,2026-01-10,14:04:00
4042,946.572.813-64,104.927.683-31,Saque Pix,61.11,2026-01-18,07:35:58
1476,690.582.174-85,426.789.013-78,Pagamento,6.31,2026-01-06,08:31:37
3577,401.956.283-06,195.730.482-05,Saque Pix,20.76,2026-01-16,23:55:01
1748,238.164.507-17,609.483.725-83,Saque Pix,11.99,2026-01-19,08:07:37
385,853.612.094-06,865.124.307-35,Saque Pix,67.38,2026-01-24,22:48:24
142,908.216.743-31,165.807.934-57,Pix Enviado,11.39,2026-01-18,14:53:07
1958,089.647.251-58,531.760.428-17,Pix Enviado,32.57,2026-01-30,18:41:58
3437,630.459.872-65,467.935.201-99,Pix Recebido,18.69,2026-01-29,21:04:33
1770,468.523.917-28,784.351.690-57,Pix Enviado,22.62,2026-01-02,08:07:45
4548,961.253.704-61,906.432.781-50,Pagamento,7.94,2026-01-11,17:56:23
4081,238.409.176-03,423.185.069-06,Pix Recebido,13.05,2026-01-14,23:38:20
2494,941.267.358-28,403.298.175-23,Pix Recebido,55.79,2026-01-03,15:47:47
1521,856.041.793-10,137.058.694-93,Pagamento,88.73,2026-01-30,16:21:58
3562,095.126.384-60,378.046.912-03,Saque Pix,10.98,2026-01-09,18:38:45
1096,035.978.642-10,192.358.604-15,Pix Enviado,13.91,2026-01-16,10:27:30
2638,925.164.708-94,908.617.235-03,Pix Enviado,39.05,2026-01-30,08:27:57
985,736.541.829-09,435.721.906-06,Transferência,75.05,2026-01-31,20:31:51
5070,852.976.043-38,503.281.476-80,Pix Enviado,76.45,2026-01-03,14:40:00
1256,316.274.589-64,059.872.634-92,Saque Pix,19.75,2026-01-23,14:17:37
3509,358.274.160-53,042.837.195-79,Pix Enviado,87.33,2026-01-25,06:41:48
1162,954.137.082-97,062.385.149-06,Pix Enviado,6.42,2026-01-07,12:34:28
1140,624.158.397-28,395.176.820-77,Pix Enviado,9.49,2026-01-12,09:53:34
1322,684.512.790-58,175.084.369-20,Pagamento,27.52,2026-01-10,21:39:54
437,358.709.642-29,784.952.361-09,Pix Recebido,45.99,2026-01-26,09:49:43
4946,042.837.195-79,014.386.759-84,Saque Pix,41.84,2026-01-31,11:12:52
5133,830.927.461-04,659.127.043-43,Pix Enviado,66.76,2026-01-03,09:47:00
932,062.834.975-00,352.609.174-99,Transferência,346.18,2026-01-20,10:49:32
2786,570.349.681-01,570.349.681-01,Pagamento,3.16,2026-01-01,20:12:43
2284,954.867.201-49,609.483.725-83,Pix Recebido,172.58,2026-01-25,07:38:58
457,159.062.437-80,408.259.671-20,Pix Recebido,95.63,2026-01-29,12:16:18
2740,304.752.186-71,349.270.618-50,Saque Pix,14.43,2026-01-01,23:40:42
1540,673.185.204-07,238.409.176-03,Transferência,26.83,2026-01-12,22:58:58
5173,273.901.458-97,539.140.872-50,Pix Enviado,500,2026-01-21,09:50:43
5149,813.924.506-24,054.917.832-50,Pix Enviado,100,2026-01-14,12:17:34
4390,342.819.075-05,294.867.315-19,Pix Recebido,4.98,2026-01-07,07:02:55
1755,024.561.793-07,361.479.205-61,Pix Recebido,7.51,2026-01-16,10:45:24
4977,498.630.715-01,124.765.890-20,Pix Enviado,113.47,2026-01-26,17:18:17
3900,529.607.843-83,321.894.760-03,Pix Recebido,65.6,2026-01-21,12:19:41
4604,809.352.671-40,506.924.781-67,Pagamento,504.69,2026-01-10,21:54:52
2452,684.512.790-58,035.174.982-97,Pix Enviado,13.15,2026-01-18,22:14:22
2226,954.731.820-97,908.617.235-03,Pix Recebido,41.23,2026-01-15,19:04:58
3109,852.091.463-24,165.874.920-02,Pix Enviado,43.63,2026-01-19,05:58:22
3801,762.531.489-82,347.509.162-34,Transferência,5.06,2026-01-16,05:56:36
431,730.458.921-32,867.429.153-82,Transferência,102.26,2026-01-27,13:50:01
2592,062.385.149-06,790.138.246-50,Saque Pix,59.56,2026-01-21,11:55:24
3884,039.285.471-60,798.130.564-01,Transferência,5.5,2026-01-09,23:33:12
3852,127.063.948-03,147.529.380-14,Pix Enviado,14.37,2026-01-12,10:31:03
2689,784.351.690-57,571.039.846-20,Transferência,19.95,2026-01-23,12:22:50
917,329.168.470-22,749.326.150-43,Saque Pix,19.02,2026-01-20,18:11:05
427,796.842.301-50,046.157.823-90,Pix Recebido,31.14,2026-01-30,09:18:06
3175,740.356.819-20,304.752.186-71,Transferência,93.66,2026-01-06,19:58:11
2715,072.184.659-94,025.167.489-49,Pix Recebido,171.37,2026-01-09,17:46:52
4521,586.142.937-55,023.157.896-21,Pix Recebido,174.64,2026-01-17,12:45:10
4223,624.158.397-28,691.782.045-85,Pagamento,16.96,2026-01-15,06:24:28
1180,230.541.986-42,427.150.893-41,Pagamento,58.49,2026-01-03,13:35:30
1326,403.298.175-23,498.635.072-29,Saque Pix,101.17,2026-01-15,17:41:18
3706,024.157.986-49,741.692.835-46,Saque Pix,83.11,2026-01-18,15:53:19
3463,609.357.142-43,215.084.693-42,Pix Recebido,8.42,2026-01-05,23:47:28
40,185.324.697-28,347.685.102-80,Pagamento,7.72,2026-01-17,14:29:04
1289,762.531.489-82,360.479.185-57,Pagamento,17.03,2026-01-25,20:31:45
4238,408.259.671-20,350.276.184-17,Pix Enviado,17.53,2026-01-08,10:04:46
4601,503.197.648-93,349.270.618-50,Transferência,42.79,2026-01-28,13:50:05
4974,932.768.045-65,549.386.270-00,Pix Recebido,179.18,2026-01-14,11:49:36
4293,430.187.562-07,109.276.345-70,Transferência,89.48,2026-01-12,11:19:42
957,921.346.750-80,326.104.759-34,Pix Enviado,49.15,2026-01-08,15:46:25
2946,264.708.951-58,609.357.142-43,Saque Pix,67.54,2026-01-26,09:38:20
1331,890.715.642-58,274.351.069-25,Saque Pix,30.19,2026-01-19,11:12:55
1054,602.138.497-04,726.043.958-00,Pix Recebido,29.11,2026-01-29,12:23:20
1740,062.385.149-06,652.184.037-17,Pagamento,96.56,2026-01-15,13:23:20
1175,085.376.429-83,826.043.157-26,Pix Enviado,64.33,2026-01-01,13:29:29
2029,568.137.204-90,479.156.832-09,Saque Pix,340.82,2026-01-27,23:44:17
3642,294.357.081-88,467.395.081-00,Transferência,52.61,2026-01-02,06:02:08
602,809.352.671-40,045.927.163-61,Saque Pix,49.83,2026-01-16,15:13:59
3813,296.518.073-77,267.940.315-07,Pix Enviado,44.07,2026-01-31,09:30:57
1602,867.945.301-39,561.379.248-82,Pix Enviado,20.7,2026-01-24,18:37:54
1731,349.270.618-50,941.267.358-28,Pagamento,230.49,2026-01-29,22:43:12
1144,813.729.654-91,306.871.524-53,Pix Recebido,42.29,2026-01-15,21:49:28
976,467.935.201-99,469.013.275-52,Saque Pix,42.56,2026-01-16,11:48:01
610,378.124.690-69,230.541.986-42,Saque Pix,18.17,2026-01-31,19:13:25
2513,274.351.069-25,521.463.087-53,Transferência,16.14,2026-01-31,17:48:59
1385,549.386.270-00,039.285.471-60,Transferência,141.67,2026-01-31,17:12:30
2572,682.314.079-87,705.924.186-85,Pix Recebido,47.59,2026-01-29,19:34:23
2827,829.361.705-59,538.420.697-74,Saque Pix,14.6,2026-01-06,11:48:31
2791,405.179.628-02,190.576.328-02,Pix Enviado,113.3,2026-01-04,06:50:49
2448,378.046.912-03,641.305.897-84,Saque Pix,15.23,2026-01-29,20:11:53
2124,367.158.024-08,580.364.297-56,Pix Enviado,11.37,2026-01-03,18:15:19
919,986.751.340-10,384.795.206-47,Pix Recebido,41.43,2026-01-15,16:26:47
225,496.318.570-93,346.251.879-82,Pix Recebido,34.96,2026-01-03,22:33:38
4844,219.347.805-88,267.940.315-07,Pix Enviado,10.64,2026-01-02,07:19:42
3393,784.351.690-57,794.216.053-06,Pix Recebido,288.4,2026-01-30,13:08:13
4593,678.592.401-49,450.971.386-00,Transferência,21.32,2026-01-07,23:07:17
3093,423.079.615-34,346.251.879-82,Saque Pix,15.26,2026-01-25,19:48:06
325,659.043.178-75,638.721.405-07,Transferência,50.87,2026-01-25,14:14:47
301,498.635.072-29,908.457.623-38,Transferência,29.62,2026-01-18,18:57:13
4348,609.483.725-83,932.768.045-65,Pagamento,191.3,2026-01-10,10:47:44
1204,523.918.647-28,062.834.975-00,Pix Recebido,25.03,2026-01-29,10:47:36
3998,395.671.042-80,951.380.274-41,Pix Enviado,55.87,2026-01-24,12:12:54
4136,829.361.705-59,951.380.274-41,Transferência,27.19,2026-01-24,23:52:52
256,829.361.574-55,301.274.698-69,Pix Enviado,92.87,2026-01-05,13:13:45
4839,385.614.290-89,920.863.174-50,Saque Pix,106.48,2026-01-17,11:46:42
520,690.582.174-85,316.274.589-64,Saque Pix,119.51,2026-01-12,16:01:32
598,218.973.650-12,169.502.387-03,Pix Recebido,52.03,2026-01-18,01:03:00
2164,657.413.290-80,014.386.759-84,Saque Pix,17.51,2026-01-18,18:50:47
1126,645.723.801-71,867.429.153-82,Pagamento,5.83,2026-01-24,09:47:25
592,391.256.840-51,164.753.029-61,Pix Recebido,260.05,2026-01-18,17:20:48
1788,574.190.283-97,538.294.706-65,Pagamento,63.99,2026-01-31,09:29:24
5052,175.289.346-82,392.176.508-03,Pix Enviado,197.97,2026-01-12,18:15:00
5140,261.385.409-05,058.794.263-00,Pix Enviado,294.52,2026-01-13,22:48:00
1299,185.324.697-28,465.273.108-62,Saque Pix,47.2,2026-01-22,10:36:35
3878,089.647.251-58,352.987.164-82,Pagamento,59.26,2026-01-18,10:16:07
1039,627.453.189-00,906.432.781-50,Pix Recebido,5.21,2026-01-15,06:06:50
2732,296.035.418-42,052.396.874-47,Saque Pix,199.44,2026-01-23,23:08:52
4687,302.987.451-60,853.612.094-06,Pagamento,64.0,2026-01-08,10:04:06
3748,198.073.462-31,315.820.497-50,Transferência,169.62,2026-01-31,16:35:29
3482,365.182.970-77,095.126.384-60,Pix Enviado,58.09,2026-01-27,14:57:09
1111,279.683.410-78,498.630.715-01,Pix Recebido,70.66,2026-01-07,12:12:58
843,356.810.749-00,173.469.802-04,Pagamento,4.57,2026-01-16,15:24:42
2961,954.137.082-97,175.084.369-20,Pix Recebido,368.2,2026-01-28,11:37:16
1726,304.817.652-71,784.952.361-09,Transferência,209.32,2026-01-22,11:26:59
3363,024.157.986-49,093.587.412-79,Transferência,2.74,2026-01-07,11:34:11
308,794.216.053-06,736.541.829-09,Pix Enviado,35.29,2026-01-17,10:29:35
3077,165.874.920-02,365.182.970-77,Saque Pix,5.28,2026-01-29,08:48:50
4244,059.412.638-05,705.924.186-85,Saque Pix,325.98,2026-01-08,21:28:18
4709,786.923.540-74,350.276.184-17,Pagamento,77.39,2026-01-16,07:53:18
3696,325.841.760-17,986.751.340-10,Pix Enviado,6.5,2026-01-23,20:46:02
235,023.157.896-21,673.185.204-07,Transferência,11.89,2026-01-23,06:16:24
1634,190.576.328-02,085.721.436-53,Pagamento,5.64,2026-01-03,07:57:36
532,790.864.213-69,509.476.138-20,Pix Recebido,15.35,2026-01-17,22:36:58
3817,561.379.248-82,853.612.094-06,Pix Recebido,17.73,2026-01-24,23:27:58
4285,456.201.389-33,940.627.158-30,Saque Pix,8.13,2026-01-15,14:32:35
2709,521.487.369-73,321.075.869-77,Pagamento,297.29,2026-01-25,09:25:56
2881,195.730.482-05,238.409.176-03,Pix Enviado,19.64,2026-01-19,21:28:26
2334,160.592.478-49,867.945.301-39,Pagamento,8.85,2026-01-22,23:40:47
261,743.810.695-01,728.045.693-65,Pix Recebido,34.28,2026-01-01,15:24:33
126,160.592.478-49,296.308.147-22,Transferência,46.91,2026-01-19,16:12:00
3987,260.549.387-38,498.635.072-29,Pagamento,9.92,2026-01-30,22:57:58
1064,695.172.430-06,023.157.896-21,Pix Recebido,2.65,2026-01-23,08:34:16
1729,407.821.356-17,062.385.149-06,Saque Pix,10.11,2026-01-17,09:05:44
5158,769.350.184-39,046.713.298-40,Pix Enviado,100,2026-01-10,23:32:03
1560,180.645.723-71,045.927.163-61,Pix Recebido,15.96,2026-01-15,06:01:59
2405,710.354.892-79,218.973.650-12,Transferência,46.44,2026-01-19,07:57:44
4603,705.261.389-12,306.871.524-53,Saque Pix,84.43,2026-01-18,17:50:27
1303,657.408.913-10,286.471.950-94,Pix Enviado,68.41,2026-01-12,18:44:31
1002,874.510.369-01,401.956.283-06,Pix Enviado,46.96,2026-01-05,19:25:29
122,916.327.540-61,360.479.185-57,Saque Pix,52.27,2026-01-19,13:43:17
665,960.215.837-95,950.431.628-05,Pix Enviado,2.22,2026-01-13,10:21:30
1864,521.487.369-73,602.975.148-49,Pix Enviado,19.49,2026-01-31,12:36:48
360,408.259.671-20,194.867.250-20,Pix Recebido,28.21,2026-01-03,15:20:11
2663,908.617.235-03,341.906.587-66,Pix Enviado,194.13,2026-01-14,08:31:02
2587,164.728.503-80,269.705.413-80,Pix Recebido,34.3,2026-01-30,22:09:26
2140,234.165.097-06,825.074.691-02,Transferência,30.93,2026-01-22,14:18:49
3975,342.819.075-05,247.186.530-53,Saque Pix,60.75,2026-01-14,13:19:09
3850,405.179.628-02,073.852.491-32,Pix Recebido,136.36,2026-01-19,18:14:23
2181,529.607.843-83,147.529.380-14,Saque Pix,37.02,2026-01-26,16:34:36
4698,609.483.725-83,615.093.847-66,Pagamento,14.44,2026-01-31,21:32:12
4716,364.751.092-07,721.680.359-03,Pagamento,37.36,2026-01-22,15:33:46
515,340.572.189-04,467.395.081-00,Saque Pix,91.0,2026-01-08,11:04:38
425,296.308.147-22,164.728.503-80,Pix Enviado,20.3,2026-01-13,15:03:21
2772,106.847.592-76,269.705.413-80,Saque Pix,14.9,2026-01-25,20:19:36
3484,815.274.369-00,786.923.540-74,Transferência,27.42,2026-01-14,10:44:21
2664,967.528.304-10,361.479.205-61,Transferência,30.9,2026-01-28,11:25:43
4122,961.253.704-61,315.820.497-50,Pix Enviado,14.78,2026-01-01,09:21:50
3589,635.492.107-52,659.184.023-06,Transferência,121.53,2026-01-25,21:58:29
1585,629.048.315-33,190.576.328-02,Pix Recebido,24.19,2026-01-27,12:11:36
2861,540.891.732-05,195.364.028-15,Saque Pix,82.9,2026-01-22,22:49:14
1891,412.350.768-90,048.126.935-51,Pix Recebido,10.89,2026-01-25,17:39:56
4772,340.892.756-10,386.452.079-74,Pix Recebido,39.15,2026-01-16,14:30:40
3255,730.458.921-32,395.176.820-77,Pagamento,31.48,2026-01-04,11:56:24
5080,980.372.451-79,841.523.079-60,Pix Enviado,107.88,2026-01-24,14:05:00
2915,659.438.702-29,509.127.834-60,Saque Pix,48.97,2026-01-30,09:48:10
2965,205.437.968-92,342.819.075-05,Pagamento,433.07,2026-01-21,04:39:18
501,185.324.697-28,097.836.214-40,Transferência,21.58,2026-01-30,10:13:42
31,423.079.615-34,350.276.184-17,Transferência,12.06,2026-01-23,23:07:23
3430,829.361.705-59,214.068.397-87,Pix Recebido,140.16,2026-01-19,12:41:33
787,124.765.890-20,679.184.025-02,Pix Recebido,41.95,2026-01-14,19:40:45
21,548.190.372-50,459.102.768-67,Saque Pix,125.1,2026-01-24,01:44:38
1949,619.423.580-24,279.683.410-78,Saque Pix,35.07,2026-01-17,16:10:36
1442,326.104.759-34,493.710.526-43,Pix Enviado,67.77,2026-01-18,16:43:11
2224,586.793.402-00,190.576.328-02,Pix Recebido,9.43,2026-01-06,09:18:58
4784,190.576.328-02,302.987.451-60,Pix Enviado,75.03,2026-01-26,07:15:36
2682,763.298.045-83,294.631.805-24,Pix Recebido,32.29,2026-01-07,23:58:58
3164,957.634.182-55,471.953.820-79,Saque Pix,6.22,2026-01-29,09:07:43
3847,605.283.497-83,496.081.753-48,Pagamento,15.17,2026-01-22,09:00:29
1316,164.753.029-61,165.270.834-08,Pix Enviado,117.05,2026-01-18,08:10:34
3190,630.459.872-65,023.157.896-21,Pix Enviado,18.91,2026-01-05,15:53:59
1648,062.834.975-00,543.612.807-62,Transferência,71.67,2026-01-26,12:45:42
1679,561.379.248-82,149.072.865-11,Pix Recebido,314.53,2026-01-04,23:13:49
3,913.025.468-05,602.138.497-04,Transferência,86.86,2026-01-02,23:54:59
3440,815.437.906-66,036.295.174-80,Pix Enviado,18.21,2026-01-29,11:53:45
379,206.791.835-40,682.314.079-87,Pix Enviado,30.14,2026-01-03,03:18:28
2837,456.201.389-33,175.084.369-20,Pix Recebido,7.28,2026-01-06,11:19:59
3308,548.190.372-50,386.452.079-74,Pix Recebido,112.83,2026-01-19,07:13:03
2756,873.645.201-71,923.570.146-52,Saque Pix,14.43,2026-01-31,03:59:05
2812,617.409.532-07,024.157.986-49,Pagamento,47.45,2026-01-29,08:04:53
836,796.842.301-50,698.031.452-15,Pix Enviado,11.97,2026-01-28,13:36:34
305,173.469.802-04,890.715.642-58,Pagamento,217.74,2026-01-14,08:50:55
3938,913.025.468-05,427.150.893-41,Pagamento,22.29,2026-01-23,12:53:48
1801,603.458.791-39,496.318.570-93,Pix Recebido,73.47,2026-01-20,20:48:38
1706,967.528.304-10,960.215.837-95,Pix Recebido,16.82,2026-01-14,13:59:11
1251,941.267.358-28,625.790.143-06,Pix Enviado,29.44,2026-01-21,09:49:17
4386,721.680.359-03,149.072.865-11,Pix Recebido,13.9,2026-01-16,19:01:30
1277,097.213.685-12,856.047.923-65,Pix Recebido,73.34,2026-01-16,16:59:14
4095,498.630.715-01,539.867.201-03,Pix Recebido,34.48,2026-01-06,18:47:09
4455,035.978.642-10,874.510.369-01,Pagamento,52.42,2026-01-30,19:37:00
3258,069.251.738-30,913.540.827-88,Saque Pix,16.67,2026-01-10,09:10:44
476,079.652.148-49,423.185.069-06,Saque Pix,14.32,2026-01-14,09:22:38
1078,635.492.107-52,097.836.214-40,Saque Pix,143.84,2026-01-03,11:52:22
4650,657.039.128-30,358.274.160-53,Transferência,33.0,2026-01-13,20:02:23
1058,387.190.524-05,459.102.768-67,Pix Enviado,24.14,2026-01-19,20:29:39
4970,085.376.429-83,352.987.164-82,Transferência,116.78,2026-01-25,19:38:53
384,301.274.698-69,379.206.814-13,Pix Recebido,27.61,2026-01-15,15:43:58
465,341.906.587-66,840.935.162-51,Pix Recebido,30.24,2026-01-22,11:40:48
1300,302.987.615-21,365.182.970-77,Pix Enviado,63.84,2026-01-27,16:10:53
434,264.708.951-58,072.584.613-53,Pix Recebido,53.11,2026-01-09,02:45:39
1956,957.480.361-93,954.867.201-49,Transferência,142.46,2026-01-18,13:31:26
405,539.867.201-03,726.043.958-00,Pagamento,42.94,2026-01-02,13:21:56
1022,874.361.592-91,361.498.250-51,Pix Recebido,10.48,2026-01-09,10:30:21
3704,081.254.963-51,908.617.235-03,Pagamento,44.55,2026-01-26,18:43:57
1643,609.837.421-03,812.540.796-02,Saque Pix,23.69,2026-01-02,07:33:13
4924,923.570.146-52,695.132.704-16,Saque Pix,32.6,2026-01-28,13:41:06
5198,956.437.201-16,497.628.510-30,Pix Enviado,100,2026-01-08,22:08:23
4645,187.042.693-22,031.794.582-32,Saque Pix,11.77,2026-01-25,13:28:17
2558,215.439.087-05,678.925.134-00,Pix Enviado,141.19,2026-01-30,08:35:02
2141,431.026.795-52,794.216.053-06,Transferência,50.15,2026-01-07,21:10:40
1903,467.395.081-00,503.197.648-93,Transferência,48.16,2026-01-28,14:07:53
4923,395.176.820-77,496.318.570-93,Transferência,6.92,2026-01-06,15:20:27
4091,743.619.025-34,403.298.175-23,Pix Recebido,9.81,2026-01-24,10:09:56
500,790.314.562-25,109.276.345-70,Transferência,3.06,2026-01-03,19:35:24
4533,796.842.301-50,617.945.023-43,Saque Pix,13.37,2026-01-13,06:14:28
669,856.047.923-65,657.039.128-30,Saque Pix,35.87,2026-01-05,20:02:48
1425,679.184.025-02,829.361.574-55,Transferência,18.95,2026-01-14,22:52:00
2776,608.471.239-87,710.385.264-26,Pix Recebido,47.91,2026-01-09,06:59:40
4669,605.283.497-83,923.150.784-23,Saque Pix,24.62,2026-01-14,06:24:59
3668,465.273.108-62,018.324.769-87,Pagamento,283.93,2026-01-01,11:33:12
2557,062.834.975-00,916.327.540-61,Transferência,58.22,2026-01-05,07:29:31
3459,834.750.926-38,325.769.084-38,Saque Pix,45.53,2026-01-08,14:25:51
3487,304.817.652-71,678.592.401-49,Pagamento,72.17,2026-01-30,07:22:27
3914,195.364.028-15,341.906.587-66,Saque Pix,62.87,2026-01-04,22:57:40
3328,874.510.369-01,234.165.097-06,Pix Recebido,99.76,2026-01-31,15:09:46
785,413.589.027-04,496.081.753-48,Pix Enviado,16.05,2026-01-01,18:12:38
1381,198.073.462-31,302.987.451-60,Transferência,11.1,2026-01-22,07:37:24
2042,059.872.634-92,784.351.690-57,Pagamento,13.7,2026-01-05,17:36:31
3755,834.062.951-42,059.872.634-92,Pix Recebido,47.55,2026-01-18,14:43:24
4498,549.623.087-00,705.924.186-85,Pix Recebido,317.7,2026-01-15,23:22:25
1505,764.051.298-02,180.645.723-71,Pix Recebido,64.04,2026-01-31,14:35:46
180,164.753.029-61,825.074.691-02,Pagamento,45.29,2026-01-24,07:08:52
3747,285.360.941-33,635.092.714-16,Pagamento,6.49,2026-01-17,14:25:48
3707,574.190.283-97,706.384.125-44,Pagamento,23.24,2026-01-22,15:22:29
4154,862.059.741-85,384.795.206-47,Pagamento,7.7,2026-01-19,18:18:21
333,431.026.795-52,936.807.412-78,Saque Pix,14.91,2026-01-08,23:29:11
4322,561.379.248-82,904.586.321-98,Pix Recebido,26.37,2026-01-17,17:45:08
2944,835.460.719-48,204.563.198-24,Transferência,41.06,2026-01-13,23:52:50
4338,609.483.725-83,056.794.832-38,Pagamento,5.11,2026-01-31,17:53:46
4325,403.298.175-23,710.385.264-26,Pix Enviado,187.98,2026-01-12,14:38:10
1501,369.418.702-22,215.084.693-42,Transferência,9.52,2026-01-07,21:40:53
792,198.073.462-31,501.936.428-24,Transferência,103.68,2026-01-11,16:11:23
687,613.924.875-28,165.270.834-08,Transferência,26.79,2026-01-15,15:49:52
2948,637.541.089-48,062.385.149-06,Transferência,85.76,2026-01-04,07:28:35
1208,467.395.081-00,423.079.615-34,Pagamento,10.77,2026-01-03,06:24:25
691,605.279.138-12,195.730.482-05,Pix Recebido,22.13,2026-01-19,22:29:39
3161,352.609.174-99,825.074.691-02,Pagamento,31.14,2026-01-19,10:21:09
3195,401.956.283-06,236.174.085-08,Pix Recebido,11.07,2026-01-29,00:56:50
5067,362.140.958-06,107.582.693-40,Pix Enviado,55.09,2026-01-11,21:52:00
3451,398.615.420-51,360.479.185-57,Pix Recebido,31.31,2026-01-21,15:49:53
3752,367.158.024-08,347.685.102-80,Pix Recebido,362.22,2026-01-16,20:13:53
4358,450.971.386-00,325.769.084-38,Saque Pix,15.96,2026-01-09,09:37:17
401,695.132.704-16,690.582.174-85,Saque Pix,65.54,2026-01-22,15:38:27
1962,046.753.921-99,234.165.097-06,Saque Pix,20.6,2026-01-13,22:27:44
1542,574.190.283-97,349.270.618-50,Pagamento,66.84,2026-01-17,07:08:40
2160,381.462.795-46,426.789.013-78,Saque Pix,32.01,2026-01-30,20:23:24
3608,786.923.540-74,852.391.647-46,Saque Pix,126.91,2026-01-25,18:31:17
4510,624.158.397-28,608.231.759-95,Pix Enviado,16.66,2026-01-14,17:09:24
3904,853.612.094-06,538.420.697-74,Pagamento,10.14,2026-01-06,16:05:22
2672,932.768.045-65,147.529.380-14,Saque Pix,32.7,2026-01-20,16:34:14
4903,954.137.082-97,039.285.471-60,Pix Enviado,38.86,2026-01-29,19:53:05
3583,619.423.580-24,024.157.986-49,Pix Recebido,60.48,2026-01-26,11:04:57
1081,657.413.290-80,159.062.437-80,Transferência,111.49,2026-01-23,20:27:50
4020,561.379.248-82,602.138.497-04,Pix Recebido,135.46,2026-01-08,08:33:26
1481,405.179.628-02,521.487.369-73,Pix Recebido,78.9,2026-01-24,15:56:57
978,904.586.321-98,269.705.413-80,Pix Enviado,25.87,2026-01-25,07:16:46
1771,167.845.932-19,209.851.367-40,Pagamento,99.57,2026-01-18,10:34:52
5092,180.974.253-60,697.413.028-78,Pix Enviado,132.39,2026-01-13,22:29:00
5008,418.672.593-46,850.741.329-32,Pix Enviado,240.09,2026-01-22,14:19:00
3446,341.586.027-26,160.592.478-49,Transferência,11.32,2026-01-08,19:50:47
2858,815.437.906-66,593.106.728-03,Pix Enviado,22.52,2026-01-01,23:38:57
3548,361.498.250-51,713.045.682-53,Pagamento,83.89,2026-01-10,12:26:50
3256,279.683.410-78,706.384.125-44,Pix Recebido,30.03,2026-01-04,07:25:29
3263,954.731.820-97,605.279.138-12,Pix Recebido,7.58,2026-01-31,18:46:22
645,932.768.045-65,603.124.987-13,Pagamento,110.84,2026-01-08,20:17:20
1467,690.582.174-85,954.731.820-97,Saque Pix,14.32,2026-01-09,14:31:08
3978,469.013.275-52,408.259.671-20,Pix Recebido,21.33,2026-01-25,17:18:13
954,126.735.894-73,304.817.652-71,Pix Recebido,58.72,2026-01-10,20:55:50
1807,321.075.869-77,395.127.680-03,Transferência,21.05,2026-01-07,21:50:00
1692,954.137.082-97,840.935.162-51,Pix Recebido,13.79,2026-01-05,09:51:00
4099,023.157.896-21,743.810.695-01,Pagamento,180.29,2026-01-16,16:43:22
24,496.081.753-48,046.753.921-99,Pix Enviado,6.49,2026-01-29,13:25:45
4879,526.831.497-19,192.358.604-15,Pagamento,131.46,2026-01-05,14:17:51
2450,834.062.951-42,538.294.706-65,Pix Recebido,365.96,2026-01-07,15:05:44
3574,274.351.069-25,705.261.389-12,Saque Pix,11.93,2026-01-07,05:06:14
4305,874.361.592-91,498.635.072-29,Pagamento,14.72,2026-01-29,20:40:20
119,518.746.029-30,810.723.956-30,Transferência,265.31,2026-01-08,14:50:37
3351,341.586.027-26,392.061.754-16,Pagamento,53.79,2026-01-16,09:29:11
4774,219.347.805-88,984.621.053-15,Pix Recebido,17.3,2026-01-24,06:22:54
4436,469.013.275-52,627.453.189-00,Saque Pix,59.85,2026-01-19,21:49:49
5134,830.927.461-04,867.013.954-57,Pix Enviado,134.58,2026-01-03,09:47:00
5037,584.129.376-19,845.219.673-37,Pix Enviado,200.2,2026-01-09,07:41:00
4526,698.405.127-49,913.025.468-05,Transferência,5.66,2026-01-07,14:51:51
1370,350.298.164-70,960.215.837-95,Pagamento,33.95,2026-01-22,22:01:01
4044,784.351.690-57,586.793.402-00,Transferência,31.88,2026-01-10,20:22:07
1025,705.612.893-95,381.462.795-46,Pagamento,34.37,2026-01-20,22:02:41
1906,407.821.356-17,692.081.374-22,Pagamento,75.71,2026-01-11,14:49:42
1297,238.164.507-17,081.254.963-51,Transferência,5.59,2026-01-16,19:52:49
1209,913.086.257-40,394.761.058-01,Transferência,22.12,2026-01-30,11:38:56
2385,908.617.235-03,048.126.935-51,Pix Recebido,27.83,2026-01-13,13:18:02
2467,045.927.163-61,465.902.381-89,Transferência,5.22,2026-01-25,14:56:01
3866,204.596.718-20,059.872.634-92,Pix Recebido,92.44,2026-01-12,08:04:07
3037,205.437.968-92,048.126.935-51,Transferência,20.49,2026-01-11,19:47:53
2831,538.420.697-74,726.043.958-00,Saque Pix,9.17,2026-01-24,08:41:06
352,347.685.102-80,790.864.213-69,Saque Pix,68.88,2026-01-13,18:25:19
4576,753.081.629-21,165.807.934-57,Pagamento,16.57,2026-01-02,09:00:43
262,204.563.198-24,392.061.754-16,Pix Recebido,6.38,2026-01-05,10:07:54
4225,097.213.685-12,468.523.917-28,Saque Pix,72.52,2026-01-14,18:08:31
3203,089.647.251-58,728.645.103-08,Transferência,45.21,2026-01-25,10:12:40
3384,501.936.428-24,035.978.642-10,Pagamento,23.06,2026-01-19,11:05:11
640,062.371.594-52,198.073.462-31,Pagamento,41.47,2026-01-21,07:37:14
2252,238.164.507-17,234.165.097-06,Pix Recebido,72.4,2026-01-18,22:32:49
215,790.138.246-50,412.350.768-90,Pagamento,28.11,2026-01-02,13:32:37
4432,673.185.204-07,215.439.087-05,Transferência,46.82,2026-01-27,22:04:12
388,913.025.468-05,924.516.087-49,Pix Enviado,20.61,2026-01-06,13:06:33
3743,782.914.356-00,762.531.489-82,Saque Pix,8.42,2026-01-08,11:10:40
480,862.059.741-85,459.102.768-67,Transferência,13.6,2026-01-13,20:08:09
3678,056.794.832-38,321.894.760-03,Pix Enviado,118.76,2026-01-07,18:57:33
4140,718.693.240-13,376.920.158-21,Transferência,146.48,2026-01-08,19:47:25
1633,039.285.471-60,062.834.975-00,Transferência,15.31,2026-01-13,06:30:48
1583,015.493.768-10,426.789.013-78,Pix Recebido,5.29,2026-01-28,06:46:45
535,261.430.597-99,364.751.092-07,Saque Pix,11.04,2026-01-07,13:22:53
1132,835.460.719-48,015.493.768-10,Transferência,11.43,2026-01-03,05:18:27
4266,165.270.834-08,901.527.634-06,Pix Recebido,102.05,2026-01-11,11:25:55
3114,950.431.628-05,736.902.184-03,Pix Enviado,58.39,2026-01-14,18:36:03
3596,247.159.863-37,450.971.386-00,Saque Pix,12.38,2026-01-08,14:51:37
2323,465.902.381-89,954.867.201-49,Pix Enviado,2.77,2026-01-08,01:41:06
3248,476.018.539-93,301.274.698-69,Pagamento,15.62,2026-01-14,08:07:27
3547,694.378.510-93,106.847.592-76,Saque Pix,255.05,2026-01-05,15:07:50
1570,342.819.075-05,851.249.036-51,Pagamento,7.56,2026-01-31,13:39:41
3789,908.617.235-03,106.847.592-76,Transferência,16.31,2026-01-04,07:39:58
682,826.549.370-38,630.459.872-65,Transferência,145.73,2026-01-10,08:19:05
1781,267.940.315-07,285.360.941-33,Transferência,20.91,2026-01-03,15:35:50
3651,296.518.073-77,164.753.029-61,Pix Recebido,33.9,2026-01-17,18:10:05
761,635.092.714-16,641.305.897-84,Pagamento,55.81,2026-01-14,14:35:27
1339,629.850.314-51,325.841.760-17,Pagamento,19.99,2026-01-31,18:54:33
856,634.510.872-35,095.126.384-60,Pagamento,185.02,2026-01-29,09:40:41
819,741.609.852-11,346.251.879-82,Saque Pix,13.29,2026-01-26,20:41:18
2774,641.305.897-84,625.790.143-06,Pagamento,233.73,2026-01-03,14:20:09
4689,251.089.473-05,430.187.562-07,Pix Enviado,22.39,2026-01-14,11:20:38
372,498.635.072-29,798.130.564-01,Pix Recebido,13.98,2026-01-08,15:53:08
127,635.492.107-52,645.723.801-71,Saque Pix,678.14,2026-01-15,18:58:07
1662,549.318.267-09,690.582.174-85,Pix Enviado,16.65,2026-01-05,15:26:14
3409,570.349.681-01,603.458.791-39,Transferência,15.16,2026-01-02,22:20:47
342,691.782.045-85,612.930.578-86,Pagamento,201.3,2026-01-07,20:27:26
200,913.025.468-05,230.541.986-42,Saque Pix,29.99,2026-01-15,13:51:59
2945,165.874.920-02,498.630.715-01,Transferência,17.99,2026-01-25,11:13:13
76,760.481.293-78,362.504.978-38,Pix Recebido,201.27,2026-01-19,12:15:51
1084,815.274.369-00,302.987.451-60,Saque Pix,60.2,2026-01-01,11:02:54
2926,069.251.738-30,786.923.540-74,Transferência,25.37,2026-01-14,19:06:32
3287,736.425.198-73,698.405.127-49,Pix Enviado,40.6,2026-01-22,02:39:19
1723,945.217.380-79,120.985.436-89,Pagamento,19.81,2026-01-26,07:20:58
4213,926.317.048-78,794.216.053-06,Pagamento,88.84,2026-01-21,13:02:37
4149,790.864.213-69,984.621.053-15,Pix Recebido,11.05,2026-01-03,15:59:24
451,534.106.978-10,165.807.934-57,Pagamento,25.75,2026-01-30,15:46:19
969,362.794.051-25,741.609.852-11,Saque Pix,85.65,2026-01-21,19:36:53
859,312.689.475-55,718.693.240-13,Transferência,12.78,2026-01-19,15:18:08
4897,315.820.497-50,203.195.784-88,Pix Recebido,51.89,2026-01-01,17:03:48
1159,740.356.819-20,678.592.401-49,Pagamento,38.99,2026-01-24,12:07:26
3403,468.523.917-28,608.231.759-95,Pix Enviado,468.67,2026-01-11,22:10:18
2050,024.561.793-07,612.930.578-86,Pix Recebido,94.25,2026-01-29,10:22:58
2895,874.510.369-01,325.479.061-80,Transferência,79.92,2026-01-21,10:27:15
2407,790.138.246-50,147.529.380-14,Pix Recebido,52.33,2026-01-22,07:44:33
4241,164.728.503-80,407.821.356-17,Pix Enviado,24.05,2026-01-15,10:52:44
930,635.092.714-16,603.219.485-05,Pagamento,22.52,2026-01-28,07:07:03
319,341.586.027-26,346.251.879-82,Pix Enviado,132.11,2026-01-30,09:28:16
2582,834.062.951-42,659.043.178-75,Transferência,323.22,2026-01-19,15:43:22
390,687.203.154-90,713.045.682-53,Transferência,4.37,2026-01-29,10:38:48
594,698.405.127-49,310.748.562-44,Saque Pix,36.68,2026-01-01,21:21:02
4607,235.879.640-92,014.386.759-84,Transferência,19.46,2026-01-14,10:27:49
5165,073.142.965-61,523.016.498-06,Pix Enviado,500,2026-01-25,22:52:27
772,073.852.491-32,925.164.708-94,Pix Enviado,5.0,2026-01-18,15:10:12
223,571.039.846-20,940.627.158-30,Transferência,28.62,2026-01-28,16:48:27
4633,269.705.413-80,730.458.921-32,Pagamento,74.31,2026-01-02,13:51:28
2528,362.794.051-25,852.091.463-24,Pagamento,18.81,2026-01-03,10:37:21
129,147.638.250-62,164.728.503-80,Pix Enviado,16.39,2026-01-13,10:00:04
1904,634.510.872-35,529.607.843-83,Pagamento,5.82,2026-01-19,10:45:12
3997,862.059.741-85,763.298.045-83,Pix Recebido,131.01,2026-01-17,06:14:27
56,501.936.428-24,423.185.069-06,Pix Recebido,23.56,2026-01-12,13:38:30
159,587.623.149-55,342.819.075-05,Transferência,180.62,2026-01-28,14:05:46
4033,659.184.023-06,678.925.134-00,Pix Enviado,16.54,2026-01-06,23:10:03
4405,198.073.462-31,574.190.283-97,Pix Enviado,86.26,2026-01-01,22:49:19
2211,924.516.087-49,329.168.470-22,Pagamento,223.14,2026-01-25,12:51:48
1000,358.709.642-29,521.487.369-73,Saque Pix,19.96,2026-01-02,11:06:13
3488,593.716.824-00,296.035.418-42,Saque Pix,258.51,2026-01-13,11:12:36
1378,926.317.048-78,740.268.135-17,Pix Enviado,34.96,2026-01-01,12:30:56
3508,587.623.149-55,682.314.079-87,Transferência,51.33,2026-01-13,15:32:05
70,657.039.128-30,613.924.875-28,Pix Recebido,7.46,2026-01-05,10:48:21
2656,810.792.435-50,764.051.298-02,Pagamento,9.81,2026-01-23,20:24:01
1498,358.274.160-53,710.385.264-26,Pagamento,37.35,2026-01-06,15:59:40
3674,835.460.719-48,413.589.027-04,Pagamento,18.62,2026-01-17,11:08:30
4628,529.607.843-83,834.062.951-42,Pix Recebido,35.17,2026-01-01,14:43:59
3169,167.845.932-19,730.458.921-32,Pix Enviado,37.86,2026-01-30,21:49:52
1436,325.479.061-80,659.438.702-29,Pix Recebido,122.53,2026-01-21,19:38:23
1959,786.923.540-74,608.471.239-87,Pix Recebido,8.52,2026-01-08,08:57:43
3683,036.571.248-53,342.819.075-05,Pix Recebido,3.24,2026-01-23,07:24:29
3930,072.184.659-94,462.178.059-01,Pix Enviado,33.81,2026-01-31,21:57:00
2453,790.138.246-50,014.386.759-84,Transferência,235.94,2026-01-18,22:50:32
1684,352.609.174-99,681.297.045-01,Pix Enviado,41.17,2026-01-23,20:52:55
4039,167.845.932-19,538.420.697-74,Transferência,13.37,2026-01-16,14:25:18
888,041.837.295-05,690.582.174-85,Transferência,10.66,2026-01-23,23:26:18
4948,784.351.690-57,851.672.349-64,Pix Enviado,34.35,2026-01-14,12:06:41
1105,503.197.648-93,408.259.671-20,Transferência,8.21,2026-01-10,08:06:43
3408,325.769.084-38,874.510.369-01,Transferência,25.57,2026-01-04,20:58:57
2352,957.634.182-55,498.630.715-01,Pagamento,21.06,2026-01-01,15:11:41
3766,706.384.125-44,946.572.813-64,Pix Recebido,37.24,2026-01-19,08:38:14
1948,198.073.462-31,014.386.759-84,Pagamento,10.72,2026-01-04,16:10:16
236,175.084.369-20,073.852.491-32,Pix Enviado,39.63,2026-01-18,17:09:42
3056,932.768.045-65,862.059.741-85,Pix Enviado,8.98,2026-01-25,21:51:49
4497,085.721.436-53,018.324.769-87,Saque Pix,23.27,2026-01-15,22:56:29
4686,856.041.793-10,645.723.801-71,Pix Recebido,42.21,2026-01-31,10:31:40
1099,862.059.741-85,580.364.297-56,Pix Recebido,16.21,2026-01-03,21:48:55
2459,568.137.204-90,657.413.290-80,Transferência,15.86,2026-01-07,17:08:08
1479,920.863.174-50,762.531.489-82,Pix Recebido,38.29,2026-01-15,17:05:34
1276,471.953.820-79,673.185.204-07,Transferência,66.01,2026-01-23,11:35:34
4427,580.364.297-56,840.935.162-51,Pix Recebido,214.34,2026-01-11,21:17:38
2200,815.437.906-66,341.586.027-26,Transferência,6.31,2026-01-18,14:08:38
3428,736.541.829-09,347.509.162-34,Saque Pix,33.25,2026-01-22,09:41:39
350,521.463.087-53,526.831.497-19,Saque Pix,12.46,2026-01-11,07:43:45
2626,316.274.589-64,862.059.741-85,Pagamento,114.18,2026-01-06,14:09:36
962,506.924.781-67,476.018.539-93,Saque Pix,108.68,2026-01-08,08:08:08
1195,342.819.075-05,203.195.784-88,Transferência,22.04,2026-01-01,14:03:04
3345,503.197.648-93,359.410.728-05,Pix Enviado,34.33,2026-01-06,21:59:20
4187,603.458.791-39,479.618.503-84,Pix Enviado,34.66,2026-01-02,22:30:29
4250,835.460.719-48,619.423.580-24,Pix Recebido,34.54,2026-01-17,23:56:43
2802,435.890.261-89,036.571.248-53,Saque Pix,17.03,2026-01-11,16:15:21
3952,347.509.162-34,312.689.475-55,Pix Recebido,54.46,2026-01-27,13:13:58
1020,687.203.154-90,842.063.951-60,Pix Enviado,193.89,2026-01-10,12:27:27
3711,853.612.094-06,341.906.587-66,Pix Recebido,38.7,2026-01-11,03:19:29
4582,062.834.975-00,302.987.451-60,Transferência,2.56,2026-01-07,19:33:19
2428,274.351.069-25,401.956.283-06,Transferência,43.55,2026-01-03,22:14:21
3638,126.735.894-73,635.092.714-16,Pagamento,479.32,2026-01-05,03:28:07
460,164.723.850-17,324.765.891-28,Pix Enviado,15.86,2026-01-09,21:17:24
3100,274.083.165-07,753.081.629-21,Pagamento,81.54,2026-01-08,09:32:26
1049,736.425.198-73,439.675.218-00,Pix Recebido,113.86,2026-01-19,16:37:47
1344,456.201.389-33,756.231.089-03,Saque Pix,52.43,2026-01-15,11:32:30
4158,782.914.356-00,475.690.821-76,Transferência,60.06,2026-01-31,07:35:48
2782,395.671.042-80,867.945.301-39,Saque Pix,21.66,2026-01-01,15:07:31
4532,471.953.820-79,387.596.024-65,Pagamento,132.22,2026-01-12,19:28:47
4349,659.043.178-75,195.742.360-99,Pagamento,86.42,2026-01-05,11:43:18
2355,580.364.297-56,815.274.369-00,Saque Pix,6.77,2026-01-10,23:46:50
3194,031.794.582-32,218.973.650-12,Pix Enviado,55.84,2026-01-30,23:06:17
709,967.528.304-10,087.649.321-50,Pix Recebido,19.55,2026-01-30,21:41:03
849,736.541.829-09,036.571.248-53,Pagamento,13.64,2026-01-06,10:10:31
5203,175.983.024-05,840.637.129-31,Pix Enviado,11117.98,2026-01-29,04:02:24
626,574.190.283-97,201.479.685-85,Saque Pix,100.7,2026-01-20,06:09:00
714,079.652.148-49,426.958.073-92,Pix Recebido,7.03,2026-01-02,08:50:58
1353,603.458.791-39,924.516.087-49,Pagamento,31.7,2026-01-05,16:24:47
481,629.048.315-33,546.921.730-25,Pix Enviado,52.01,2026-01-21,09:19:13
2183,073.852.491-32,821.043.657-08,Pix Recebido,250.67,2026-01-25,17:09:05
936,294.581.067-02,461.930.852-89,Pix Recebido,216.05,2026-01-25,20:05:10
1892,307.815.642-71,539.867.201-03,Transferência,85.08,2026-01-25,19:12:08
690,349.270.618-50,926.317.048-78,Transferência,44.78,2026-01-08,09:04:00
3725,073.852.491-32,856.047.923-65,Pix Enviado,8.0,2026-01-29,10:32:52
259,378.124.690-69,593.106.728-03,Pix Recebido,128.83,2026-01-17,23:21:08
5102,702.495.361-61,576.084.912-30,Pix Enviado,270.41,2026-01-01,13:43:00
2524,138.470.659-39,723.504.691-07,Transferência,0.96,2026-01-09,21:57:08
2170,607.128.395-77,932.768.045-65,Transferência,5.07,2026-01-16,16:00:31
5051,175.289.346-82,170.624.598-01,Pix Enviado,199.03,2026-01-12,18:15:00
2934,201.479.685-85,603.124.987-13,Pagamento,2.93,2026-01-07,15:54:24
5025,693.415.728-19,197.308.564-00,Pix Enviado,50.9,2026-01-25,17:02:00
2555,534.106.978-10,605.432.978-29,Saque Pix,56.97,2026-01-20,15:16:46
3300,580.364.297-56,941.267.358-28,Pix Recebido,102.08,2026-01-19,22:00:01
2676,109.276.345-70,957.480.361-93,Saque Pix,12.31,2026-01-19,13:31:45
4400,152.068.479-76,986.751.340-10,Pix Enviado,95.61,2026-01-05,22:59:22
4514,892.053.741-05,784.351.690-57,Transferência,109.54,2026-01-23,19:15:47
1170,296.035.418-42,605.432.978-29,Transferência,6.38,2026-01-08,08:16:51
5004,418.672.593-46,237.540.968-00,Pix Enviado,244.05,2026-01-22,14:19:00
4787,760.481.293-78,932.768.045-65,Transferência,138.14,2026-01-22,16:06:49
3493,302.987.451-60,635.092.714-16,Saque Pix,34.73,2026-01-16,20:18:27
727,741.692.835-46,403.182.657-53,Saque Pix,15.14,2026-01-23,13:13:34
2591,164.723.850-17,617.945.023-43,Saque Pix,37.73,2026-01-09,22:05:11
4171,364.751.092-07,316.274.589-64,Saque Pix,26.4,2026-01-10,12:34:28
1976,540.891.732-05,813.729.654-91,Saque Pix,15.4,2026-01-25,10:47:48
5047,827.134.059-04,041.367.529-70,Pix Enviado,120.43,2026-01-09,11:37:00
1630,039.285.471-60,052.396.874-47,Pix Enviado,418.9,2026-01-26,06:41:30
726,743.810.695-01,706.384.125-44,Pix Enviado,29.37,2026-01-26,20:33:17
3082,925.164.708-94,986.751.340-10,Saque Pix,14.21,2026-01-27,20:39:13
2724,653.817.209-12,310.748.562-44,Pix Recebido,156.11,2026-01-26,16:25:49
4907,546.832.109-24,625.790.143-06,Saque Pix,4.73,2026-01-21,02:30:53
1398,513.480.629-24,728.645.103-08,Saque Pix,31.6,2026-01-20,08:23:10
214,497.025.613-61,085.721.436-53,Pix Recebido,91.16,2026-01-03,18:49:37
108,529.607.843-83,469.013.275-52,Saque Pix,276.76,2026-01-14,21:34:41
636,906.247.813-13,164.728.503-80,Saque Pix,46.62,2026-01-14,16:52:09
4072,167.845.932-19,593.106.728-03,Pix Enviado,11.65,2026-01-29,06:14:07
3587,498.635.072-29,126.735.894-73,Pagamento,44.93,2026-01-28,10:44:19
2536,234.165.097-06,469.013.275-52,Pix Enviado,98.64,2026-01-20,23:39:32
4594,648.905.137-01,608.231.759-95,Saque Pix,13.78,2026-01-11,13:12:45
74,705.612.893-95,194.867.250-20,Pagamento,64.09,2026-01-23,12:44:19
5097,180.974.253-60,852.061.479-58,Pix Enviado,199.72,2026-01-13,22:29:00
810,136.258.904-70,740.268.135-17,Saque Pix,56.93,2026-01-18,23:55:31
1150,629.048.315-33,036.295.174-80,Pagamento,29.83,2026-01-05,07:23:07
339,418.326.590-89,468.523.917-28,Pix Recebido,19.98,2026-01-15,10:32:54
3931,423.185.069-06,186.472.509-58,Saque Pix,135.29,2026-01-29,12:15:20
3274,690.582.174-85,829.361.705-59,Saque Pix,71.5,2026-01-12,06:37:05
4018,095.126.384-60,826.043.157-26,Saque Pix,10.59,2026-01-29,16:24:32
221,698.031.452-15,039.285.471-60,Pix Recebido,39.5,2026-01-06,21:23:51
803,603.458.791-39,381.462.795-46,Pix Recebido,64.72,2026-01-24,09:23:21
4324,813.729.654-91,385.614.290-89,Pix Enviado,320.63,2026-01-03,23:26:38
926,675.908.214-11,493.710.526-43,Pix Enviado,37.52,2026-01-25,12:43:20
5150,813.924.506-24,286.704.953-92,Pix Enviado,100,2026-01-22,19:44:16
172,936.807.412-78,609.483.725-83,Saque Pix,26.51,2026-01-18,09:35:20
1192,248.195.730-04,957.480.361-93,Pix Enviado,15.3,2026-01-23,11:30:01
466,826.510.937-77,439.675.218-00,Transferência,25.04,2026-01-05,19:34:32
672,736.902.184-03,820.351.746-35,Pix Enviado,14.04,2026-01-31,18:06:03
3160,549.318.267-09,518.746.029-30,Pix Recebido,13.56,2026-01-20,23:01:50
2283,790.138.246-50,782.914.356-00,Pagamento,38.57,2026-01-28,20:36:26
3327,586.142.937-55,913.086.257-40,Transferência,33.74,2026-01-28,08:37:41
381,059.872.634-92,165.874.920-02,Pix Enviado,34.57,2026-01-16,08:45:05
2263,548.190.372-50,873.645.201-71,Transferência,12.88,2026-01-01,14:04:50
1716,605.283.497-83,136.258.904-70,Pix Recebido,26.75,2026-01-02,21:07:46
5019,423.085.967-83,901.625.478-11,Pix Enviado,68.06,2026-01-04,23:52:00
3365,041.837.625-53,874.625.390-47,Saque Pix,20.89,2026-01-05,14:12:46
204,506.924.781-67,203.195.784-88,Pix Enviado,81.98,2026-01-25,18:25:23
5074,852.976.043-38,305.129.847-60,Pix Enviado,81.31,2026-01-03,14:40:00
1714,219.347.805-88,780.351.926-12,Pix Enviado,157.12,2026-01-09,20:37:37
1621,384.795.206-47,247.159.863-37,Pagamento,19.5,2026-01-13,15:14:55
2175,967.528.304-10,136.258.904-70,Pagamento,41.72,2026-01-09,22:01:23
3452,619.423.580-24,089.647.251-58,Saque Pix,494.04,2026-01-04,12:45:23
5127,830.927.461-04,387.104.956-57,Pix Enviado,99.07,2026-01-03,09:47:00
3802,169.502.387-03,659.438.017-66,Transferência,11.41,2026-01-10,22:47:07
2632,546.832.109-24,810.792.435-50,Pix Enviado,36.71,2026-01-29,19:53:26
3699,395.127.680-03,198.073.462-31,Saque Pix,107.91,2026-01-12,10:46:59
2506,387.190.524-05,302.987.451-60,Pix Recebido,99.53,2026-01-29,11:40:23
2312,840.935.162-51,072.184.659-94,Saque Pix,9.92,2026-01-24,10:11:23
3506,659.184.023-06,392.061.754-16,Transferência,27.67,2026-01-07,13:31:22
264,035.174.982-97,312.689.475-55,Saque Pix,199.06,2026-01-06,11:44:30
4367,549.318.267-09,234.165.097-06,Pagamento,170.3,2026-01-15,16:37:47
2520,426.958.073-92,923.570.146-52,Pagamento,332.94,2026-01-11,14:47:33
2905,904.586.321-98,192.358.604-15,Transferência,180.88,2026-01-09,22:05:08
557,459.102.768-67,165.270.834-08,Pagamento,285.71,2026-01-09,22:54:37
3523,031.794.582-32,701.326.548-90,Pix Enviado,40.54,2026-01-11,07:17:31
3561,826.510.937-77,821.476.305-35,Transferência,14.59,2026-01-07,08:44:15
2669,187.042.693-22,529.607.843-83,Pix Recebido,53.54,2026-01-24,16:36:42
5029,584.129.376-19,513.826.704-35,Pix Enviado,131.9,2026-01-09,07:41:00
2384,325.841.760-17,294.867.315-19,Pagamento,84.34,2026-01-20,11:51:26
2514,376.920.158-21,837.149.560-93,Pagamento,6.02,2026-01-19,06:12:06
4810,923.150.784-23,796.842.301-50,Saque Pix,10.78,2026-01-13,12:00:35
1324,304.752.186-71,613.924.875-28,Pagamento,4.29,2026-01-28,22:48:27
317,104.736.958-39,593.106.728-03,Pix Recebido,6.75,2026-01-09,15:29:01
4430,713.045.682-53,728.645.103-08,Pagamento,920.13,2026-01-14,09:03:13
1185,247.186.530-53,294.581.067-02,Saque Pix,32.64,2026-01-01,12:27:36
3315,248.195.730-04,681.297.045-01,Transferência,992.19,2026-01-03,21:23:06
4595,784.351.690-57,675.908.214-11,Pix Enviado,10.98,2026-01-15,18:10:11
267,413.589.027-04,619.423.580-24,Transferência,36.27,2026-01-29,22:10:26
3301,605.432.978-29,913.540.827-88,Saque Pix,8.44,2026-01-27,12:50:46
1704,698.405.127-49,296.518.073-77,Transferência,12.34,2026-01-17,18:19:11
177,304.817.652-71,940.627.158-30,Pagamento,30.51,2026-01-14,17:01:04
1382,624.158.397-28,624.158.397-28,Pix Enviado,213.57,2026-01-27,21:55:46
3746,321.894.760-03,238.409.176-03,Saque Pix,72.37,2026-01-24,20:27:18
4378,052.396.874-47,603.458.791-39,Transferência,15.15,2026-01-22,19:02:55
4077,046.157.823-90,120.985.436-89,Transferência,22.5,2026-01-19,09:42:06
3871,684.512.790-58,359.410.728-05,Pix Enviado,92.57,2026-01-26,23:32:16
4764,509.476.138-20,193.674.528-37,Pix Recebido,46.27,2026-01-10,18:45:24
4480,741.692.835-46,941.267.358-28,Pix Recebido,38.24,2026-01-19,11:40:04
3601,954.867.201-49,602.975.148-49,Pagamento,17.8,2026-01-16,19:09:44
2615,941.267.358-28,230.541.986-42,Saque Pix,21.53,2026-01-15,11:53:34
3466,315.297.648-82,235.879.640-92,Pix Enviado,55.28,2026-01-29,10:55:38
3489,302.987.615-21,513.480.629-24,Pix Enviado,42.3,2026-01-17,14:14:10
5012,423.085.967-83,920.673.845-38,Pix Enviado,238.44,2026-01-04,23:52:00
540,039.285.471-60,104.927.683-31,Saque Pix,3.17,2026-01-14,14:56:28
2479,405.623.871-53,617.945.023-43,Pix Recebido,4.99,2026-01-30,12:57:29
4226,381.462.795-46,039.285.471-60,Saque Pix,172.55,2026-01-05,15:31:44
2262,675.908.214-11,521.463.087-53,Pix Enviado,208.95,2026-01-26,15:28:14
4376,294.357.081-88,561.379.248-82,Pix Recebido,42.32,2026-01-03,06:35:30
4809,498.630.715-01,312.689.475-55,Pix Recebido,141.99,2026-01-14,11:50:45
4646,954.731.820-97,784.351.690-57,Pix Enviado,71.33,2026-01-15,18:16:28
4781,716.983.054-00,069.251.738-30,Pagamento,158.81,2026-01-23,18:58:25
2675,164.753.029-61,294.357.081-88,Pix Recebido,9.2,2026-01-21,15:13:17
1681,412.350.768-90,913.025.468-05,Transferência,42.54,2026-01-12,11:29:23
579,904.586.321-98,518.746.029-30,Transferência,1227.56,2026-01-19,13:19:49
156,764.051.298-02,321.894.760-03,Pix Enviado,7.75,2026-01-29,11:16:52
1627,120.985.436-89,261.430.597-99,Pix Enviado,49.26,2026-01-24,18:26:39
4009,826.045.791-11,726.043.958-00,Pix Enviado,6.23,2026-01-07,13:09:20
4598,580.364.297-56,302.987.451-60,Transferência,68.07,2026-01-06,15:20:48
3629,302.987.451-60,081.254.963-51,Pagamento,92.52,2026-01-12,22:05:40
4874,840.935.162-51,175.084.369-20,Pix Enviado,105.5,2026-01-23,17:30:12
2932,405.623.871-53,045.927.163-61,Saque Pix,18.81,2026-01-13,23:41:28
3644,634.510.872-35,394.761.058-01,Transferência,4.49,2026-01-02,16:20:54
752,185.324.697-28,923.150.784-23,Pagamento,8.77,2026-01-14,10:09:52
1722,036.571.248-53,526.831.497-19,Pix Enviado,8.76,2026-01-09,12:02:07
3457,307.815.642-71,913.540.827-88,Pagamento,10.14,2026-01-03,11:34:25
51,304.817.652-71,630.859.427-00,Transferência,10.16,2026-01-07,15:11:56
1747,430.187.562-07,203.195.784-88,Transferência,11.67,2026-01-25,22:10:25
1547,106.847.592-76,036.295.174-80,Pix Recebido,24.38,2026-01-05,16:38:38
4434,312.689.475-55,152.068.479-76,Pagamento,237.23,2026-01-04,08:36:41
89,967.528.304-10,871.543.069-39,Pagamento,16.71,2026-01-14,17:43:02
3880,218.973.650-12,710.385.264-26,Transferência,0.64,2026-01-11,12:19:26
4490,035.978.642-10,908.457.623-38,Transferência,41.74,2026-01-27,09:02:22
4511,362.504.978-38,376.920.158-21,Transferência,214.77,2026-01-26,12:38:58
355,325.769.084-38,165.807.934-57,Transferência,124.4,2026-01-04,18:47:08
4866,059.412.638-05,165.270.834-08,Pix Enviado,2.19,2026-01-24,04:53:37
1008,081.254.963-51,603.458.791-39,Pix Enviado,85.97,2026-01-21,13:42:26
1986,302.987.615-21,513.409.276-16,Pix Recebido,9.83,2026-01-13,19:32:04
1473,395.127.680-03,736.902.184-03,Transferência,16.13,2026-01-02,22:44:37
387,294.631.805-24,546.921.730-25,Transferência,461.21,2026-01-01,11:10:43
2229,235.194.870-04,812.540.796-02,Pix Enviado,183.64,2026-01-07,15:51:36
1983,653.817.209-12,307.815.642-71,Pix Enviado,32.57,2026-01-21,15:33:17
2308,936.807.412-78,063.418.279-03,Pagamento,14.35,2026-01-30,10:04:58
988,039.856.271-77,109.867.534-75,Pix Recebido,10.67,2026-01-06,15:49:10
2737,392.061.754-16,106.847.592-76,Pix Recebido,15.23,2026-01-01,12:01:32
3174,681.297.045-01,587.623.149-55,Pagamento,34.28,2026-01-15,18:11:43
1131,786.923.540-74,687.203.154-90,Pagamento,6.99,2026-01-24,12:38:50
1449,908.617.235-03,362.794.051-25,Pagamento,54.12,2026-01-12,09:17:31
452,705.612.893-95,405.179.628-02,Saque Pix,100.23,2026-01-17,12:16:32
3329,790.864.213-69,630.859.427-00,Transferência,36.9,2026-01-18,22:06:03
3925,209.814.765-11,296.518.073-77,Saque Pix,67.78,2026-01-13,22:53:29
1497,039.285.471-60,326.104.759-34,Saque Pix,27.94,2026-01-31,21:32:05
2640,052.396.874-47,790.864.213-69,Pagamento,25.3,2026-01-18,17:33:44
2518,605.279.138-12,529.607.843-83,Transferência,47.48,2026-01-13,15:53:24
3022,892.053.741-05,235.879.640-92,Pagamento,32.72,2026-01-12,11:35:04
2840,682.314.079-87,509.127.834-60,Pix Enviado,14.14,2026-01-09,11:55:28
4502,721.680.359-03,965.408.173-39,Saque Pix,17.02,2026-01-07,17:04:32
3962,203.195.784-88,381.462.795-46,Saque Pix,102.64,2026-01-22,14:50:23
910,296.035.418-42,095.126.384-60,Saque Pix,543.66,2026-01-09,18:54:58
2446,301.274.698-69,159.062.437-80,Saque Pix,57.31,2026-01-07,16:08:07
489,185.324.697-28,248.195.730-04,Transferência,5.92,2026-01-01,11:34:02
239,175.084.369-20,743.619.025-34,Pix Recebido,312.0,2026-01-25,07:10:14
5040,584.129.376-19,264.719.385-19,Pix Enviado,291.05,2026-01-09,07:41:00
3424,395.127.680-03,741.609.852-11,Pix Enviado,35.34,2026-01-30,11:48:20
4123,675.908.214-11,063.418.279-03,Saque Pix,3.65,2026-01-04,23:13:03
1023,513.409.276-16,729.365.418-91,Pagamento,4.62,2026-01-12,01:35:55
646,398.615.420-51,238.164.507-17,Saque Pix,38.49,2026-01-31,16:46:44
47,403.298.175-23,321.894.760-03,Pagamento,9.32,2026-01-12,12:10:04
3783,285.793.146-82,137.058.694-93,Pagamento,24.67,2026-01-01,23:04:15
1146,381.462.795-46,780.364.952-10,Transferência,2.65,2026-01-28,12:43:32
1650,602.975.148-49,496.081.753-48,Transferência,93.84,2026-01-06,10:28:49
3658,678.592.401-49,673.185.204-07,Saque Pix,12.05,2026-01-21,21:25:06
3314,728.045.693-65,624.158.397-28,Transferência,5.42,2026-01-14,15:39:36
4006,420.156.983-70,147.529.380-14,Transferência,34.25,2026-01-01,19:47:57
4541,059.872.634-92,346.251.879-82,Pix Recebido,5.66,2026-01-18,20:52:18
3549,149.072.865-11,285.734.960-29,Pix Recebido,4.11,2026-01-07,11:07:23
4985,309.821.576-30,580.364.297-56,Pix Recebido,25.58,2026-01-11,08:42:31
2723,047.359.216-99,723.504.691-07,Pix Enviado,15.58,2026-01-28,19:53:54
5043,827.134.059-04,491.675.803-00,Pix Enviado,87.99,2026-01-09,11:37:00
2680,810.723.956-30,147.529.380-14,Transferência,133.77,2026-01-21,09:15:28
418,209.814.765-11,236.174.085-08,Pix Enviado,7.81,2026-01-17,14:10:35
4692,361.498.250-51,137.058.694-93,Pagamento,177.65,2026-01-29,15:34:30
3421,274.083.165-07,856.047.923-65,Transferência,31.86,2026-01-25,15:31:12
908,892.053.741-05,204.596.718-20,Pix Recebido,321.48,2026-01-04,13:48:26
2188,304.752.186-71,465.273.108-62,Pix Enviado,101.96,2026-01-15,18:49:00
3782,206.791.835-40,359.410.728-05,Pix Recebido,55.9,2026-01-24,07:38:52
4960,394.761.058-01,361.479.205-61,Pix Enviado,86.32,2026-01-06,17:04:27
850,923.150.784-23,851.249.036-51,Transferência,34.11,2026-01-04,09:34:53
169,046.753.921-99,309.821.576-30,Pix Enviado,25.97,2026-01-12,17:05:54
5028,693.415.728-19,984.106.532-06,Pix Enviado,201.82,2026-01-25,17:02:00
997,629.850.314-51,479.028.536-74,Transferência,33.3,2026-01-29,22:05:07
3673,316.274.589-64,913.086.257-40,Transferência,64.45,2026-01-05,16:24:15
61,852.391.647-46,362.794.051-25,Pix Recebido,86.04,2026-01-25,23:06:33
2445,698.405.127-49,678.592.401-49,Pix Enviado,3.16,2026-01-07,18:51:00
1844,164.723.850-17,062.834.975-00,Pagamento,8.52,2026-01-02,07:05:29
1982,635.092.714-16,321.075.869-77,Pagamento,68.18,2026-01-21,08:59:55
440,921.346.750-80,296.308.147-22,Pix Enviado,84.56,2026-01-20,16:02:15
846,740.356.819-20,904.586.321-98,Pix Enviado,4.36,2026-01-26,23:25:47
3183,349.270.618-50,361.479.205-61,Transferência,71.96,2026-01-13,04:29:20
2914,395.176.820-77,728.045.693-65,Pix Recebido,127.83,2026-01-12,09:06:58
2922,543.612.807-62,285.360.941-33,Pix Enviado,42.17,2026-01-05,12:31:54
4429,701.326.548-90,230.541.986-42,Pix Recebido,7.05,2026-01-22,21:15:48
4553,358.274.160-53,039.285.471-60,Pix Enviado,22.31,2026-01-16,18:59:22
310,539.867.201-03,826.510.937-77,Pagamento,95.81,2026-01-29,16:56:03
3382,546.921.730-25,920.863.174-50,Pix Recebido,14.44,2026-01-31,02:51:56
131,325.479.061-80,493.710.526-43,Pagamento,69.0,2026-01-10,23:56:34
765,815.274.369-00,294.867.315-19,Pix Enviado,1333.74,2026-01-06,14:08:37
3127,392.061.754-16,786.923.540-74,Pix Recebido,70.21,2026-01-03,23:24:24
858,945.217.380-79,607.128.395-77,Pix Enviado,6.06,2026-01-25,15:40:03
4528,820.351.746-35,379.206.814-13,Saque Pix,73.42,2026-01-22,22:12:29
2647,923.570.146-52,546.832.109-24,Pix Recebido,27.55,2026-01-06,15:24:17
3296,906.247.813-13,957.480.361-93,Transferência,36.76,2026-01-16,20:13:06
1732,603.219.485-05,538.164.790-57,Pagamento,16.95,2026-01-26,23:44:18
3680,215.439.087-05,840.935.162-51,Transferência,17.27,2026-01-13,23:36:09
4962,780.351.926-12,837.149.560-93,Pix Enviado,125.3,2026-01-21,07:52:16
4361,710.385.264-26,358.274.160-53,Pix Enviado,28.47,2026-01-21,14:44:19
1354,809.352.671-40,540.891.732-05,Saque Pix,256.72,2026-01-01,15:47:59
2813,072.584.613-53,570.349.681-01,Pagamento,27.29,2026-01-13,16:51:37
19,426.958.073-92,234.165.097-06,Pagamento,16.34,2026-01-24,17:16:00
2473,815.437.906-66,063.418.279-03,Pix Recebido,54.91,2026-01-03,10:09:47
2906,059.872.634-92,274.351.069-25,Pix Recebido,302.77,2026-01-02,15:31:25
3633,214.068.397-87,726.480.359-74,Saque Pix,8.11,2026-01-14,21:14:07
4704,185.324.697-28,634.510.872-35,Pagamento,112.23,2026-01-30,16:14:11
3541,359.410.728-05,405.179.628-02,Pix Enviado,20.58,2026-01-20,21:21:32
1652,602.975.148-49,826.043.157-26,Pagamento,34.63,2026-01-19,22:01:02
3074,401.956.283-06,493.710.526-43,Transferência,69.07,2026-01-12,13:05:15
2981,657.039.128-30,782.914.356-00,Pix Enviado,25.11,2026-01-27,15:08:15
4038,104.927.683-31,509.476.138-20,Pix Recebido,54.31,2026-01-22,19:57:40
2028,913.086.257-40,041.837.295-05,Pix Recebido,164.07,2026-01-12,17:02:54
5206,125.076.943-43,695.174.208-11,Pix Enviado,18646.79,2026-01-12,04:34:01
5087,980.372.451-79,721.096.854-76,Pix Enviado,100.1,2026-01-24,14:05:00
4661,046.753.921-99,497.025.613-61,Pagamento,54.47,2026-01-21,21:13:48
4321,852.391.647-46,715.036.498-57,Pagamento,35.63,2026-01-11,10:26:59
825,574.190.283-97,296.035.418-42,Saque Pix,183.86,2026-01-15,15:20:55
299,062.385.149-06,957.480.361-93,Pix Enviado,210.26,2026-01-31,21:00:27
3226,740.268.135-17,014.386.759-84,Pix Enviado,22.29,2026-01-27,18:53:57
795,940.627.158-30,608.471.239-87,Saque Pix,24.7,2026-01-10,13:57:55
2501,568.790.312-77,395.127.680-03,Pix Enviado,8.55,2026-01-20,22:00:17
3687,193.674.528-37,586.142.937-55,Saque Pix,62.83,2026-01-29,08:01:55
4922,904.586.321-98,418.326.590-89,Pix Recebido,25.96,2026-01-18,16:46:56
1186,867.945.301-39,198.073.462-31,Pix Recebido,145.82,2026-01-26,18:18:06
2356,538.420.697-74,216.593.478-82,Saque Pix,30.4,2026-01-28,18:08:53
5064,362.140.958-06,689.713.025-77,Pix Enviado,197.7,2026-01-11,21:52:00
2810,826.549.370-38,578.263.914-82,Pagamento,442.0,2026-01-20,13:19:33
2391,936.812.507-40,540.891.732-05,Pagamento,6.71,2026-01-01,23:20:23
1206,782.914.356-00,908.617.235-03,Transferência,30.34,2026-01-31,17:51:34
3083,046.753.921-99,147.638.250-62,Transferência,26.1,2026-01-22,14:21:34
1876,405.179.628-02,420.156.983-70,Pix Recebido,11.72,2026-01-09,07:47:26
4347,908.457.623-38,068.427.953-38,Pix Enviado,38.22,2026-01-16,09:28:07
4508,384.795.206-47,678.925.134-00,Pix Enviado,157.21,2026-01-02,17:42:17
4771,398.615.420-51,109.867.534-75,Pagamento,18.43,2026-01-18,08:36:42
2202,612.930.578-86,042.167.385-08,Pix Recebido,47.61,2026-01-12,18:53:20
4069,047.359.216-99,427.150.893-41,Pix Enviado,85.0,2026-01-31,07:23:02
3123,678.592.401-49,097.836.214-40,Pagamento,68.4,2026-01-20,04:44:09
3661,764.051.298-02,603.184.597-01,Pagamento,8.67,2026-01-26,18:58:58
2600,329.168.470-22,679.184.025-02,Pix Enviado,5.19,2026-01-04,16:45:02
2379,950.431.628-05,815.274.369-00,Pix Recebido,69.72,2026-01-16,16:48:26
3846,635.492.107-52,341.906.587-66,Pix Recebido,30.06,2026-01-13,13:49:27
4801,479.156.832-09,186.472.509-58,Pix Enviado,1.67,2026-01-14,17:29:27
3251,920.863.174-50,235.194.870-04,Pagamento,27.93,2026-01-26,15:42:29
4578,230.541.986-42,274.351.069-25,Pix Enviado,20.36,2026-01-06,06:17:12
4572,682.314.079-87,341.586.027-26,Pix Recebido,10.33,2026-01-25,15:07:27
2517,621.973.504-80,267.940.315-07,Pagamento,68.66,2026-01-22,16:22:27
1780,524.963.071-52,873.692.514-46,Pix Enviado,26.39,2026-01-13,14:26:06
1194,851.672.349-64,476.018.539-93,Pix Recebido,3.99,2026-01-21,08:55:22
3537,826.045.791-11,936.807.412-78,Pix Recebido,63.93,2026-01-15,20:13:37
1760,097.836.214-40,509.476.138-20,Pagamento,79.0,2026-01-19,20:34:44
4392,218.973.650-12,546.832.109-24,Transferência,33.22,2026-01-15,22:27:33
5129,830.927.461-04,613.520.849-70,Pix Enviado,67.37,2026-01-03,09:47:00
3825,459.102.768-67,540.873.916-39,Saque Pix,65.26,2026-01-11,20:12:46
514,056.794.832-38,920.863.174-50,Transferência,55.19,2026-01-08,14:29:44
1678,294.867.315-19,946.572.813-64,Pix Recebido,63.53,2026-01-21,10:48:29
634,853.612.094-06,691.782.045-85,Pix Recebido,22.33,2026-01-01,17:48:36
999,169.502.387-03,946.572.813-64,Transferência,47.46,2026-01-29,23:13:40
4085,312.689.475-55,908.457.623-38,Saque Pix,4.06,2026-01-27,10:10:19
5060,362.140.958-06,073.462.985-00,Pix Enviado,74.01,2026-01-11,21:52:00
4470,954.731.820-97,418.326.590-89,Pagamento,28.31,2026-01-26,12:40:54
1925,015.493.768-10,678.925.134-00,Pix Recebido,102.15,2026-01-10,06:38:44
1666,369.418.702-22,059.872.634-92,Transferência,31.48,2026-01-12,16:05:28
4473,045.927.163-61,635.092.714-16,Pix Enviado,29.72,2026-01-29,14:49:41
1017,302.987.451-60,613.924.875-28,Pagamento,166.82,2026-01-09,06:26:14
3208,856.047.923-65,341.586.027-26,Saque Pix,8.17,2026-01-03,09:44:00
3004,602.975.148-49,706.384.125-44,Pix Recebido,21.44,2026-01-08,18:43:47
432,587.623.149-55,097.836.214-40,Pix Recebido,31.4,2026-01-26,21:55:10
2169,513.480.629-24,035.174.982-97,Pix Recebido,6.95,2026-01-28,19:07:15
2002,435.721.906-06,378.124.690-69,Saque Pix,41.58,2026-01-05,12:26:30
4397,615.093.847-66,072.584.613-53,Pagamento,70.11,2026-01-13,09:30:57
2533,908.216.743-31,965.408.173-39,Transferência,3.89,2026-01-10,11:29:48
2690,304.817.652-71,593.106.728-03,Pix Recebido,39.6,2026-01-25,08:03:32
756,657.408.913-10,593.716.824-00,Pix Recebido,110.73,2026-01-25,19:49:17
2720,209.851.367-40,705.924.186-85,Transferência,33.13,2026-01-25,10:29:53
2836,621.973.504-80,762.531.489-82,Pix Enviado,7.41,2026-01-21,17:48:57
134,321.075.869-77,945.217.380-79,Pagamento,8.22,2026-01-20,07:01:04
1257,109.867.534-75,085.376.429-83,Pix Recebido,76.31,2026-01-08,08:41:09
4297,435.890.261-89,874.510.369-01,Saque Pix,52.24,2026-01-01,16:17:14
4862,479.156.832-09,137.268.905-21,Transferência,5.55,2026-01-13,10:44:09
1603,780.351.926-12,865.124.307-35,Pagamento,32.92,2026-01-11,09:20:24
3776,521.487.369-73,190.576.328-02,Saque Pix,27.45,2026-01-11,19:23:32
295,103.426.978-03,106.847.592-76,Transferência,32.35,2026-01-27,16:32:42
1929,042.167.385-08,180.645.723-71,Transferência,148.5,2026-01-24,18:50:26
641,018.324.769-87,627.453.189-00,Pix Enviado,11.39,2026-01-15,12:04:28
4299,826.045.791-11,571.039.846-20,Saque Pix,27.78,2026-01-25,23:18:45
55,476.018.539-93,941.267.358-28,Saque Pix,5.11,2026-01-09,15:42:17
2856,496.318.570-93,493.710.526-43,Pix Enviado,33.27,2026-01-13,04:48:50
705,873.645.201-71,426.789.013-78,Pix Recebido,44.38,2026-01-31,11:10:02
2153,617.945.023-43,605.283.497-83,Saque Pix,45.39,2026-01-26,14:27:26
4192,201.479.685-85,031.794.582-32,Pagamento,6.54,2026-01-04,07:42:26
1122,901.527.634-06,136.258.904-70,Pix Recebido,15.49,2026-01-21,17:05:33
2092,230.541.986-42,052.396.874-47,Saque Pix,12.78,2026-01-06,23:30:27
253,936.807.412-78,603.184.597-01,Saque Pix,15.86,2026-01-14,13:27:43
2616,549.386.270-00,741.609.852-11,Pix Enviado,24.55,2026-01-02,10:34:57
4061,809.352.671-40,012.938.654-51,Transferência,10.69,2026-01-12,22:43:29
2217,412.350.768-90,413.589.027-04,Saque Pix,184.16,2026-01-15,18:58:34
1647,365.182.970-77,574.190.283-97,Pix Recebido,34.22,2026-01-19,09:19:13
1507,954.137.082-97,264.708.951-58,Saque Pix,63.99,2026-01-28,14:41:15
28,235.879.640-92,613.924.875-28,Pix Recebido,3.07,2026-01-22,11:40:21
1390,729.835.106-03,617.409.532-07,Saque Pix,14.62,2026-01-26,16:10:29
4025,234.165.097-06,104.736.958-39,Transferência,51.0,2026-01-24,13:52:20
580,740.268.135-17,657.413.290-80,Pix Recebido,53.14,2026-01-02,14:51:57
4547,603.219.485-05,195.364.028-15,Pix Recebido,4.89,2026-01-28,20:28:46
1483,923.150.784-23,940.627.158-30,Saque Pix,226.86,2026-01-14,02:34:16
2575,089.647.251-58,629.048.315-33,Pix Recebido,54.55,2026-01-02,23:07:29
543,104.927.683-31,052.396.874-47,Saque Pix,65.18,2026-01-08,13:10:11
1119,062.385.149-06,608.231.759-95,Transferência,64.46,2026-01-15,23:06:40
4462,853.612.094-06,042.167.385-08,Transferência,11.9,2026-01-03,14:03:22
2733,180.645.723-71,137.268.905-21,Pagamento,175.61,2026-01-30,06:45:40
2358,497.025.613-61,539.867.201-03,Pagamento,98.63,2026-01-24,08:24:35
4916,274.351.069-25,260.549.387-38,Pix Recebido,92.17,2026-01-18,17:09:59
4840,531.760.428-17,062.385.149-06,Transferência,527.54,2026-01-29,07:24:04
1412,296.308.147-22,126.735.894-73,Pix Enviado,41.93,2026-01-10,07:36:48
4543,347.685.102-80,085.376.429-83,Pix Enviado,292.23,2026-01-23,08:53:37
2818,269.705.413-80,549.318.267-09,Transferência,27.84,2026-01-04,17:23:40
4742,659.043.178-75,085.721.436-53,Transferência,13.5,2026-01-03,08:09:13
1048,479.156.832-09,810.723.956-30,Transferência,70.18,2026-01-09,07:38:55
4180,761.540.389-84,609.483.725-83,Pagamento,8.26,2026-01-28,16:07:38
852,046.157.823-90,906.432.781-50,Pix Recebido,12.17,2026-01-07,00:13:47
362,586.142.937-55,062.834.975-00,Transferência,71.15,2026-01-01,16:49:12
625,015.493.768-10,867.945.301-39,Pix Recebido,142.49,2026-01-06,19:34:16
4643,164.723.850-17,147.529.380-14,Saque Pix,63.1,2026-01-09,15:53:27
1763,015.493.768-10,294.357.081-88,Transferência,6.64,2026-01-19,16:34:07
3348,476.018.539-93,234.165.097-06,Saque Pix,5.68,2026-01-21,20:17:38
3454,593.106.728-03,187.042.693-22,Pix Recebido,244.07,2026-01-01,19:06:31
4859,617.945.023-43,062.371.594-52,Pix Enviado,44.1,2026-01-28,12:59:22
2282,635.492.107-52,180.645.723-71,Saque Pix,7.02,2026-01-12,19:17:58
3444,619.423.580-24,605.279.138-12,Saque Pix,226.08,2026-01-24,20:46:28
1579,367.158.024-08,708.263.914-78,Saque Pix,6.86,2026-01-31,16:38:28
1399,603.124.987-13,913.540.827-88,Saque Pix,100.13,2026-01-28,22:31:45
1447,659.043.178-75,695.132.704-16,Transferência,5.41,2026-01-23,10:25:36
3543,936.812.507-40,619.423.580-24,Saque Pix,23.69,2026-01-11,04:42:40
3534,602.975.148-49,619.423.580-24,Saque Pix,127.04,2026-01-18,17:45:11
5027,693.415.728-19,943.051.768-66,Pix Enviado,89.48,2026-01-25,17:02:00
784,548.190.372-50,145.370.268-71,Pix Recebido,93.79,2026-01-09,23:47:36
1444,523.918.647-28,521.463.087-53,Pix Recebido,105.71,2026-01-30,19:07:50
4463,721.680.359-03,418.326.590-89,Saque Pix,2.84,2026-01-06,11:30:44
508,790.314.562-25,867.429.153-82,Pagamento,8.78,2026-01-14,10:55:52
2842,810.723.956-30,871.543.069-39,Pix Recebido,15.56,2026-01-28,12:45:09
4431,715.036.498-57,206.189.473-96,Saque Pix,57.71,2026-01-09,13:37:05
698,603.184.597-01,673.185.204-07,Transferência,8.94,2026-01-15,08:42:34
3264,924.516.087-49,062.385.149-06,Saque Pix,4.77,2026-01-26,09:45:15
14,698.031.452-15,813.729.654-91,Transferência,45.72,2026-01-06,11:45:01
5152,268.079.541-58,419.362.578-82,Pix Enviado,100,2026-01-02,19:25:47
3749,603.124.987-13,236.174.085-08,Saque Pix,6.54,2026-01-24,08:21:23
4656,435.890.261-89,740.268.135-17,Pagamento,8.39,2026-01-15,21:25:19
4301,586.142.937-55,296.518.073-77,Saque Pix,19.29,2026-01-24,05:53:59
1274,624.158.397-28,235.194.870-04,Pix Recebido,88.92,2026-01-28,09:22:47
3996,198.073.462-31,165.807.934-57,Transferência,48.76,2026-01-21,17:41:38
2769,247.186.530-53,056.794.832-38,Pix Recebido,32.86,2026-01-30,22:13:01
3443,147.529.380-14,675.908.214-11,Transferência,259.42,2026-01-05,20:57:03
1153,630.459.872-65,925.164.708-94,Pix Enviado,18.82,2026-01-21,11:37:13
1991,821.043.657-08,247.159.863-37,Pagamento,38.0,2026-01-05,04:41:29
3979,136.258.904-70,570.349.681-01,Saque Pix,157.65,2026-01-23,13:43:55
2888,391.256.840-51,736.541.829-09,Transferência,8.25,2026-01-07,07:24:05
4523,136.258.904-70,890.715.642-58,Pix Enviado,6.32,2026-01-06,07:50:57
1708,743.810.695-01,072.584.613-53,Transferência,8.65,2026-01-22,23:24:49
2745,692.081.374-22,740.356.819-20,Pagamento,27.66,2026-01-28,04:27:47
5178,306.927.145-61,765.823.094-47,Pix Enviado,1500,2026-01-31,23:46:16
4254,081.254.963-51,193.674.528-37,Saque Pix,11.98,2026-01-11,18:39:56
712,107.563.284-62,341.906.587-66,Pagamento,171.23,2026-01-16,06:35:14
4249,730.458.921-32,521.487.369-73,Pagamento,9.53,2026-01-26,11:17:05
3657,294.867.315-19,189.374.560-01,Transferência,3.71,2026-01-20,04:04:59
3015,329.140.657-52,901.527.634-06,Pix Recebido,7.2,2026-01-01,09:57:58
3654,286.471.950-94,657.413.290-80,Pix Recebido,11.83,2026-01-25,02:38:42
4819,120.985.436-89,730.458.921-32,Transferência,98.22,2026-01-07,11:43:48
2434,570.349.681-01,713.904.628-03,Pix Enviado,7.05,2026-01-13,06:18:32
1010,109.276.345-70,042.837.195-79,Saque Pix,19.36,2026-01-18,12:25:53
1820,081.254.963-51,291.806.534-05,Saque Pix,28.0,2026-01-08,18:59:01
3898,741.692.835-46,625.790.143-06,Transferência,75.1,2026-01-05,15:39:50
3310,450.971.386-00,608.231.759-95,Pix Enviado,112.12,2026-01-01,21:55:03
3909,340.572.189-04,954.867.201-49,Pix Recebido,19.86,2026-01-15,17:43:09
3321,784.351.690-57,195.742.360-99,Pagamento,31.21,2026-01-31,20:44:28
776,479.618.503-84,698.031.452-15,Saque Pix,59.74,2026-01-29,18:49:53
2470,570.349.681-01,392.061.754-16,Transferência,9.91,2026-01-07,18:51:26
86,916.327.540-61,059.412.638-05,Transferência,18.94,2026-01-29,23:33:40
554,698.405.127-49,315.297.648-82,Saque Pix,9.65,2026-01-12,11:53:47
1756,106.847.592-76,147.638.250-62,Pix Enviado,38.15,2026-01-28,13:33:00
4933,439.675.218-00,829.361.574-55,Pix Enviado,17.22,2026-01-18,22:11:29
1987,638.721.405-07,395.671.042-80,Pix Enviado,331.61,2026-01-15,23:27:04
4561,659.184.023-06,638.721.405-07,Pix Enviado,101.64,2026-01-22,21:49:24
4555,036.571.248-53,892.053.741-05,Pagamento,8.52,2026-01-13,19:12:29
4872,940.627.158-30,165.807.934-57,Pagamento,72.45,2026-01-29,14:37:03
183,874.510.369-01,093.587.412-79,Pagamento,10.64,2026-01-04,23:47:34
2285,621.973.504-80,619.423.580-24,Transferência,41.48,2026-01-08,08:19:20
1897,631.892.540-60,908.216.743-31,Pagamento,11.6,2026-01-16,17:40:43
3350,294.631.805-24,705.924.186-85,Pagamento,41.24,2026-01-27,02:33:14
2992,549.318.267-09,571.039.846-20,Pix Enviado,56.25,2026-01-03,22:16:59
3532,391.256.840-51,358.274.160-53,Transferência,74.85,2026-01-25,06:29:59
3422,103.426.978-03,950.431.628-05,Pix Enviado,158.58,2026-01-02,08:57:14
3734,307.815.642-71,498.635.072-29,Saque Pix,104.54,2026-01-08,17:36:33
5081,980.372.451-79,738.105.269-59,Pix Enviado,76.81,2026-01-24,14:05:00
4677,167.845.932-19,059.872.634-92,Saque Pix,9.58,2026-01-11,20:58:25
4902,095.126.384-60,718.693.240-13,Saque Pix,312.44,2026-01-08,13:12:55
2758,762.531.489-82,718.693.240-13,Pix Enviado,81.86,2026-01-11,07:58:49
2703,790.138.246-50,695.132.704-16,Pix Enviado,80.04,2026-01-09,10:52:20
354,546.832.109-24,625.790.143-06,Pix Enviado,82.85,2026-01-23,01:45:31
4556,901.527.634-06,925.164.708-94,Pagamento,14.49,2026-01-23,14:21:00
1512,960.215.837-95,031.794.582-32,Pagamento,78.51,2026-01-22,21:25:31
5107,702.495.361-61,183.975.046-48,Pix Enviado,50.39,2026-01-01,13:43:00
1171,147.529.380-14,412.350.768-90,Pix Recebido,91.08,2026-01-14,01:52:24
4203,790.562.348-38,729.365.418-91,Pagamento,93.69,2026-01-28,02:41:57
4758,695.172.430-06,364.751.092-07,Transferência,11.52,2026-01-24,08:21:30
1697,653.817.209-12,753.081.629-21,Pix Recebido,2.43,2026-01-16,14:05:03
3243,906.432.781-50,291.806.534-05,Saque Pix,4.49,2026-01-11,13:00:57
2456,657.413.290-80,549.386.270-00,Pix Enviado,7.3,2026-01-20,22:54:36
588,479.156.832-09,749.326.150-43,Transferência,3.48,2026-01-28,22:51:49
2593,821.043.657-08,062.371.594-52,Transferência,81.07,2026-01-22,19:34:18
3031,568.790.312-77,729.365.418-91,Pagamento,33.88,2026-01-25,19:57:02
2049,235.194.870-04,052.396.874-47,Saque Pix,30.58,2026-01-01,15:20:02
2702,206.791.835-40,784.952.361-09,Saque Pix,16.81,2026-01-19,21:27:33
2795,063.418.279-03,018.324.769-87,Pix Enviado,20.25,2026-01-08,19:08:00
1414,780.364.952-10,586.793.402-00,Saque Pix,17.92,2026-01-03,13:56:12
1163,479.156.832-09,695.172.430-06,Pix Enviado,46.73,2026-01-09,20:38:32
1071,837.149.560-93,627.453.189-00,Pix Enviado,26.64,2026-01-26,07:57:54
1762,238.409.176-03,873.645.201-71,Transferência,28.56,2026-01-11,02:27:18
760,164.728.503-80,498.630.715-01,Saque Pix,5.97,2026-01-26,07:47:24
1516,274.083.165-07,635.492.107-52,Transferência,59.11,2026-01-01,07:08:22
430,621.973.504-80,147.529.380-14,Pix Enviado,9.03,2026-01-14,10:53:50
3138,749.326.150-43,405.179.628-02,Pix Recebido,17.49,2026-01-20,16:18:45
1076,874.625.390-47,605.279.138-12,Pix Recebido,26.76,2026-01-17,15:01:48
4752,362.504.978-38,730.458.921-32,Pix Recebido,6.17,2026-01-04,06:33:26
152,089.647.251-58,984.621.053-15,Saque Pix,59.1,2026-01-21,09:13:06
1364,603.184.597-01,609.357.142-43,Pix Recebido,21.54,2026-01-21,06:21:44
1710,386.452.079-74,069.251.738-30,Pagamento,3.94,2026-01-18,13:20:50
359,609.357.142-43,531.760.428-17,Pagamento,86.89,2026-01-14,17:15:20
4053,568.790.312-77,315.297.648-82,Transferência,30.64,2026-01-10,10:16:14
1035,215.439.087-05,892.053.741-05,Pagamento,40.56,2026-01-17,06:40:54
3154,324.765.891-28,736.541.829-09,Pix Recebido,11.48,2026-01-12,08:21:42
3418,301.274.698-69,865.124.307-35,Pix Enviado,363.28,2026-01-12,23:00:48
1086,571.039.846-20,941.267.358-28,Pix Enviado,23.91,2026-01-03,22:38:23
338,465.902.381-89,741.609.852-11,Saque Pix,4.2,2026-01-29,17:54:36
3388,341.586.027-26,568.790.312-77,Pix Recebido,36.64,2026-01-23,19:39:48
1568,097.213.685-12,403.298.175-23,Pix Recebido,54.84,2026-01-10,07:22:18
707,921.346.750-80,659.438.702-29,Pagamento,78.49,2026-01-11,12:23:29
4811,124.765.890-20,109.874.632-50,Transferência,41.51,2026-01-15,13:21:44
151,657.413.290-80,340.572.189-04,Saque Pix,14.1,2026-01-31,16:35:16
4697,679.184.025-02,407.821.356-17,Pix Recebido,93.06,2026-01-16,13:46:59
386,521.487.369-73,387.190.524-05,Saque Pix,4.61,2026-01-01,07:25:50
2032,561.379.248-82,705.261.389-12,Saque Pix,40.8,2026-01-29,18:57:48
3171,309.821.576-30,728.645.103-08,Pagamento,203.12,2026-01-15,20:01:14
1380,713.045.682-53,617.945.023-43,Saque Pix,9.26,2026-01-24,11:34:26
3107,361.479.205-61,260.549.387-38,Transferência,38.35,2026-01-08,13:37:09
367,248.195.730-04,023.157.896-21,Pagamento,7.08,2026-01-30,06:53:50
904,608.471.239-87,852.091.463-24,Transferência,123.45,2026-01-04,21:19:00
2671,954.867.201-49,341.586.027-26,Pagamento,11.03,2026-01-03,07:46:05
5031,584.129.376-19,862.791.043-03,Pix Enviado,234.17,2026-01-09,07:41:00
1910,852.391.647-46,209.851.367-40,Pix Recebido,72.56,2026-01-15,18:25:18
491,635.092.714-16,587.623.149-55,Transferência,6.1,2026-01-12,20:47:41
1849,218.973.650-12,048.126.935-51,Pix Recebido,12.32,2026-01-13,14:24:32
3210,279.683.410-78,364.751.092-07,Pix Enviado,38.1,2026-01-08,23:31:46
2527,407.821.356-17,479.618.503-84,Pix Recebido,59.89,2026-01-22,18:17:31
2071,684.512.790-58,954.867.201-49,Pix Recebido,34.88,2026-01-09,21:44:18
2653,024.157.986-49,387.190.524-05,Pagamento,3.19,2026-01-12,23:29:37
3834,587.623.149-55,189.374.560-01,Pagamento,92.69,2026-01-11,16:33:34
2585,679.184.025-02,798.130.564-01,Saque Pix,214.85,2026-01-06,21:23:02
246,048.126.935-51,248.195.730-04,Pix Enviado,79.85,2026-01-10,21:33:03
4170,526.831.497-19,835.460.719-48,Transferência,60.29,2026-01-19,11:07:19
3691,546.921.730-25,302.987.615-21,Saque Pix,150.92,2026-01-25,06:35:34
4046,603.124.987-13,018.324.769-87,Transferência,20.09,2026-01-18,15:51:25
1148,062.385.149-06,190.576.328-02,Pix Recebido,11.71,2026-01-15,12:28:43
2001,710.354.892-79,467.935.201-99,Pix Enviado,144.57,2026-01-25,15:32:47
1266,570.349.681-01,705.924.186-85,Pix Enviado,206.56,2026-01-02,10:35:01
2394,401.956.283-06,826.510.937-77,Pix Enviado,19.89,2026-01-19,11:17:37
4058,675.908.214-11,743.810.695-01,Pix Enviado,60.03,2026-01-08,16:57:58
4821,185.324.697-28,325.479.061-80,Pagamento,50.64,2026-01-30,20:53:23
4106,147.638.250-62,609.357.142-43,Saque Pix,8.91,2026-01-01,22:26:24
2041,036.295.174-80,913.540.827-88,Transferência,38.04,2026-01-14,17:30:32
5017,423.085.967-83,314.569.072-80,Pix Enviado,289.55,2026-01-04,23:52:00
3990,840.935.162-51,936.807.412-78,Pagamento,8.96,2026-01-11,17:37:07
3770,509.127.834-60,079.652.148-49,Pix Enviado,125.87,2026-01-17,16:11:04
4273,106.847.592-76,829.361.705-59,Pix Recebido,19.74,2026-01-09,14:16:38
663,936.807.412-78,394.761.058-01,Saque Pix,51.88,2026-01-05,07:58:51
4443,684.512.790-58,921.346.750-80,Transferência,68.47,2026-01-10,12:42:41
706,762.531.489-82,175.084.369-20,Pagamento,6.71,2026-01-11,19:33:28
4755,496.081.753-48,950.431.628-05,Pix Enviado,103.45,2026-01-28,06:16:02
1854,652.184.037-17,137.058.694-93,Transferência,61.0,2026-01-17,10:47:36
4736,602.975.148-49,916.327.540-61,Pagamento,21.9,2026-01-18,06:44:52
2431,812.540.796-02,430.187.562-07,Pix Recebido,129.41,2026-01-01,06:53:34
1649,349.270.618-50,479.156.832-09,Saque Pix,22.48,2026-01-16,12:11:29
1808,173.469.802-04,378.046.912-03,Transferência,58.75,2026-01-31,15:45:39
4435,629.850.314-51,397.614.280-87,Pix Enviado,32.1,2026-01-19,23:53:45
443,681.297.045-01,925.164.708-94,Saque Pix,68.25,2026-01-24,17:26:13
1728,079.652.148-49,072.584.613-53,Saque Pix,5.29,2026-01-26,09:04:59
898,715.036.498-57,729.835.106-03,Pix Enviado,32.08,2026-01-14,14:52:14
3927,164.753.029-61,304.817.652-71,Pix Recebido,186.13,2026-01-21,16:02:47
635,378.124.690-69,570.349.681-01,Transferência,63.23,2026-01-27,12:55:47
3886,214.068.397-87,187.042.693-22,Pix Recebido,9.66,2026-01-18,15:26:24
5130,830.927.461-04,124.308.957-14,Pix Enviado,128.77,2026-01-03,09:47:00
1799,106.847.592-76,347.685.102-80,Pagamento,47.97,2026-01-24,15:45:48
3754,495.327.081-97,195.024.738-41,Pix Enviado,78.83,2026-01-20,10:40:38
629,031.794.582-32,412.350.768-90,Pagamento,101.55,2026-01-12,23:05:08
4975,826.045.791-11,471.953.820-79,Pix Enviado,124.53,2026-01-17,14:03:08
4034,403.298.175-23,659.043.178-75,Transferência,13.42,2026-01-31,15:53:41
4997,782.914.356-00,248.195.730-04,Pix Recebido,145.37,2026-01-23,20:20:00
1334,945.217.380-79,095.126.384-60,Pix Recebido,114.45,2026-01-15,17:08:16
5200,403.569.872-56,406.258.971-02,Pix Enviado,7308.03,2026-01-25,03:23:23
1561,340.572.189-04,285.793.146-82,Pagamento,91.7,2026-01-22,07:31:29
415,435.890.261-89,834.750.926-38,Pagamento,477.9,2026-01-29,18:10:35
224,609.837.421-03,692.081.374-22,Saque Pix,7.0,2026-01-07,05:31:14
1495,296.518.073-77,361.479.205-61,Transferência,63.88,2026-01-25,08:21:20
4700,634.510.872-35,405.623.871-53,Transferência,26.69,2026-01-06,09:21:37
2251,790.314.562-25,609.483.725-83,Transferência,28.42,2026-01-22,08:01:36
740,039.285.471-60,629.850.314-51,Saque Pix,1.42,2026-01-11,21:05:04
2783,269.705.413-80,103.426.978-03,Pagamento,2.19,2026-01-25,11:07:34
445,603.184.597-01,316.274.589-64,Pagamento,59.16,2026-01-03,20:08:27
2469,681.297.045-01,549.623.087-00,Pix Recebido,156.3,2026-01-17,13:48:11
1556,367.158.024-08,165.874.920-02,Transferência,545.1,2026-01-31,20:48:00
1205,503.197.648-93,851.249.036-51,Saque Pix,19.72,2026-01-10,07:54:10
5202,872.610.495-49,647.809.231-31,Pix Enviado,6723.61,2026-01-28,03:45:58
3943,384.795.206-47,384.795.206-47,Pagamento,87.45,2026-01-01,05:05:33
3515,405.179.628-02,391.256.840-51,Pagamento,16.36,2026-01-11,20:07:59
4550,081.254.963-51,164.723.850-17,Pix Enviado,29.65,2026-01-11,23:13:03
73,538.164.790-57,790.314.562-25,Pix Enviado,45.97,2026-01-02,13:54:14
3879,104.736.958-39,570.349.681-01,Pix Enviado,6.13,2026-01-08,20:09:32
421,479.156.832-09,023.157.896-21,Pix Enviado,17.82,2026-01-11,08:49:22
2298,546.832.109-24,513.480.629-24,Saque Pix,16.18,2026-01-19,08:05:11
2185,352.609.174-99,715.036.498-57,Pix Recebido,2.63,2026-01-22,14:01:52
1665,256.731.904-25,264.983.571-00,Pix Recebido,178.32,2026-01-02,18:52:31
1631,193.674.528-37,024.157.986-49,Transferência,63.33,2026-01-16,05:47:28
474,046.157.823-90,960.215.837-95,Pix Enviado,9.87,2026-01-13,10:27:41
2053,531.760.428-17,518.746.029-30,Saque Pix,36.76,2026-01-04,23:25:03
2417,175.084.369-20,126.735.894-73,Pix Recebido,14.15,2026-01-21,18:24:38
3742,035.174.982-97,657.413.290-80,Pix Recebido,11.67,2026-01-07,11:29:02
4499,549.318.267-09,561.379.248-82,Pagamento,114.04,2026-01-13,20:07:01
2040,261.430.597-99,753.206.498-00,Saque Pix,320.28,2026-01-11,16:04:33
302,637.541.089-48,068.427.953-38,Pix Enviado,8.6,2026-01-11,08:08:33
864,235.879.640-92,840.935.162-51,Saque Pix,73.05,2026-01-12,21:18:46
4460,039.856.271-77,946.572.813-64,Transferência,37.68,2026-01-27,12:45:12
4808,041.837.295-05,062.834.975-00,Pagamento,5.17,2026-01-01,16:26:48
4228,586.793.402-00,398.615.420-51,Transferência,78.9,2026-01-01,18:41:19
2313,820.351.746-35,617.409.532-07,Pagamento,38.18,2026-01-05,22:24:32
209,920.863.174-50,716.983.054-00,Pix Enviado,98.94,2026-01-03,07:41:44
1793,568.137.204-90,427.150.893-41,Pix Recebido,132.35,2026-01-10,23:21:39
3026,593.106.728-03,164.753.029-61,Transferência,30.4,2026-01-08,07:24:03
449,104.736.958-39,269.705.413-80,Transferência,40.53,2026-01-11,12:53:33
1543,538.294.706-65,294.631.805-24,Pix Recebido,15.72,2026-01-17,11:14:18
2357,081.254.963-51,524.963.071-52,Saque Pix,6.24,2026-01-12,23:43:22
5093,180.974.253-60,021.589.436-70,Pix Enviado,283.36,2026-01-13,22:29:00
42,760.481.293-78,296.035.418-42,Pix Recebido,58.41,2026-01-21,09:17:28
1236,521.487.369-73,036.571.248-53,Transferência,22.99,2026-01-21,13:50:30
428,349.270.618-50,571.039.846-20,Saque Pix,22.92,2026-01-20,14:04:58
1296,954.867.201-49,062.385.149-06,Pagamento,38.51,2026-01-11,14:54:18
3450,617.409.532-07,012.938.654-51,Pagamento,29.12,2026-01-05,20:39:21
679,340.572.189-04,126.735.894-73,Pix Recebido,60.46,2026-01-30,13:00:36
2589,056.794.832-38,187.042.693-22,Pix Recebido,100.29,2026-01-09,07:50:26
2031,834.750.926-38,041.837.625-53,Transferência,2.41,2026-01-24,09:25:40
1709,973.125.408-05,286.471.950-94,Pagamento,77.34,2026-01-20,18:35:14
3018,946.572.813-64,124.765.890-20,Pix Recebido,149.8,2026-01-28,05:13:44
3273,657.039.128-30,238.409.176-03,Pix Recebido,56.22,2026-01-06,07:59:34
2228,059.243.876-74,378.124.690-69,Pix Recebido,41.83,2026-01-02,18:27:30
3116,294.357.081-88,687.203.154-90,Pix Recebido,51.25,2026-01-07,15:04:20
3555,431.026.795-52,790.314.562-25,Transferência,2.21,2026-01-16,19:30:38
2254,852.391.647-46,729.835.106-03,Transferência,48.98,2026-01-04,07:00:20
4703,609.483.725-83,291.806.534-05,Transferência,85.05,2026-01-11,07:19:42
3576,529.607.843-83,138.470.659-39,Pagamento,153.51,2026-01-25,16:57:27
4357,147.638.250-62,079.652.148-49,Transferência,10.97,2026-01-22,20:49:31
1120,652.184.037-17,741.692.835-46,Pagamento,24.45,2026-01-05,17:32:42
4518,423.185.069-06,729.365.418-91,Pagamento,27.59,2026-01-30,18:01:39
2248,926.317.048-78,136.258.904-70,Pix Recebido,8.17,2026-01-10,11:25:40
3624,856.047.923-65,973.125.408-05,Saque Pix,14.91,2026-01-29,17:09:51
2424,165.270.834-08,136.258.904-70,Pix Enviado,20.01,2026-01-23,21:18:28
868,387.596.024-65,593.106.728-03,Transferência,5.39,2026-01-05,22:14:12
1463,104.927.683-31,890.715.642-58,Pix Enviado,4.36,2026-01-04,16:19:09
4782,315.297.648-82,462.178.059-01,Pix Enviado,24.14,2026-01-27,12:57:44
143,603.184.597-01,648.905.137-01,Pagamento,18.1,2026-01-29,23:43:31
3646,753.206.498-00,041.837.295-05,Pix Recebido,68.91,2026-01-26,09:26:38
4941,378.124.690-69,602.138.497-04,Pix Recebido,23.27,2026-01-28,08:12:12
3156,798.130.564-01,867.429.153-82,Saque Pix,143.75,2026-01-12,22:56:47
3867,097.213.685-12,023.157.896-21,Saque Pix,81.66,2026-01-30,14:58:00
2489,376.920.158-21,834.750.926-38,Pagamento,24.2,2026-01-28,11:31:24
4566,638.721.405-07,194.583.260-60,Pagamento,3.27,2026-01-08,07:57:12
1015,413.589.027-04,031.794.582-32,Pix Enviado,69.45,2026-01-24,23:41:56
2877,713.904.628-03,247.186.530-53,Pix Recebido,314.82,2026-01-14,20:10:37
5062,362.140.958-06,249.015.367-61,Pix Enviado,213.84,2026-01-11,21:52:00
1667,493.710.526-43,341.906.587-66,Transferência,29.21,2026-01-31,12:30:13
2909,568.790.312-77,072.584.613-53,Saque Pix,67.9,2026-01-08,06:44:41
4951,923.150.784-23,652.184.037-17,Transferência,33.8,2026-01-06,09:34:15
2584,760.481.293-78,072.584.613-53,Pix Recebido,17.3,2026-01-22,11:06:54
2510,753.206.498-00,913.025.468-05,Pix Recebido,23.09,2026-01-16,00:36:16
3209,529.607.843-83,526.831.497-19,Pix Recebido,13.95,2026-01-09,09:19:02
3572,350.298.164-70,014.386.759-84,Transferência,11.75,2026-01-25,16:37:50
2606,829.361.574-55,593.716.824-00,Pix Recebido,47.26,2026-01-18,18:29:45
2650,729.835.106-03,932.768.045-65,Pix Enviado,69.95,2026-01-08,18:25:32
1115,204.563.198-24,695.132.704-16,Pagamento,76.18,2026-01-21,13:02:34
1068,657.413.290-80,302.987.615-21,Transferência,7.66,2026-01-31,18:48:57
754,264.708.951-58,087.649.321-50,Pagamento,70.91,2026-01-08,17:05:08
2736,321.894.760-03,340.892.756-10,Pix Recebido,13.95,2026-01-27,14:58:00
2634,957.634.182-55,812.540.796-02,Pix Recebido,15.77,2026-01-29,13:18:40
4813,926.317.048-78,408.259.671-20,Pix Enviado,5.13,2026-01-01,18:25:58
1216,378.124.690-69,435.721.906-06,Saque Pix,67.95,2026-01-22,19:07:24
3166,531.760.428-17,261.430.597-99,Transferência,178.71,2026-01-11,22:40:54
3849,521.487.369-73,957.634.182-55,Saque Pix,38.29,2026-01-06,16:28:55
3205,127.063.948-03,467.935.201-99,Pix Enviado,51.25,2026-01-19,13:58:22
4672,682.314.079-87,821.043.657-08,Pix Enviado,19.5,2026-01-21,07:04:28
1432,403.182.657-53,829.361.705-59,Saque Pix,14.27,2026-01-02,22:51:28
966,713.045.682-53,274.351.069-25,Pix Enviado,119.04,2026-01-08,16:46:03
905,713.045.682-53,261.430.597-99,Pix Recebido,75.77,2026-01-21,12:05:31
5193,432.069.581-05,478.502.136-53,Pix Enviado,500,2026-01-01,14:34:00
2147,215.439.087-05,204.563.198-24,Pix Enviado,1.29,2026-01-20,09:16:27
158,462.178.059-01,192.358.604-15,Pix Recebido,99.49,2026-01-29,10:19:25
3773,186.472.509-58,726.480.359-74,Pix Recebido,95.63,2026-01-18,16:53:15
399,529.607.843-83,201.479.685-85,Transferência,20.1,2026-01-07,16:03:10
4112,692.081.374-22,036.571.248-53,Pix Recebido,5.69,2026-01-06,12:56:51
2089,608.471.239-87,687.203.154-90,Transferência,16.8,2026-01-12,16:43:48
4864,018.324.769-87,194.583.260-60,Saque Pix,18.47,2026-01-22,19:07:04
4851,192.358.604-15,468.523.917-28,Transferência,9.66,2026-01-02,08:50:46
5208,205.139.784-88,831.270.596-12,Pix Enviado,15398.03,2026-01-07,04:27:42
4003,691.782.045-85,316.274.589-64,Saque Pix,36.59,2026-01-21,19:47:23
3981,946.572.813-64,456.201.389-33,Transferência,65.71,2026-01-17,19:51:42
3935,039.285.471-60,165.807.934-57,Pix Recebido,12.05,2026-01-29,12:20:04
574,193.674.528-37,124.765.890-20,Pix Enviado,15.36,2026-01-12,07:54:58
1996,780.351.926-12,518.746.029-30,Transferência,16.29,2026-01-18,17:05:45
1200,467.395.081-00,874.510.369-01,Pagamento,23.12,2026-01-17,13:55:46
1653,340.572.189-04,635.092.714-16,Pix Recebido,306.24,2026-01-23,07:22:17
4280,014.386.759-84,518.746.029-30,Saque Pix,20.39,2026-01-26,19:21:40
2304,235.194.870-04,570.349.681-01,Pagamento,319.12,2026-01-09,18:27:56
865,856.047.923-65,798.130.564-01,Pagamento,8.75,2026-01-20,18:18:29
1613,294.631.805-24,609.357.142-43,Transferência,49.96,2026-01-10,20:57:25
2685,568.137.204-90,360.479.185-57,Saque Pix,94.85,2026-01-11,06:18:57
3983,035.174.982-97,364.751.092-07,Pix Enviado,10.98,2026-01-09,08:07:42
923,612.930.578-86,629.850.314-51,Pix Recebido,30.78,2026-01-08,20:14:10
4176,137.268.905-21,578.263.914-82,Saque Pix,79.71,2026-01-14,19:30:59
4600,540.873.916-39,394.761.058-01,Pagamento,175.72,2026-01-30,22:07:20
4185,459.102.768-67,435.721.906-06,Pix Recebido,1.2,2026-01-20,11:12:21
3377,189.374.560-01,790.864.213-69,Saque Pix,11.65,2026-01-23,21:36:27
2661,109.867.534-75,874.625.390-47,Saque Pix,12.25,2026-01-11,11:08:10
3669,073.852.491-32,137.268.905-21,Pix Enviado,264.11,2026-01-17,13:12:36
3492,392.061.754-16,307.815.642-71,Pix Enviado,123.91,2026-01-21,12:36:24
2851,609.357.142-43,593.716.824-00,Pix Enviado,58.17,2026-01-25,18:40:25
3028,890.715.642-58,635.092.714-16,Transferência,7.52,2026-01-15,06:03:16
1427,743.619.025-34,198.073.462-31,Pagamento,14.36,2026-01-27,18:24:47
4718,728.645.103-08,534.106.978-10,Pagamento,91.78,2026-01-21,13:41:02
4240,325.479.061-80,095.126.384-60,Transferência,50.11,2026-01-10,20:19:43
1361,684.512.790-58,630.459.872-65,Pix Recebido,30.52,2026-01-17,06:16:54
992,095.126.384-60,358.274.160-53,Saque Pix,13.77,2026-01-17,21:35:33
5213,620.781.439-87,105.487.963-00,Pix Enviado,15231.16,2026-01-10,04:09:23
1261,180.645.723-71,160.592.478-49,Pix Enviado,93.54,2026-01-02,11:40:45
4445,235.879.640-92,986.751.340-10,Saque Pix,25.94,2026-01-25,08:36:24
2487,496.318.570-93,790.864.213-69,Pix Recebido,191.93,2026-01-11,12:27:47
3881,705.924.186-85,715.036.498-57,Transferência,12.54,2026-01-20,01:48:50
1575,810.723.956-30,603.124.987-13,Saque Pix,41.6,2026-01-23,11:32:14
2666,479.028.536-74,784.351.690-57,Transferência,91.4,2026-01-16,23:45:56
153,762.531.489-82,518.746.029-30,Transferência,15.32,2026-01-22,22:05:58
2793,106.847.592-76,264.708.951-58,Saque Pix,12.71,2026-01-04,17:02:00
2552,890.715.642-58,459.102.768-67,Pix Enviado,17.29,2026-01-06,11:20:54
4673,743.810.695-01,681.297.045-01,Pix Recebido,116.76,2026-01-05,12:38:53
4702,152.068.479-76,120.985.436-89,Pix Enviado,14.77,2026-01-07,17:45:20
3581,546.921.730-25,892.053.741-05,Transferência,130.93,2026-01-13,10:05:02
5143,841.670.395-75,859.207.163-12,Pix Enviado,1000,2026-01-26,17:04:45
95,041.837.625-53,521.463.087-53,Saque Pix,47.06,2026-01-29,13:40:53
1957,194.583.260-60,936.807.412-78,Saque Pix,85.14,2026-01-11,13:21:40
2565,784.351.690-57,321.075.869-77,Pix Recebido,6.61,2026-01-17,20:10:10
533,629.048.315-33,479.028.536-74,Saque Pix,27.74,2026-01-28,12:56:37
565,923.570.146-52,195.742.360-99,Pix Enviado,4.31,2026-01-10,16:19:48
2406,385.614.290-89,190.576.328-02,Saque Pix,4.46,2026-01-01,19:23:41
2269,603.458.791-39,834.062.951-42,Pagamento,39.33,2026-01-07,09:03:43
2625,539.867.201-03,285.793.146-82,Pix Recebido,8.71,2026-01-08,07:44:18
139,913.025.468-05,906.432.781-50,Pix Recebido,330.06,2026-01-19,23:48:18
5188,432.069.581-05,179.640.582-58,Pix Enviado,500,2026-01-20,14:10:51
2261,106.847.592-76,392.061.754-16,Transferência,2.77,2026-01-13,11:13:21
5218,734.158.926-46,635.821.974-09,Pix Enviado,8159.89,2026-01-23,03:12:48
1278,279.683.410-78,394.761.058-01,Transferência,13.09,2026-01-14,23:19:49
3397,916.327.540-61,167.845.932-19,Pix Enviado,18.16,2026-01-26,18:40:41
4199,059.243.876-74,842.967.503-56,Pagamento,7.51,2026-01-10,05:00:29
170,568.137.204-90,439.675.218-00,Saque Pix,19.17,2026-01-04,18:42:59
173,540.891.732-05,790.138.246-50,Pix Recebido,3.07,2026-01-16,13:29:45
185,365.182.970-77,412.350.768-90,Transferência,33.71,2026-01-07,22:53:25
1460,862.059.741-85,316.274.589-64,Pix Enviado,32.62,2026-01-22,20:15:29
2681,923.570.146-52,965.408.173-39,Pagamento,7.38,2026-01-10,15:32:12
2718,810.792.435-50,501.936.428-24,Transferência,38.09,2026-01-27,08:40:42
1805,678.592.401-49,394.761.058-01,Pix Recebido,30.63,2026-01-30,19:00:08
1129,501.936.428-24,261.430.597-99,Pix Enviado,24.68,2026-01-18,06:48:14
2887,052.396.874-47,708.263.914-78,Pagamento,74.64,2026-01-01,15:33:35
5108,276.154.809-49,234.107.695-52,Pix Enviado,209.85,2026-01-22,12:23:00
1166,039.285.471-60,341.906.587-66,Transferência,76.82,2026-01-15,20:49:55
2654,624.158.397-28,024.157.986-49,Pagamento,12.64,2026-01-27,22:29:53
947,467.935.201-99,961.253.704-61,Pix Recebido,26.61,2026-01-23,19:55:47
366,397.614.280-87,756.231.089-03,Pix Enviado,9.03,2026-01-21,10:16:26
1789,538.164.790-57,316.274.589-64,Pix Enviado,3.33,2026-01-06,10:06:54
1567,908.457.623-38,587.623.149-55,Transferência,7.46,2026-01-12,07:59:31
2580,201.479.685-85,753.081.629-21,Transferência,181.93,2026-01-07,06:36:53
4453,471.953.820-79,285.793.146-82,Transferência,62.37,2026-01-27,10:42:24
2602,659.184.023-06,109.867.534-75,Pix Enviado,18.87,2026-01-31,19:36:01
1407,359.410.728-05,834.062.951-42,Pix Recebido,20.23,2026-01-04,21:53:53
353,721.680.359-03,476.018.539-93,Pagamento,868.84,2026-01-19,08:06:26
4891,578.263.914-82,152.068.479-76,Pix Recebido,32.73,2026-01-21,14:59:41
3368,718.693.240-13,708.263.914-78,Transferência,3.05,2026-01-21,19:58:52
2788,940.627.158-30,056.794.832-38,Transferência,102.05,2026-01-15,18:25:07
3140,890.715.642-58,041.837.295-05,Pix Enviado,23.18,2026-01-29,13:38:08
1754,627.453.189-00,829.361.574-55,Pix Enviado,44.44,2026-01-06,19:45:02
487,627.453.189-00,109.867.534-75,Saque Pix,2.82,2026-01-28,16:17:13
5199,956.437.201-16,605.917.834-01,Pix Enviado,100,2026-01-08,23:57:40
2143,286.471.950-94,627.453.189-00,Transferência,7.47,2026-01-09,12:30:07
57,350.276.184-17,147.529.380-14,Transferência,32.61,2026-01-04,12:51:03
1553,501.936.428-24,531.760.428-17,Pagamento,50.72,2026-01-26,20:45:17
1664,546.832.109-24,749.326.150-43,Pagamento,72.89,2026-01-13,10:45:29
479,609.837.421-03,798.130.564-01,Pix Enviado,55.26,2026-01-08,05:45:57
1003,761.540.389-84,641.305.897-84,Pagamento,8.76,2026-01-02,15:39:24
2376,109.874.632-50,195.742.360-99,Pix Recebido,16.73,2026-01-10,07:37:26
1241,423.079.615-34,837.149.560-93,Pagamento,303.6,2026-01-06,21:04:42
3125,310.748.562-44,605.279.138-12,Pagamento,9.73,2026-01-18,18:35:25
3012,730.458.921-32,617.945.023-43,Pix Recebido,32.2,2026-01-19,20:27:09
1913,741.692.835-46,136.258.904-70,Pix Enviado,66.04,2026-01-22,17:11:17
3233,435.890.261-89,906.247.813-13,Pagamento,26.19,2026-01-14,10:07:27
243,459.102.768-67,165.807.934-57,Saque Pix,58.77,2026-01-31,21:08:29
4127,256.731.904-25,549.623.087-00,Pagamento,14.92,2026-01-28,09:49:01
4577,986.751.340-10,279.683.410-78,Pix Recebido,8.39,2026-01-05,10:29:59
1173,397.614.280-87,923.150.784-23,Pagamento,36.84,2026-01-02,06:11:13
4930,713.045.682-53,164.753.029-61,Pix Recebido,41.47,2026-01-02,18:34:29
4992,760.481.293-78,840.935.162-51,Pix Enviado,58.21,2026-01-19,17:49:27
468,342.819.075-05,960.215.837-95,Pagamento,21.52,2026-01-01,13:48:16
1181,420.156.983-70,145.370.268-71,Pagamento,113.79,2026-01-30,20:11:25
627,236.174.085-08,291.806.534-05,Transferência,3.65,2026-01-29,08:38:15
88,756.231.089-03,495.327.081-97,Saque Pix,260.87,2026-01-09,21:42:54
2157,274.083.165-07,468.523.917-28,Pagamento,14.25,2026-01-30,08:23:12
4794,387.596.024-65,593.716.824-00,Pagamento,36.4,2026-01-30,15:32:17
611,350.298.164-70,435.890.261-89,Pagamento,26.73,2026-01-27,08:45:32
2578,352.609.174-99,310.748.562-44,Pix Enviado,4.69,2026-01-21,18:01:20
4790,195.364.028-15,729.835.106-03,Pix Recebido,38.05,2026-01-08,17:19:40
3213,630.459.872-65,247.159.863-37,Pix Recebido,106.4,2026-01-16,20:19:27
1474,403.298.175-23,286.471.950-94,Pix Enviado,5.73,2026-01-19,19:59:19
3097,378.124.690-69,204.563.198-24,Saque Pix,187.69,2026-01-18,08:29:24
1196,673.185.204-07,145.370.268-71,Transferência,11.28,2026-01-09,14:15:26
2064,608.231.759-95,682.314.079-87,Transferência,20.42,2026-01-03,14:55:04
4261,521.487.369-73,479.028.536-74,Pix Enviado,378.32,2026-01-30,08:50:04
1404,267.940.315-07,637.541.089-48,Pix Enviado,6.27,2026-01-23,20:43:47
4956,479.618.503-84,629.850.314-51,Transferência,1.95,2026-01-19,20:24:28
620,705.924.186-85,147.529.380-14,Pix Enviado,3.55,2026-01-25,04:40:23
1834,347.509.162-34,398.615.420-51,Pagamento,19.96,2026-01-25,12:13:04
2166,036.295.174-80,378.124.690-69,Transferência,28.97,2026-01-19,11:21:29
1333,946.572.813-64,052.396.874-47,Transferência,15.38,2026-01-24,14:49:30
3302,763.298.045-83,384.795.206-47,Pix Recebido,22.96,2026-01-16,10:09:22
4402,190.576.328-02,901.527.634-06,Pix Recebido,78.58,2026-01-31,12:14:08
4706,743.810.695-01,147.529.380-14,Pagamento,10.52,2026-01-22,13:30:22
2215,035.978.642-10,476.018.539-93,Pagamento,5.53,2026-01-11,17:21:00
2574,302.987.615-21,495.327.081-97,Pix Enviado,9.63,2026-01-27,12:13:24
106,392.061.754-16,961.253.704-61,Transferência,30.49,2026-01-23,14:54:38
265,602.138.497-04,167.845.932-19,Pix Recebido,30.5,2026-01-15,13:44:37
4162,461.930.852-89,352.609.174-99,Transferência,27.46,2026-01-02,20:54:09
5005,418.672.593-46,960.841.273-04,Pix Enviado,174.9,2026-01-22,14:19:00
3021,467.935.201-99,568.137.204-90,Pix Enviado,3.2,2026-01-03,11:26:57
2519,967.528.304-10,195.024.738-41,Pagamento,14.29,2026-01-12,13:57:57
2667,973.125.408-05,874.361.592-91,Pix Enviado,11.87,2026-01-07,06:25:32
2184,951.380.274-41,052.396.874-47,Saque Pix,35.3,2026-01-21,16:49:58
3067,294.631.805-24,401.956.283-06,Saque Pix,18.15,2026-01-03,19:36:43
3290,648.905.137-01,164.723.850-17,Saque Pix,62.68,2026-01-20,17:08:08
3380,025.167.489-49,149.072.865-11,Pix Recebido,2.02,2026-01-09,23:31:50
2820,387.190.524-05,701.326.548-90,Pagamento,15.73,2026-01-27,23:41:39
1345,167.845.932-19,906.247.813-13,Pix Recebido,40.59,2026-01-06,13:12:33
733,301.274.698-69,435.721.906-06,Saque Pix,72.44,2026-01-12,08:08:23
161,659.043.178-75,741.692.835-46,Saque Pix,46.91,2026-01-17,11:55:27
1203,194.867.250-20,513.409.276-16,Saque Pix,43.9,2026-01-10,09:10:02
49,609.483.725-83,169.502.387-03,Saque Pix,25.17,2026-01-22,16:18:12
1450,195.730.482-05,285.360.941-33,Transferência,93.57,2026-01-03,17:42:20
536,960.215.837-95,109.276.345-70,Pix Recebido,40.95,2026-01-24,15:04:09
2700,705.261.389-12,352.609.174-99,Pix Recebido,309.63,2026-01-09,21:45:04
3688,361.479.205-61,673.185.204-07,Pix Enviado,0.26,2026-01-24,09:07:01
1972,496.081.753-48,659.043.178-75,Pix Recebido,164.16,2026-01-21,11:04:17
4616,740.268.135-17,193.674.528-37,Pagamento,31.35,2026-01-17,21:56:03
4257,913.540.827-88,790.864.213-69,Saque Pix,144.8,2026-01-14,11:09:04
5057,175.289.346-82,604.985.723-74,Pix Enviado,54.79,2026-01-12,18:15:00
2617,851.249.036-51,042.837.195-79,Saque Pix,8.01,2026-01-30,05:10:55
3102,378.046.912-03,852.391.647-46,Saque Pix,178.04,2026-01-29,20:59:13
3052,603.124.987-13,261.430.597-99,Pix Recebido,13.64,2026-01-18,09:39:08
1305,365.182.970-77,923.150.784-23,Transferência,16.97,2026-01-13,17:14:45
4279,435.890.261-89,219.347.805-88,Pix Recebido,73.45,2026-01-24,06:03:47
3322,593.106.728-03,031.794.582-32,Saque Pix,8.3,2026-01-03,16:20:03
4232,681.297.045-01,036.295.174-80,Transferência,55.9,2026-01-08,17:14:35
1191,325.769.084-38,710.385.264-26,Pagamento,44.7,2026-01-11,18:14:23
1340,613.924.875-28,325.479.061-80,Pix Enviado,64.34,2026-01-29,10:32:09
3239,291.806.534-05,641.305.897-84,Transferência,20.1,2026-01-30,20:07:58
4965,678.925.134-00,046.157.823-90,Saque Pix,40.96,2026-01-17,13:54:30
3744,710.385.264-26,234.165.097-06,Pix Enviado,12.75,2026-01-05,14:28:58
3011,936.812.507-40,047.359.216-99,Transferência,44.32,2026-01-22,02:29:38
998,635.492.107-52,648.905.137-01,Pix Recebido,5.58,2026-01-26,06:39:40
3214,496.081.753-48,698.031.452-15,Transferência,9.94,2026-01-07,08:55:10
1839,046.157.823-90,684.512.790-58,Transferência,76.35,2026-01-09,18:47:09
4670,294.867.315-19,842.967.503-56,Pix Recebido,56.07,2026-01-30,23:35:02
2311,634.510.872-35,218.973.650-12,Transferência,9.52,2026-01-06,15:57:45
1434,307.815.642-71,617.945.023-43,Pagamento,6.48,2026-01-18,07:39:54
3826,397.614.280-87,398.615.420-51,Pix Enviado,67.07,2026-01-26,13:58:31
1522,892.053.741-05,867.945.301-39,Transferência,19.73,2026-01-29,17:43:36
1970,603.184.597-01,701.326.548-90,Pagamento,9.85,2026-01-19,08:18:30
1945,346.251.879-82,206.791.835-40,Pix Recebido,7.69,2026-01-20,07:30:31
1635,506.924.781-67,659.438.017-66,Pagamento,107.32,2026-01-02,13:22:50
3827,820.351.746-35,315.297.648-82,Transferência,1.94,2026-01-30,11:22:34
4870,326.104.759-34,195.024.738-41,Saque Pix,1.99,2026-01-17,08:55:15
4469,164.723.850-17,165.807.934-57,Transferência,5.22,2026-01-18,10:46:53
2731,681.297.045-01,617.945.023-43,Pix Recebido,53.43,2026-01-05,10:35:24
1377,341.586.027-26,461.930.852-89,Pix Recebido,18.27,2026-01-28,21:50:05
1744,046.753.921-99,687.203.154-90,Pix Enviado,32.17,2026-01-22,13:16:20
5041,827.134.059-04,472.980.361-22,Pix Enviado,112.65,2026-01-09,11:37:00
2195,329.168.470-22,214.068.397-87,Pix Enviado,60.51,2026-01-04,11:04:55
815,673.185.204-07,548.190.372-50,Pagamento,12.97,2026-01-09,08:19:51
664,209.814.765-11,301.274.698-69,Saque Pix,8.96,2026-01-22,16:21:35
1815,826.510.937-77,786.923.540-74,Pagamento,15.17,2026-01-03,13:45:53
4717,218.973.650-12,613.924.875-28,Pix Enviado,15.9,2026-01-09,15:03:09
507,986.751.340-10,925.164.708-94,Pix Recebido,3.54,2026-01-02,07:26:39
3805,710.385.264-26,892.053.741-05,Pix Recebido,103.16,2026-01-03,09:39:27
2114,524.963.071-52,169.502.387-03,Pix Recebido,11.44,2026-01-11,13:32:58
3126,235.194.870-04,629.048.315-33,Pagamento,82.72,2026-01-09,20:52:11
3824,307.815.642-71,104.736.958-39,Pix Enviado,29.18,2026-01-08,21:38:09
3189,794.216.053-06,381.462.795-46,Pix Enviado,16.34,2026-01-24,08:53:02
1742,302.987.615-21,543.612.807-62,Pagamento,27.42,2026-01-21,15:38:42
3525,479.156.832-09,540.891.732-05,Transferência,21.74,2026-01-26,12:03:29
837,315.820.497-50,376.920.158-21,Transferência,349.87,2026-01-31,15:38:49
4174,890.715.642-58,347.509.162-34,Transferência,118.27,2026-01-08,15:42:59
4619,361.479.205-61,586.793.402-00,Saque Pix,31.18,2026-01-22,13:27:47
2800,825.074.691-02,796.842.301-50,Transferência,29.47,2026-01-02,20:44:00
1069,230.541.986-42,726.043.958-00,Pagamento,37.06,2026-01-24,20:09:21
2291,048.126.935-51,072.584.613-53,Pagamento,3.69,2026-01-05,07:26:03
1672,954.137.082-97,657.039.128-30,Saque Pix,167.86,2026-01-22,08:16:34
3933,435.721.906-06,681.297.045-01,Transferência,21.06,2026-01-10,10:12:18
884,362.504.978-38,908.617.235-03,Pagamento,31.05,2026-01-05,09:08:19
2174,630.459.872-65,967.528.304-10,Pix Enviado,277.21,2026-01-25,08:53:04
1524,923.570.146-52,632.549.807-00,Pix Enviado,13.67,2026-01-14,22:00:37
2168,794.216.053-06,874.625.390-47,Pix Recebido,84.46,2026-01-26,14:38:38
3396,826.043.157-26,138.470.659-39,Pix Recebido,18.42,2026-01-05,20:27:35
145,756.231.089-03,068.427.953-38,Pix Recebido,66.05,2026-01-08,06:54:47
2320,195.364.028-15,401.956.283-06,Pagamento,15.37,2026-01-18,00:11:32
4384,149.072.865-11,216.593.478-82,Saque Pix,29.31,2026-01-15,11:15:59
4754,097.213.685-12,851.249.036-51,Pix Recebido,31.74,2026-01-06,17:57:06
1746,842.063.951-60,062.371.594-52,Pix Recebido,265.49,2026-01-28,09:13:27
3631,908.216.743-31,398.615.420-51,Transferência,12.53,2026-01-02,06:12:03
3567,632.549.807-00,698.031.452-15,Pix Recebido,14.27,2026-01-03,06:10:04
11,743.810.695-01,325.479.061-80,Pagamento,10.16,2026-01-11,05:48:46
989,469.013.275-52,698.031.452-15,Pix Recebido,5.5,2026-01-19,21:16:38
1964,294.357.081-88,821.043.657-08,Transferência,89.66,2026-01-14,16:31:51
4622,214.068.397-87,186.472.509-58,Pix Enviado,61.05,2026-01-02,19:13:28
4447,041.837.625-53,678.592.401-49,Pix Enviado,187.92,2026-01-30,02:55:54
913,465.273.108-62,461.930.852-89,Pix Recebido,74.86,2026-01-23,21:36:28
346,062.371.594-52,012.938.654-51,Saque Pix,89.45,2026-01-06,23:03:37
4339,538.420.697-74,046.157.823-90,Pix Enviado,267.73,2026-01-03,17:00:49
699,826.549.370-38,954.137.082-97,Transferência,73.87,2026-01-29,23:11:20
2350,296.035.418-42,321.894.760-03,Saque Pix,7.4,2026-01-09,14:29:14
4750,539.867.201-03,496.081.753-48,Pix Recebido,18.3,2026-01-25,11:54:37
4476,137.268.905-21,367.158.024-08,Pix Enviado,9.8,2026-01-16,15:56:41
458,986.751.340-10,509.127.834-60,Saque Pix,20.17,2026-01-24,02:16:18
638,603.184.597-01,012.938.654-51,Pix Recebido,41.88,2026-01-24,14:47:09
3158,790.138.246-50,394.761.058-01,Pagamento,139.66,2026-01-08,20:32:39
2281,251.089.473-05,361.498.250-51,Transferência,154.05,2026-01-13,15:29:54
3336,632.549.807-00,619.423.580-24,Pix Recebido,4.64,2026-01-26,19:28:08
3594,603.184.597-01,631.892.540-60,Pix Recebido,17.83,2026-01-01,09:14:47
4066,405.179.628-02,041.837.295-05,Pagamento,14.91,2026-01-04,19:49:49
5006,418.672.593-46,635.487.012-80,Pix Enviado,70.14,2026-01-22,14:19:00
920,426.958.073-92,294.867.315-19,Pix Recebido,27.48,2026-01-25,16:54:26
1367,165.807.934-57,873.692.514-46,Pix Enviado,42.17,2026-01-31,18:12:38
3838,346.251.879-82,941.267.358-28,Saque Pix,134.25,2026-01-12,22:43:17
4450,513.409.276-16,967.528.304-10,Saque Pix,320.61,2026-01-12,15:48:16
3869,138.470.659-39,549.386.270-00,Pix Recebido,384.78,2026-01-15,14:01:19
3544,159.062.437-80,325.479.061-80,Saque Pix,41.62,2026-01-06,16:33:37
1981,056.794.832-38,916.327.540-61,Pix Recebido,27.85,2026-01-29,14:14:26
751,352.987.164-82,401.956.283-06,Saque Pix,179.95,2026-01-28,21:45:55
3815,743.810.695-01,967.528.304-10,Pix Enviado,168.93,2026-01-05,11:47:15
3392,729.835.106-03,379.206.814-13,Pix Enviado,26.99,2026-01-22,06:03:18
116,195.024.738-41,190.576.328-02,Transferência,16.49,2026-01-20,21:35:15
4901,046.157.823-90,326.104.759-34,Pagamento,4.73,2026-01-22,18:52:02
1843,431.026.795-52,325.479.061-80,Pagamento,7.4,2026-01-10,06:16:52
2265,025.167.489-49,629.048.315-33,Saque Pix,5.89,2026-01-02,14:57:27
993,035.978.642-10,285.360.941-33,Pix Recebido,101.26,2026-01-31,20:31:47
2243,164.753.029-61,403.298.175-23,Pagamento,60.1,2026-01-21,09:40:55
1590,204.596.718-20,521.487.369-73,Transferência,28.67,2026-01-30,23:10:45
4929,924.516.087-49,501.936.428-24,Pagamento,47.39,2026-01-17,16:52:29
438,329.140.657-52,609.837.421-03,Pix Enviado,8.11,2026-01-05,20:44:46
2191,081.254.963-51,852.091.463-24,Pix Recebido,55.88,2026-01-10,19:47:00
527,137.058.694-93,465.273.108-62,Saque Pix,18.37,2026-01-22,18:30:38
3193,837.149.560-93,924.516.087-49,Transferência,15.8,2026-01-22,22:08:22
4133,256.731.904-25,085.721.436-53,Transferência,16.46,2026-01-26,22:03:42
745,743.810.695-01,815.437.906-66,Pagamento,7.13,2026-01-18,07:33:03
1837,967.528.304-10,921.346.750-80,Pix Recebido,24.47,2026-01-10,15:31:18
1702,862.059.741-85,904.586.321-98,Saque Pix,37.74,2026-01-25,23:40:18
2483,965.408.173-39,678.925.134-00,Pix Recebido,25.24,2026-01-06,11:44:03
1675,261.430.597-99,813.729.654-91,Pix Recebido,237.19,2026-01-26,11:30:30
187,095.126.384-60,301.274.698-69,Saque Pix,7.89,2026-01-05,23:50:15
3491,236.174.085-08,521.463.087-53,Transferência,163.77,2026-01-24,06:46:45
778,659.043.178-75,506.924.781-67,Saque Pix,5.94,2026-01-23,06:02:24
3267,837.149.560-93,479.618.503-84,Pix Recebido,0.74,2026-01-11,16:42:06
337,851.672.349-64,954.137.082-97,Pagamento,55.35,2026-01-23,21:05:05
1431,549.623.087-00,048.126.935-51,Saque Pix,50.32,2026-01-25,11:38:02
4283,826.549.370-38,347.685.102-80,Transferência,28.04,2026-01-20,21:54:00
2860,548.190.372-50,513.480.629-24,Transferência,125.45,2026-01-30,23:27:09
5058,362.140.958-06,432.905.861-89,Pix Enviado,152.72,2026-01-11,21:52:00
1858,340.892.756-10,214.068.397-87,Pix Enviado,36.41,2026-01-21,08:08:32
3152,397.614.280-87,609.483.725-83,Transferência,56.51,2026-01-29,07:38:38
137,195.364.028-15,062.371.594-52,Transferência,110.8,2026-01-30,08:47:50
1520,695.172.430-06,164.728.503-80,Saque Pix,1.48,2026-01-22,07:34:22
3873,810.792.435-50,710.385.264-26,Pagamento,55.09,2026-01-24,07:58:00
2537,521.463.087-53,403.182.657-53,Pagamento,18.45,2026-01-16,10:35:41
4272,068.427.953-38,063.418.279-03,Saque Pix,0.5,2026-01-27,12:42:28
889,973.125.408-05,173.469.802-04,Pagamento,110.08,2026-01-23,10:50:09
2137,862.059.741-85,435.890.261-89,Pagamento,66.38,2026-01-22,23:21:46
4071,729.365.418-91,538.420.697-74,Pix Enviado,3.22,2026-01-02,12:09:12
582,760.481.293-78,730.458.921-32,Pix Recebido,30.73,2026-01-14,16:42:59
1955,496.318.570-93,358.709.642-29,Transferência,145.21,2026-01-03,19:17:48
2567,309.821.576-30,503.197.648-93,Pix Recebido,77.25,2026-01-25,11:51:17
2534,871.543.069-39,630.859.427-00,Transferência,18.53,2026-01-07,13:08:20
1388,710.385.264-26,957.634.182-55,Pix Enviado,370.26,2026-01-07,15:09:27
1606,574.190.283-97,659.438.017-66,Pix Enviado,26.3,2026-01-27,02:29:59
3038,103.426.978-03,310.748.562-44,Transferência,98.13,2026-01-11,19:09:06
802,834.750.926-38,653.817.209-12,Saque Pix,4.27,2026-01-03,21:31:29
4509,247.159.863-37,364.751.092-07,Transferência,68.47,2026-01-24,22:26:26
10,705.261.389-12,653.817.209-12,Pix Enviado,19.71,2026-01-28,16:53:36
3304,324.765.891-28,219.347.805-88,Pix Enviado,8.74,2026-01-05,21:49:33
2256,587.623.149-55,786.923.540-74,Pagamento,33.77,2026-01-28,14:51:00
4892,634.510.872-35,106.847.592-76,Pagamento,367.85,2026-01-10,11:41:09
822,201.479.685-85,215.084.693-42,Saque Pix,11.71,2026-01-08,09:49:21
3133,194.583.260-60,936.807.412-78,Transferência,32.58,2026-01-01,16:24:38
1292,395.176.820-77,501.936.428-24,Pix Enviado,130.04,2026-01-22,09:43:01
2916,736.425.198-73,376.920.158-21,Pix Enviado,125.69,2026-01-02,07:12:20
4554,675.908.214-11,420.156.983-70,Transferência,4.59,2026-01-15,13:07:38
2027,892.053.741-05,479.156.832-09,Pagamento,109.97,2026-01-14,04:41:02
30,873.692.514-46,120.985.436-89,Pix Recebido,3.53,2026-01-11,09:02:01
1246,708.263.914-78,681.297.045-01,Pix Recebido,18.79,2026-01-27,23:41:09
5059,362.140.958-06,942.563.810-15,Pix Enviado,113.67,2026-01-11,21:52:00
2750,574.190.283-97,325.479.061-80,Pagamento,670.03,2026-01-13,07:13:52
2073,059.872.634-92,412.350.768-90,Pagamento,26.42,2026-01-15,22:52:33
141,641.305.897-84,312.689.475-55,Pagamento,2061.7,2026-01-12,11:05:28
4627,608.231.759-95,097.213.685-12,Pagamento,179.22,2026-01-22,01:35:13
4138,753.206.498-00,052.396.874-47,Saque Pix,34.49,2026-01-23,14:37:40
5136,261.385.409-05,472.516.389-91,Pix Enviado,238.97,2026-01-13,22:48:00
3472,360.479.185-57,137.058.694-93,Pix Recebido,14.19,2026-01-12,07:25:35
4486,403.298.175-23,740.268.135-17,Transferência,45.5,2026-01-31,16:37:27
4433,826.043.157-26,301.274.698-69,Pix Recebido,3.42,2026-01-18,21:08:45
2418,741.609.852-11,384.795.206-47,Pagamento,34.68,2026-01-09,10:45:39
3602,856.047.923-65,063.418.279-03,Pagamento,16.99,2026-01-20,19:49:15
2936,506.924.781-67,403.298.175-23,Pagamento,36.94,2026-01-14,13:20:16
371,740.356.819-20,073.852.491-32,Pix Enviado,61.91,2026-01-25,19:45:51
2268,260.549.387-38,539.867.201-03,Pix Enviado,106.28,2026-01-15,01:36:09
1294,692.081.374-22,657.413.290-80,Pix Enviado,10.16,2026-01-11,20:50:51
2612,035.174.982-97,756.231.089-03,Pix Enviado,51.9,2026-01-13,15:59:30
3284,052.396.874-47,218.973.650-12,Saque Pix,59.4,2026-01-14,14:44:02
1139,637.541.089-48,571.039.846-20,Saque Pix,182.13,2026-01-17,18:53:13
675,173.469.802-04,479.156.832-09,Pix Recebido,97.54,2026-01-11,23:53:22
1812,347.685.102-80,329.140.657-52,Transferência,106.82,2026-01-29,13:42:09
4731,423.185.069-06,475.690.821-76,Pix Enviado,168.88,2026-01-21,16:55:11
3874,790.562.348-38,761.540.389-84,Pix Recebido,30.73,2026-01-01,14:25:17
2970,603.458.791-39,286.471.950-94,Pagamento,107.78,2026-01-16,13:56:47
3921,198.073.462-31,675.908.214-11,Saque Pix,51.91,2026-01-23,15:53:50
3157,602.138.497-04,236.174.085-08,Transferência,357.36,2026-01-06,17:35:51
3442,291.806.534-05,391.256.840-51,Transferência,12.7,2026-01-22,22:13:30
2258,423.185.069-06,705.924.186-85,Saque Pix,28.71,2026-01-24,08:10:55
4608,126.735.894-73,185.324.697-28,Pix Enviado,294.47,2026-01-04,18:06:09
833,107.563.284-62,346.251.879-82,Transferência,44.66,2026-01-29,10:06:51
1309,708.263.914-78,467.935.201-99,Saque Pix,34.07,2026-01-06,06:40:00
1811,513.480.629-24,341.906.587-66,Pagamento,177.5,2026-01-24,23:47:55
1880,127.063.948-03,073.852.491-32,Saque Pix,6.55,2026-01-04,17:56:05
4302,360.479.185-57,635.492.107-52,Pagamento,24.92,2026-01-10,10:39:50
496,395.671.042-80,109.867.534-75,Pagamento,51.21,2026-01-01,15:33:34
2048,235.879.640-92,072.184.659-94,Pagamento,642.4,2026-01-22,20:11:28
4529,426.958.073-92,039.285.471-60,Pix Enviado,17.24,2026-01-15,16:55:21
1439,167.845.932-19,036.295.174-80,Pix Recebido,90.78,2026-01-04,19:23:42
4837,495.327.081-97,310.748.562-44,Transferência,76.03,2026-01-29,20:13:36
322,362.504.978-38,763.298.045-83,Pix Recebido,76.06,2026-01-20,12:48:09
5030,584.129.376-19,801.645.937-48,Pix Enviado,64.26,2026-01-09,07:41:00
1247,740.356.819-20,395.176.820-77,Pix Recebido,23.17,2026-01-21,13:28:48
2545,790.864.213-69,853.612.094-06,Transferência,46.8,2026-01-01,19:28:24
1363,713.904.628-03,362.504.978-38,Pix Enviado,8.8,2026-01-23,15:46:59
5126,128.930.674-50,327.850.964-10,Pix Enviado,189.73,2026-01-06,10:16:00
974,853.612.094-06,423.185.069-06,Pagamento,5.21,2026-01-22,18:08:05
1581,593.716.824-00,625.790.143-06,Transferência,173.4,2026-01-09,09:42:35
1187,173.469.802-04,398.615.420-51,Pix Enviado,694.32,2026-01-17,22:01:29
4350,908.617.235-03,024.157.986-49,Pagamento,42.51,2026-01-26,08:00:32
649,798.130.564-01,081.254.963-51,Saque Pix,7.56,2026-01-14,09:30:48
2117,035.174.982-97,418.326.590-89,Pagamento,36.87,2026-01-02,10:52:57
5132,830.927.461-04,549.208.763-00,Pix Enviado,211.88,2026-01-03,09:47:00
606,361.479.205-61,267.940.315-07,Saque Pix,4.24,2026-01-20,08:33:11
4818,691.782.045-85,180.645.723-71,Transferência,34.14,2026-01-28,02:01:33
1658,867.945.301-39,187.042.693-22,Pix Recebido,7.23,2026-01-26,09:54:27
605,479.618.503-84,936.812.507-40,Transferência,36.69,2026-01-09,09:27:53
4664,932.768.045-65,165.874.920-02,Transferência,69.05,2026-01-22,18:25:38
4243,321.075.869-77,813.729.654-91,Saque Pix,5.81,2026-01-01,18:03:00
746,068.427.953-38,479.028.536-74,Pagamento,30.62,2026-01-04,22:16:49
2911,954.137.082-97,873.645.201-71,Pix Recebido,68.86,2026-01-28,16:36:19
948,109.276.345-70,936.807.412-78,Pix Recebido,2.78,2026-01-01,22:52:04
2508,039.285.471-60,238.409.176-03,Saque Pix,29.78,2026-01-01,06:01:28
1809,264.708.951-58,736.541.829-09,Pix Recebido,6.51,2026-01-26,17:04:17
3806,721.680.359-03,605.283.497-83,Pix Enviado,289.77,2026-01-01,19:56:55
71,138.470.659-39,954.867.201-49,Transferência,12.45,2026-01-11,16:36:07
335,164.753.029-61,362.504.978-38,Transferência,15.26,2026-01-21,12:28:23
4876,873.692.514-46,723.504.691-07,Pix Recebido,62.47,2026-01-24,16:59:57
4067,085.721.436-53,496.318.570-93,Pix Enviado,51.16,2026-01-28,07:45:12
3033,873.645.201-71,617.409.532-07,Pagamento,14.73,2026-01-18,18:44:14
3168,921.346.750-80,165.270.834-08,Pix Enviado,116.27,2026-01-07,21:23:29
3977,349.270.618-50,695.132.704-16,Saque Pix,23.44,2026-01-16,21:35:31
2988,634.510.872-35,236.174.085-08,Pagamento,88.83,2026-01-20,19:33:26
4277,524.963.071-52,821.476.305-35,Pagamento,85.37,2026-01-13,16:18:33
3665,954.137.082-97,631.892.540-60,Transferência,48.81,2026-01-13,07:28:20
2498,509.127.834-60,501.936.428-24,Pix Recebido,47.91,2026-01-16,21:02:21
3872,657.408.913-10,230.541.986-42,Transferência,54.1,2026-01-17,07:07:23
644,165.270.834-08,698.031.452-15,Pix Recebido,40.76,2026-01-21,17:34:42
1638,586.142.937-55,756.231.089-03,Transferência,14.3,2026-01-10,19:24:00
4258,149.072.865-11,356.810.749-00,Pix Recebido,7.72,2026-01-15,20:23:20
576,187.042.693-22,152.068.479-76,Pagamento,28.33,2026-01-28,03:24:53
2885,653.817.209-12,079.652.148-49,Pix Recebido,13.69,2026-01-13,08:37:17
1818,659.438.702-29,236.174.085-08,Transferência,13.82,2026-01-10,22:07:30
190,954.137.082-97,041.837.295-05,Transferência,92.93,2026-01-12,15:37:59
2711,713.904.628-03,342.819.075-05,Pagamento,4.5,2026-01-20,10:15:43
1491,790.864.213-69,721.680.359-03,Saque Pix,142.63,2026-01-24,08:40:18
1137,986.751.340-10,302.987.451-60,Pix Recebido,355.96,2026-01-24,02:55:56
1198,509.476.138-20,035.978.642-10,Pix Recebido,31.67,2026-01-17,01:53:30
2633,512.398.047-41,540.891.732-05,Pagamento,16.51,2026-01-24,10:50:29
2811,312.689.475-55,378.124.690-69,Saque Pix,96.07,2026-01-13,06:34:55
227,810.792.435-50,062.385.149-06,Saque Pix,104.61,2026-01-09,10:28:30
3089,634.510.872-35,926.317.048-78,Saque Pix,97.81,2026-01-29,09:41:05
3603,326.104.759-34,046.157.823-90,Transferência,12.55,2026-01-25,16:37:01
3240,405.179.628-02,395.176.820-77,Transferência,11.9,2026-01-07,06:45:14
46,068.427.953-38,203.195.784-88,Pix Recebido,5.9,2026-01-06,07:56:25
3999,321.075.869-77,659.438.702-29,Transferência,63.71,2026-01-04,02:50:32
1373,812.540.796-02,691.782.045-85,Saque Pix,3.21,2026-01-12,17:42:09
3810,960.215.837-95,081.254.963-51,Pix Recebido,10.76,2026-01-08,14:38:35
1335,493.710.526-43,381.462.795-46,Pix Enviado,5.49,2026-01-10,08:52:50
3320,167.845.932-19,960.215.837-95,Pix Recebido,10.2,2026-01-10,12:40:43
2062,924.516.087-49,109.867.534-75,Pix Enviado,10.5,2026-01-28,15:32:13
2043,378.046.912-03,698.405.127-49,Pix Enviado,6.47,2026-01-03,13:23:26
2333,954.867.201-49,195.742.360-99,Pix Enviado,28.94,2026-01-26,23:31:06
2693,187.042.693-22,072.584.613-53,Saque Pix,13.68,2026-01-06,11:19:29
2047,204.596.718-20,081.254.963-51,Saque Pix,38.72,2026-01-09,22:37:27
2332,498.630.715-01,986.751.340-10,Pagamento,14.05,2026-01-09,14:41:08
112,756.231.089-03,052.396.874-47,Transferência,7.01,2026-01-07,15:02:37
1688,024.157.986-49,609.357.142-43,Saque Pix,11.49,2026-01-14,14:27:38
1577,951.380.274-41,538.420.697-74,Transferência,38.83,2026-01-06,11:53:47
3464,726.043.958-00,052.396.874-47,Transferência,50.43,2026-01-03,06:25:29
1792,867.429.153-82,350.298.164-70,Pix Recebido,33.68,2026-01-29,17:30:39
3554,310.748.562-44,264.983.571-00,Saque Pix,17.52,2026-01-26,09:47:05
1013,716.983.054-00,682.314.079-87,Pagamento,18.11,2026-01-17,20:11:56
4728,529.607.843-83,602.975.148-49,Saque Pix,81.48,2026-01-09,10:28:39
2112,721.680.359-03,329.140.657-52,Saque Pix,42.84,2026-01-07,19:37:02
4116,349.270.618-50,950.431.628-05,Pagamento,3.38,2026-01-28,15:45:44
4852,780.364.952-10,659.438.702-29,Pix Enviado,36.08,2026-01-12,17:36:31
4126,219.347.805-88,728.045.693-65,Transferência,30.25,2026-01-24,10:33:51
900,412.350.768-90,165.807.934-57,Saque Pix,14.49,2026-01-18,06:26:50
1867,539.867.201-03,605.432.978-29,Transferência,110.67,2026-01-02,17:43:16
1921,691.782.045-85,467.395.081-00,Saque Pix,144.81,2026-01-26,08:26:08
3818,892.053.741-05,361.479.205-61,Pix Enviado,38.21,2026-01-05,08:37:41
2409,325.769.084-38,509.476.138-20,Pagamento,12.76,2026-01-08,06:07:21
195,435.721.906-06,796.842.301-50,Transferência,5.22,2026-01-11,17:41:34
4759,362.794.051-25,186.472.509-58,Saque Pix,29.56,2026-01-06,07:18:52
1741,736.425.198-73,397.614.280-87,Saque Pix,625.69,2026-01-20,10:18:57
3848,713.904.628-03,386.452.079-74,Transferência,42.57,2026-01-24,04:33:01
3490,264.708.951-58,379.206.814-13,Pagamento,211.2,2026-01-28,22:47:51
1905,302.987.615-21,039.856.271-77,Saque Pix,18.45,2026-01-07,19:27:27
780,867.945.301-39,632.549.807-00,Pix Enviado,3.93,2026-01-03,10:21:46
4032,352.987.164-82,137.268.905-21,Transferência,51.14,2026-01-30,13:16:52
1951,467.395.081-00,826.043.157-26,Saque Pix,1.64,2026-01-25,18:50:08
3223,692.081.374-22,392.061.754-16,Pagamento,43.55,2026-01-28,16:44:58
4315,046.157.823-90,580.364.297-56,Pagamento,170.81,2026-01-26,19:56:48
3188,856.047.923-65,856.041.793-10,Saque Pix,25.44,2026-01-24,09:58:29
1199,340.892.756-10,408.259.671-20,Transferência,65.99,2026-01-07,18:28:16
4748,321.075.869-77,341.586.027-26,Pix Recebido,32.31,2026-01-23,08:19:36
2665,890.715.642-58,749.326.150-43,Saque Pix,16.46,2026-01-16,19:43:38
4005,546.921.730-25,815.274.369-00,Pix Enviado,6.82,2026-01-25,20:21:47
4854,304.752.186-71,730.458.921-32,Saque Pix,13.27,2026-01-10,21:06:14
1,682.314.079-87,461.930.852-89,Pix Recebido,149.27,2026-01-06,14:42:36
3305,439.675.218-00,395.671.042-80,Transferência,43.48,2026-01-13,23:52:30
984,627.453.189-00,790.138.246-50,Transferência,209.0,2026-01-26,23:07:55
1523,549.623.087-00,513.409.276-16,Pagamento,7.11,2026-01-03,22:38:00
5106,702.495.361-61,836.459.102-98,Pix Enviado,76.41,2026-01-01,13:43:00
3244,175.084.369-20,913.025.468-05,Pix Enviado,47.99,2026-01-18,10:26:24
165,395.127.680-03,347.509.162-34,Saque Pix,8.21,2026-01-30,14:17:41
2571,325.769.084-38,201.479.685-85,Pix Recebido,43.6,2026-01-04,19:06:44
3870,678.592.401-49,304.817.652-71,Pix Enviado,9.36,2026-01-21,23:03:34
4887,189.374.560-01,165.874.920-02,Pix Enviado,34.31,2026-01-10,14:53:44
1596,549.623.087-00,109.867.534-75,Pagamento,52.3,2026-01-29,10:33:32
3047,476.018.539-93,439.675.218-00,Transferência,59.61,2026-01-14,16:45:34
1657,190.576.328-02,710.354.892-79,Pix Enviado,46.63,2026-01-23,10:10:29
1940,325.769.084-38,315.297.648-82,Saque Pix,20.48,2026-01-14,22:07:00
2755,932.768.045-65,950.431.628-05,Transferência,20.1,2026-01-19,19:23:05
3330,358.274.160-53,684.512.790-58,Pix Recebido,21.12,2026-01-29,18:00:54
4464,479.156.832-09,812.540.796-02,Pix Recebido,39.54,2026-01-06,11:23:49
2024,790.314.562-25,204.563.198-24,Transferência,13.3,2026-01-22,14:31:21
5159,769.350.184-39,459.682.307-38,Pix Enviado,100,2026-01-20,09:44:29
4722,201.479.685-85,648.905.137-01,Pix Recebido,71.19,2026-01-16,06:13:33
1104,325.841.760-17,790.562.348-38,Pix Recebido,7.47,2026-01-31,21:44:59
845,367.158.024-08,782.914.356-00,Pix Recebido,131.17,2026-01-08,10:56:33
3845,657.039.128-30,359.410.728-05,Transferência,45.93,2026-01-12,10:48:58
1030,524.963.071-52,753.081.629-21,Pix Recebido,94.01,2026-01-17,16:03:47
5118,128.930.674-50,089.521.346-05,Pix Enviado,201.93,2026-01-06,10:16:00
2380,362.504.978-38,081.254.963-51,Saque Pix,15.03,2026-01-28,19:10:12
1515,321.894.760-03,025.167.489-49,Pagamento,185.23,2026-01-10,15:03:42
2482,189.374.560-01,603.184.597-01,Saque Pix,6.44,2026-01-02,08:29:47
5036,584.129.376-19,584.069.371-57,Pix Enviado,107.92,2026-01-09,07:41:00
4911,264.983.571-00,652.184.037-17,Pix Recebido,7.13,2026-01-22,16:11:04
551,829.361.705-59,548.190.372-50,Pix Recebido,15.95,2026-01-30,10:57:24
2643,782.914.356-00,871.543.069-39,Pix Enviado,36.83,2026-01-24,06:56:46
266,190.576.328-02,608.471.239-87,Saque Pix,178.82,2026-01-30,23:44:13
2330,920.863.174-50,248.195.730-04,Pix Recebido,324.33,2026-01-31,07:09:46
2985,862.059.741-85,359.410.728-05,Pix Enviado,340.6,2026-01-14,14:38:41
2639,540.873.916-39,285.360.941-33,Transferência,15.63,2026-01-18,08:14:36
3112,296.518.073-77,147.638.250-62,Transferência,8.04,2026-01-18,08:37:41
1886,068.427.953-38,321.075.869-77,Pix Enviado,14.38,2026-01-19,23:53:12
4829,586.142.937-55,023.157.896-21,Pix Recebido,5.99,2026-01-06,14:26:34
929,215.439.087-05,147.638.250-62,Pagamento,130.97,2026-01-23,21:12:37
4287,248.195.730-04,035.174.982-97,Pix Enviado,24.8,2026-01-30,21:08:41
2349,834.750.926-38,052.396.874-47,Pix Enviado,23.2,2026-01-05,12:46:47
2619,321.894.760-03,815.437.906-66,Pagamento,69.94,2026-01-27,07:15:22
101,736.902.184-03,726.480.359-74,Pagamento,41.23,2026-01-24,07:18:47
4988,726.480.359-74,264.708.951-58,Pix Recebido,7.73,2026-01-14,08:43:26
490,603.184.597-01,304.817.652-71,Pix Recebido,39.15,2026-01-12,14:39:33
234,264.983.571-00,603.184.597-01,Pagamento,30.29,2026-01-12,17:28:09
332,467.935.201-99,248.195.730-04,Pagamento,85.07,2026-01-03,09:03:34
1536,645.723.801-71,538.420.697-74,Transferência,30.69,2026-01-18,10:07:49
1040,749.326.150-43,059.412.638-05,Pix Recebido,9.78,2026-01-28,03:48:23
1810,736.541.829-09,387.190.524-05,Pagamento,548.72,2026-01-21,16:50:27
5099,702.495.361-61,729.845.036-00,Pix Enviado,144.61,2026-01-01,13:43:00
3059,659.438.017-66,960.215.837-95,Pagamento,93.36,2026-01-20,07:05:49
2721,326.104.759-34,126.735.894-73,Transferência,147.34,2026-01-23,22:29:44
3843,716.983.054-00,304.817.652-71,Transferência,56.18,2026-01-15,10:31:53
667,740.268.135-17,216.593.478-82,Pagamento,23.99,2026-01-03,06:50:55
596,127.063.948-03,790.314.562-25,Pix Enviado,28.36,2026-01-03,14:56:50
3142,851.249.036-51,728.045.693-65,Pagamento,20.45,2026-01-17,06:27:47
3025,580.364.297-56,692.081.374-22,Pix Recebido,22.85,2026-01-28,08:13:37
3641,350.298.164-70,653.817.209-12,Pix Enviado,117.63,2026-01-11,19:09:45
3729,136.258.904-70,784.952.361-09,Saque Pix,29.86,2026-01-18,13:04:43
2246,397.614.280-87,612.930.578-86,Transferência,63.78,2026-01-03,09:27:30
4159,294.581.067-02,206.189.473-96,Pix Enviado,6.06,2026-01-26,03:22:32
1821,195.024.738-41,169.502.387-03,Transferência,11.34,2026-01-14,12:42:40
1161,856.041.793-10,109.276.345-70,Saque Pix,269.36,2026-01-26,22:35:48
4271,089.647.251-58,279.683.410-78,Pix Enviado,82.98,2026-01-07,23:14:15
1293,367.158.024-08,625.790.143-06,Pix Enviado,339.73,2026-01-27,20:39:38
3593,605.279.138-12,721.680.359-03,Transferência,36.8,2026-01-22,09:46:44
1942,546.921.730-25,957.480.361-93,Transferência,275.65,2026-01-26,20:20:44
2275,352.987.164-82,385.614.290-89,Transferência,47.31,2026-01-23,18:51:08
3960,924.516.087-49,923.570.146-52,Pix Enviado,111.82,2026-01-07,14:01:45
3906,574.190.283-97,296.308.147-22,Pix Enviado,125.79,2026-01-22,06:37:41
3912,294.631.805-24,042.167.385-08,Saque Pix,1.76,2026-01-06,18:15:42
2056,538.294.706-65,548.190.372-50,Pagamento,153.18,2026-01-31,16:29:38
3924,352.609.174-99,653.817.209-12,Transferência,8.83,2026-01-17,13:02:35
2777,608.471.239-87,274.351.069-25,Transferência,41.07,2026-01-22,06:52:43
1484,097.213.685-12,316.274.589-64,Pix Recebido,4.38,2026-01-21,23:57:10
4468,367.158.024-08,890.715.642-58,Pix Enviado,8.79,2026-01-16,13:58:13
1992,089.647.251-58,761.540.389-84,Transferência,6.21,2026-01-31,16:49:57
3565,605.432.978-29,501.936.428-24,Pix Recebido,224.86,2026-01-17,10:39:46
529,568.790.312-77,291.806.534-05,Saque Pix,3.4,2026-01-20,06:20:25
3198,786.923.540-74,039.285.471-60,Pagamento,6.69,2026-01-16,03:22:32
2163,837.149.560-93,467.395.081-00,Pagamento,345.06,2026-01-20,13:23:42
2150,867.945.301-39,853.612.094-06,Pagamento,38.3,2026-01-20,17:17:37
2074,904.586.321-98,350.276.184-17,Pix Recebido,12.34,2026-01-12,18:47:05
928,957.634.182-55,908.457.623-38,Saque Pix,22.78,2026-01-02,09:14:53
4912,794.216.053-06,740.268.135-17,Pix Recebido,204.77,2026-01-23,20:51:03
955,186.472.509-58,462.178.059-01,Transferência,11.31,2026-01-30,05:29:50
3709,201.479.685-85,523.918.647-28,Saque Pix,18.94,2026-01-27,11:13:16
2968,493.710.526-43,605.432.978-29,Pix Enviado,41.82,2026-01-14,12:13:28
2838,296.308.147-22,691.782.045-85,Pix Enviado,12.29,2026-01-15,12:42:06
4145,867.429.153-82,358.274.160-53,Pagamento,2.16,2026-01-29,19:32:28
4739,296.518.073-77,069.251.738-30,Saque Pix,75.75,2026-01-15,19:23:02
3690,251.089.473-05,165.270.834-08,Transferência,53.37,2026-01-25,20:12:56
2868,412.350.768-90,206.791.835-40,Pix Enviado,79.07,2026-01-13,05:32:43
3615,708.263.914-78,608.471.239-87,Transferência,70.11,2026-01-15,19:25:11
1680,039.285.471-60,741.692.835-46,Transferência,555.43,2026-01-04,19:50:41
4770,531.760.428-17,815.437.906-66,Pagamento,8.42,2026-01-09,15:48:02
5189,432.069.581-05,703.621.489-96,Pix Enviado,500,2026-01-02,09:23:49
4420,138.470.659-39,147.529.380-14,Pix Recebido,17.26,2026-01-10,13:35:49
1900,736.425.198-73,794.216.053-06,Pagamento,5.2,2026-01-15,12:34:36
3971,531.760.428-17,790.314.562-25,Transferência,63.84,2026-01-19,14:40:13
2442,625.790.143-06,194.583.260-60,Pagamento,21.63,2026-01-18,15:49:11
5166,073.142.965-61,712.834.650-35,Pix Enviado,500,2026-01-23,08:38:45
763,609.357.142-43,072.584.613-53,Pix Enviado,87.68,2026-01-22,15:33:37
4629,194.867.250-20,729.365.418-91,Transferência,10.61,2026-01-24,22:06:52
2598,350.276.184-17,398.615.420-51,Pix Recebido,5.5,2026-01-08,13:44:41
4976,705.261.389-12,069.251.738-30,Saque Pix,7.4,2026-01-17,08:08:22
3094,798.130.564-01,690.582.174-85,Transferência,12.36,2026-01-21,20:10:40
3357,350.276.184-17,475.690.821-76,Pix Recebido,9.89,2026-01-18,06:39:59
1936,710.385.264-26,261.430.597-99,Pagamento,22.21,2026-01-08,01:33:48
3694,695.132.704-16,810.723.956-30,Transferência,27.09,2026-01-20,21:24:47
3988,367.158.024-08,073.852.491-32,Pix Recebido,20.75,2026-01-26,16:36:37
2912,829.361.574-55,749.326.150-43,Pagamento,43.61,2026-01-05,06:22:00
5018,423.085.967-83,639.012.847-96,Pix Enviado,275.12,2026-01-04,23:52:00
623,568.790.312-77,761.540.389-84,Pagamento,208.64,2026-01-05,12:28:18
1343,641.305.897-84,603.184.597-01,Transferência,75.73,2026-01-03,17:55:56
3499,359.410.728-05,965.408.173-39,Pagamento,17.92,2026-01-22,18:59:37
4380,109.874.632-50,387.596.024-65,Transferência,25.59,2026-01-05,11:00:33
217,684.512.790-58,627.453.189-00,Transferência,224.21,2026-01-06,11:10:37
3414,874.510.369-01,187.042.693-22,Pagamento,57.81,2026-01-14,20:14:02
1070,423.185.069-06,325.841.760-17,Transferência,18.54,2026-01-30,11:58:11
3877,294.867.315-19,657.408.913-10,Pix Recebido,70.75,2026-01-31,21:27:12
2069,728.645.103-08,450.971.386-00,Pix Enviado,11.25,2026-01-01,22:47:59
32,867.429.153-82,973.125.408-05,Pagamento,3.7,2026-01-03,23:08:16
2618,657.408.913-10,782.914.356-00,Pix Enviado,42.59,2026-01-13,09:22:24
72,467.395.081-00,826.043.157-26,Pagamento,18.0,2026-01-23,23:56:49
2374,120.985.436-89,648.905.137-01,Pagamento,57.61,2026-01-19,08:44:29
945,820.351.746-35,602.975.148-49,Pix Recebido,84.32,2026-01-07,09:25:08
1349,165.270.834-08,901.527.634-06,Pagamento,4.91,2026-01-12,08:00:42
4334,629.850.314-51,465.273.108-62,Transferência,61.29,2026-01-25,06:56:17
412,018.324.769-87,940.627.158-30,Pagamento,115.16,2026-01-06,17:13:54
2566,046.753.921-99,605.279.138-12,Pagamento,4.44,2026-01-19,17:50:46
2362,324.765.891-28,798.130.564-01,Pagamento,31.86,2026-01-04,17:51:51
4484,673.185.204-07,874.625.390-47,Pix Recebido,23.06,2026-01-04,17:42:06
4086,790.562.348-38,238.409.176-03,Pix Enviado,34.74,2026-01-06,13:12:06
1694,743.619.025-34,543.612.807-62,Transferência,187.46,2026-01-23,22:48:16
2378,103.426.978-03,024.157.986-49,Pix Enviado,205.02,2026-01-01,05:21:48
3973,609.837.421-03,495.327.081-97,Transferência,24.88,2026-01-06,22:03:44
1791,329.168.470-22,381.462.795-46,Saque Pix,73.7,2026-01-10,12:26:24
1486,459.102.768-67,574.190.283-97,Saque Pix,30.48,2026-01-14,09:17:27
5,164.728.503-80,509.127.834-60,Pagamento,100.2,2026-01-17,18:09:39
2826,420.156.983-70,913.086.257-40,Pagamento,23.88,2026-01-09,20:14:56
609,395.671.042-80,175.602.348-44,Pix Recebido,6.35,2026-01-27,05:49:34
938,521.463.087-53,264.983.571-00,Saque Pix,8.13,2026-01-13,15:42:08
4113,312.689.475-55,617.409.532-07,Pix Enviado,6.31,2026-01-25,08:18:15
4491,362.504.978-38,376.920.158-21,Pix Recebido,4.24,2026-01-16,15:32:16
3526,951.380.274-41,294.581.067-02,Pix Recebido,163.05,2026-01-09,18:03:25
1280,173.469.802-04,749.326.150-43,Pagamento,17.82,2026-01-02,02:43:48
4327,825.074.691-02,194.867.250-20,Pix Recebido,101.59,2026-01-15,10:43:27
3929,578.263.914-82,350.298.164-70,Pix Enviado,29.51,2026-01-02,12:22:19
1628,906.247.813-13,608.471.239-87,Pix Recebido,51.12,2026-01-18,15:26:20
1875,236.174.085-08,056.794.832-38,Transferência,625.27,2026-01-04,21:30:09
3346,041.837.295-05,167.845.932-19,Pix Recebido,25.92,2026-01-07,23:56:40
2266,608.231.759-95,609.837.421-03,Saque Pix,29.25,2026-01-30,22:46:15
5013,423.085.967-83,902.341.765-80,Pix Enviado,194.75,2026-01-04,23:52:00
3639,908.216.743-31,264.983.571-00,Saque Pix,20.9,2026-01-30,14:08:18
4313,607.128.395-77,954.867.201-49,Transferência,1.55,2026-01-14,06:12:27
1917,753.206.498-00,609.483.725-83,Pagamento,21.6,2026-01-22,19:19:00
4838,219.347.805-88,821.476.305-35,Pagamento,215.3,2026-01-11,14:24:24
1985,867.945.301-39,173.469.802-04,Transferência,7.74,2026-01-16,12:49:55
2708,109.874.632-50,260.549.387-38,Transferência,328.82,2026-01-27,07:46:11
3184,248.195.730-04,149.072.865-11,Pix Recebido,47.49,2026-01-05,07:44:46
2423,413.589.027-04,513.409.276-16,Saque Pix,204.06,2026-01-19,23:44:43
3147,568.137.204-90,261.430.597-99,Pix Recebido,16.8,2026-01-26,13:22:14
4316,951.380.274-41,726.480.359-74,Pix Enviado,1.84,2026-01-21,18:32:20
3088,018.324.769-87,602.975.148-49,Transferência,25.9,2026-01-10,10:15:54
3497,741.609.852-11,194.867.250-20,Pix Enviado,28.65,2026-01-23,09:25:34
3659,786.923.540-74,815.437.906-66,Transferência,91.92,2026-01-08,17:12:58
4373,753.206.498-00,695.132.704-16,Pagamento,10.9,2026-01-25,06:44:38
651,698.031.452-15,815.437.906-66,Pix Recebido,26.08,2026-01-11,16:19:58
3566,862.059.741-85,324.765.891-28,Pix Recebido,11.39,2026-01-08,08:38:37
4093,326.104.759-34,853.612.094-06,Pagamento,19.06,2026-01-01,09:40:29
2078,085.721.436-53,568.137.204-90,Saque Pix,37.75,2026-01-20,15:04:22
2130,851.249.036-51,081.254.963-51,Pix Enviado,89.71,2026-01-07,17:29:40
4030,820.351.746-35,890.715.642-58,Transferência,254.08,2026-01-07,17:27:27
3986,405.179.628-02,736.425.198-73,Pix Enviado,120.18,2026-01-05,20:59:51
4783,214.068.397-87,173.469.802-04,Pix Enviado,239.76,2026-01-02,15:24:23
4733,145.370.268-71,185.324.697-28,Pix Recebido,17.31,2026-01-03,10:36:02
892,580.364.297-56,538.420.697-74,Pagamento,12.07,2026-01-22,07:07:54
4467,741.609.852-11,047.359.216-99,Pix Recebido,18.43,2026-01-24,08:10:18
2622,412.350.768-90,302.987.615-21,Pix Enviado,25.62,2026-01-20,17:52:30
5141,261.385.409-05,124.567.308-44,Pix Enviado,110.08,2026-01-13,22:48:00
911,603.184.597-01,073.852.491-32,Saque Pix,27.17,2026-01-23,11:45:50
2773,904.586.321-98,216.593.478-82,Pix Recebido,88.87,2026-01-06,02:17:23
210,518.746.029-30,427.150.893-41,Pix Recebido,32.6,2026-01-20,18:03:32
2873,691.782.045-85,826.549.370-38,Pix Recebido,66.11,2026-01-18,23:56:17
4652,513.409.276-16,826.045.791-11,Transferência,16.01,2026-01-03,08:16:53
3303,821.043.657-08,659.438.702-29,Pix Recebido,16.82,2026-01-13,22:19:03
2590,048.126.935-51,164.728.503-80,Pix Enviado,22.54,2026-01-10,12:19:03
3934,041.837.295-05,465.273.108-62,Pagamento,44.71,2026-01-12,16:09:55
403,236.174.085-08,315.297.648-82,Saque Pix,81.9,2026-01-10,22:23:06
404,190.576.328-02,631.892.540-60,Saque Pix,20.02,2026-01-27,17:24:33
2896,097.836.214-40,960.215.837-95,Pix Enviado,41.2,2026-01-04,15:13:40
1007,302.987.615-21,729.365.418-91,Pix Recebido,116.21,2026-01-05,22:45:37
81,936.807.412-78,479.028.536-74,Transferência,51.08,2026-01-05,20:58:10
842,840.935.162-51,025.167.489-49,Saque Pix,103.52,2026-01-04,11:30:34
4842,209.814.765-11,648.905.137-01,Saque Pix,24.94,2026-01-21,11:46:41
4260,648.905.137-01,625.790.143-06,Transferência,9.82,2026-01-12,14:34:09
1237,312.689.475-55,873.645.201-71,Pix Enviado,5.34,2026-01-14,18:12:00
3727,398.615.420-51,023.157.896-21,Transferência,47.39,2026-01-06,21:29:52
278,261.430.597-99,456.201.389-33,Pix Enviado,23.66,2026-01-01,08:13:43
4921,874.361.592-91,175.602.348-44,Saque Pix,48.4,2026-01-29,18:27:13
2949,041.837.625-53,431.026.795-52,Pix Recebido,98.61,2026-01-04,06:27:19
2270,493.710.526-43,304.817.652-71,Pagamento,29.08,2026-01-12,20:37:30
3379,736.541.829-09,147.529.380-14,Pix Enviado,17.68,2026-01-18,10:50:40
2180,430.187.562-07,853.612.094-06,Pagamento,11.29,2026-01-06,08:06:58
4087,764.051.298-02,405.623.871-53,Pix Recebido,40.15,2026-01-12,23:02:12
2538,274.083.165-07,941.267.358-28,Transferência,27.71,2026-01-03,08:23:51
3364,203.195.784-88,296.035.418-42,Pagamento,1.52,2026-01-28,13:00:43
4563,784.952.361-09,018.324.769-87,Transferência,11.16,2026-01-21,14:30:58
3969,574.190.283-97,659.043.178-75,Saque Pix,224.1,2026-01-20,21:41:14
2461,045.927.163-61,634.510.872-35,Transferência,11.44,2026-01-12,09:09:04
3359,205.437.968-92,790.864.213-69,Saque Pix,16.22,2026-01-03,06:00:32
2874,741.692.835-46,613.924.875-28,Transferência,53.62,2026-01-02,00:46:43
1589,046.753.921-99,729.365.418-91,Transferência,43.4,2026-01-23,19:50:00
3069,294.867.315-19,908.216.743-31,Pagamento,13.16,2026-01-17,06:57:07
851,723.504.691-07,361.498.250-51,Pagamento,135.04,2026-01-06,18:33:15
4079,397.614.280-87,325.769.084-38,Transferência,5.53,2026-01-07,15:31:44
4319,926.317.048-78,874.625.390-47,Pagamento,147.94,2026-01-26,16:21:45
3595,842.063.951-60,842.967.503-56,Pix Recebido,104.25,2026-01-09,09:00:32
1178,692.081.374-22,456.201.389-33,Transferência,31.36,2026-01-09,23:29:55
5122,128.930.674-50,410.265.938-24,Pix Enviado,83.1,2026-01-06,10:16:00
1930,479.028.536-74,609.357.142-43,Saque Pix,76.96,2026-01-26,18:26:35
1826,518.746.029-30,413.589.027-04,Transferência,23.43,2026-01-05,17:01:26
1453,607.128.395-77,729.835.106-03,Pagamento,17.58,2026-01-16,22:20:09
1212,586.793.402-00,315.297.648-82,Saque Pix,5.0,2026-01-19,09:26:59
1240,310.748.562-44,035.978.642-10,Pagamento,47.48,2026-01-09,10:18:21
48,920.863.174-50,679.184.025-02,Pix Enviado,19.27,2026-01-20,23:39:32
4369,219.347.805-88,681.297.045-01,Saque Pix,6.11,2026-01-21,07:03:30
3582,954.731.820-97,736.541.829-09,Pix Recebido,41.67,2026-01-21,16:11:42
212,041.837.625-53,852.391.647-46,Saque Pix,56.7,2026-01-05,15:32:06
4017,285.734.960-29,941.267.358-28,Saque Pix,65.48,2026-01-07,11:32:26
2648,631.892.540-60,951.380.274-41,Pix Enviado,12.92,2026-01-25,22:21:27
4715,159.062.437-80,476.018.539-93,Transferência,58.62,2026-01-21,10:49:32
2962,418.326.590-89,423.185.069-06,Saque Pix,31.79,2026-01-29,08:12:34
3020,461.930.852-89,607.128.395-77,Saque Pix,290.6,2026-01-12,11:50:31
1804,874.625.390-47,538.420.697-74,Pagamento,18.82,2026-01-17,21:00:02
1271,780.351.926-12,890.715.642-58,Pix Recebido,31.88,2026-01-13,20:17:32
4364,729.365.418-91,279.683.410-78,Pix Recebido,31.22,2026-01-02,09:15:32
2753,531.760.428-17,924.516.087-49,Transferência,36.07,2026-01-12,19:39:11
2987,513.409.276-16,936.807.412-78,Saque Pix,31.58,2026-01-19,16:51:02
3570,540.873.916-39,302.987.615-21,Pix Enviado,8.43,2026-01-20,00:52:45
3875,954.137.082-97,309.821.576-30,Transferência,59.78,2026-01-09,16:03:28
697,925.164.708-94,637.541.089-48,Pagamento,276.53,2026-01-11,10:54:55
3389,609.357.142-43,093.587.412-79,Pix Enviado,9.53,2026-01-23,20:50:40
2894,531.760.428-17,180.645.723-71,Transferência,19.62,2026-01-03,18:41:11
518,941.267.358-28,920.863.174-50,Pagamento,22.95,2026-01-11,17:42:51
3068,615.093.847-66,304.752.186-71,Saque Pix,79.17,2026-01-03,08:36:27
1416,826.045.791-11,637.541.089-48,Pix Recebido,35.71,2026-01-18,15:30:31
2179,045.927.163-61,826.043.157-26,Pix Recebido,103.31,2026-01-01,18:42:26
4690,475.690.821-76,206.189.473-96,Pagamento,15.83,2026-01-11,13:54:01
553,209.814.765-11,418.326.590-89,Pix Recebido,55.4,2026-01-24,21:00:27
5219,349.208.675-65,085.329.647-29,Pix Enviado,11927.82,2026-01-27,04:11:03
685,306.871.524-53,853.421.096-98,Pix Enviado,92.86,2026-01-02,20:52:10
3949,052.396.874-47,169.502.387-03,Pix Enviado,3.36,2026-01-02,20:13:14
4094,195.024.738-41,149.072.865-11,Pix Recebido,4.91,2026-01-22,09:57:09
2947,718.693.240-13,840.935.162-51,Saque Pix,26.93,2026-01-10,12:10:56
621,046.753.921-99,214.068.397-87,Transferência,14.41,2026-01-08,18:12:16
2353,659.438.702-29,294.631.805-24,Transferência,36.43,2026-01-05,13:12:10
4639,395.127.680-03,215.439.087-05,Transferência,18.57,2026-01-29,16:39:29
4993,657.413.290-80,471.953.820-79,Transferência,234.54,2026-01-26,07:03:22
528,169.502.387-03,395.176.820-77,Pagamento,87.46,2026-01-15,15:41:02
1283,192.358.604-15,127.063.948-03,Saque Pix,52.62,2026-01-08,19:41:42
162,349.270.618-50,973.125.408-05,Saque Pix,12.05,2026-01-31,17:41:55
3447,913.540.827-88,892.053.741-05,Pix Enviado,41.84,2026-01-20,19:46:28
2145,248.195.730-04,476.018.539-93,Pix Recebido,24.9,2026-01-27,09:23:59
3859,204.563.198-24,812.540.796-02,Pix Recebido,52.34,2026-01-28,05:14:31
1598,549.623.087-00,398.615.420-51,Pagamento,89.61,2026-01-15,10:33:34
4737,698.031.452-15,728.645.103-08,Transferência,12.32,2026-01-31,21:44:42
3204,138.470.659-39,637.541.089-48,Pagamento,27.1,2026-01-08,10:49:32
1055,059.872.634-92,291.806.534-05,Pagamento,19.07,2026-01-11,18:40:48
1738,641.305.897-84,741.609.852-11,Pix Recebido,10.98,2026-01-03,04:06:12
860,726.043.958-00,042.837.195-79,Transferência,138.24,2026-01-21,08:36:41
1777,325.841.760-17,826.549.370-38,Pix Recebido,73.07,2026-01-05,03:02:39
2026,906.247.813-13,104.736.958-39,Pagamento,38.33,2026-01-27,10:49:52
1043,835.460.719-48,653.817.209-12,Pagamento,91.25,2026-01-31,21:55:10
407,568.137.204-90,023.157.896-21,Transferência,5.16,2026-01-03,13:08:17
78,062.371.594-52,347.685.102-80,Pix Enviado,26.72,2026-01-17,19:33:47
3918,294.581.067-02,603.124.987-13,Pix Recebido,36.72,2026-01-27,06:18:51
1500,608.471.239-87,613.924.875-28,Pix Recebido,713.48,2026-01-19,14:32:29
2396,842.967.503-56,753.081.629-21,Saque Pix,196.15,2026-01-09,16:19:33
4634,189.374.560-01,073.852.491-32,Pix Recebido,17.98,2026-01-03,14:34:34
788,147.638.250-62,853.421.096-98,Pagamento,17.87,2026-01-09,08:42:56
3148,137.268.905-21,209.851.367-40,Pix Recebido,8.9,2026-01-09,09:30:14
4586,420.156.983-70,479.156.832-09,Pix Recebido,10.42,2026-01-16,02:16:36
5038,584.129.376-19,843.597.201-14,Pix Enviado,109.65,2026-01-09,07:41:00
4648,539.867.201-03,580.364.297-56,Pagamento,7.84,2026-01-30,12:44:55
303,740.356.819-20,810.792.435-50,Pix Enviado,33.1,2026-01-27,06:56:37
4640,913.540.827-88,294.581.067-02,Saque Pix,34.88,2026-01-06,14:35:37
4440,932.768.045-65,234.165.097-06,Transferência,4.3,2026-01-08,10:32:51
2954,219.347.805-88,024.157.986-49,Saque Pix,2.96,2026-01-05,14:11:37
2742,549.318.267-09,325.841.760-17,Transferência,16.03,2026-01-02,22:14:27
502,574.190.283-97,815.274.369-00,Transferência,68.58,2026-01-13,16:13:08
4726,716.983.054-00,325.841.760-17,Pagamento,9.16,2026-01-24,07:41:05
3775,456.201.389-33,852.391.647-46,Transferência,101.41,2026-01-25,19:40:40
3610,496.318.570-93,587.623.149-55,Pagamento,4.46,2026-01-24,08:03:20
3216,602.975.148-49,629.048.315-33,Pix Enviado,8.16,2026-01-02,23:01:58
2597,954.137.082-97,853.612.094-06,Pix Enviado,7.87,2026-01-13,15:44:43
1337,138.470.659-39,296.035.418-42,Pagamento,115.04,2026-01-26,16:45:02
3955,362.794.051-25,219.347.805-88,Pix Recebido,167.04,2026-01-21,07:53:32
1312,609.483.725-83,085.721.436-53,Transferência,105.58,2026-01-15,21:54:31
2990,652.184.037-17,081.254.963-51,Transferência,34.35,2026-01-01,21:09:30
3405,097.213.685-12,450.971.386-00,Transferência,16.39,2026-01-29,20:02:46
2019,015.493.768-10,360.479.185-57,Transferência,92.5,2026-01-06,23:35:23
3903,973.125.408-05,659.043.178-75,Pix Recebido,40.73,2026-01-20,16:23:01
1601,085.376.429-83,657.039.128-30,Transferência,352.08,2026-01-25,17:49:05
2982,764.051.298-02,264.983.571-00,Pagamento,10.43,2026-01-27,16:46:58
1676,069.251.738-30,385.614.290-89,Saque Pix,27.22,2026-01-11,10:36:32
741,698.405.127-49,369.418.702-22,Pix Enviado,47.32,2026-01-21,10:06:52
5016,423.085.967-83,637.054.892-83,Pix Enviado,94.98,2026-01-04,23:52:00
4108,439.675.218-00,568.137.204-90,Pagamento,2.51,2026-01-18,18:04:13
2462,543.612.807-62,358.709.642-29,Pix Enviado,18.18,2026-01-10,11:40:22
5169,273.901.458-97,056.927.314-52,Pix Enviado,500,2026-01-23,19:57:39
3788,954.731.820-97,619.423.580-24,Saque Pix,76.3,2026-01-02,17:08:56
4182,635.492.107-52,682.314.079-87,Pagamento,15.5,2026-01-12,11:24:49
3649,315.297.648-82,315.297.648-82,Pagamento,22.16,2026-01-16,14:02:53
463,612.930.578-86,659.043.178-75,Pix Recebido,13.02,2026-01-19,19:40:36
2122,967.528.304-10,018.324.769-87,Pix Recebido,31.27,2026-01-02,23:15:29
3186,780.364.952-10,741.692.835-46,Pix Enviado,119.37,2026-01-31,13:20:10
633,180.645.723-71,012.938.654-51,Transferência,24.39,2026-01-22,14:34:13
2939,710.354.892-79,364.751.092-07,Saque Pix,8.17,2026-01-23,22:07:28
441,493.710.526-43,826.045.791-11,Pix Recebido,16.91,2026-01-14,09:37:39
968,193.674.528-37,315.297.648-82,Pix Recebido,26.88,2026-01-05,19:18:16
1189,810.792.435-50,908.457.623-38,Pix Enviado,11.71,2026-01-03,18:18:37
4487,851.672.349-64,471.953.820-79,Pagamento,18.43,2026-01-17,08:08:24
1646,954.731.820-97,603.184.597-01,Transferência,28.28,2026-01-19,12:02:21
3227,165.874.920-02,175.602.348-44,Pix Enviado,9.4,2026-01-12,14:18:39
506,194.583.260-60,426.958.073-92,Transferência,125.19,2026-01-21,23:23:49
136,608.471.239-87,521.487.369-73,Saque Pix,201.04,2026-01-19,13:47:53
1784,842.967.503-56,247.186.530-53,Transferência,54.15,2026-01-25,21:12:14
3285,097.213.685-12,035.174.982-97,Transferência,118.28,2026-01-25,23:37:14
3222,609.357.142-43,435.721.906-06,Pix Recebido,100.43,2026-01-08,20:59:46
2760,395.671.042-80,496.318.570-93,Pix Enviado,11.21,2026-01-15,18:57:31
522,362.794.051-25,269.705.413-80,Pix Recebido,22.13,2026-01-22,15:06:41
2609,175.602.348-44,104.736.958-39,Transferência,4.84,2026-01-07,06:02:17
314,605.283.497-83,285.360.941-33,Saque Pix,40.06,2026-01-05,11:06:29
1827,315.820.497-50,571.039.846-20,Transferência,80.35,2026-01-20,22:41:09
2095,908.617.235-03,913.025.468-05,Pix Enviado,554.85,2026-01-12,16:47:10
2443,173.469.802-04,041.837.625-53,Saque Pix,236.88,2026-01-21,12:43:00
3232,087.649.321-50,206.189.473-96,Pagamento,36.91,2026-01-12,14:04:21
2735,495.327.081-97,095.126.384-60,Pix Recebido,10.95,2026-01-13,09:09:14
3616,653.817.209-12,605.279.138-12,Pix Enviado,19.97,2026-01-07,14:07:06
1443,219.347.805-88,185.324.697-28,Pix Enviado,388.48,2026-01-20,17:35:53
3235,867.945.301-39,821.043.657-08,Pagamento,9.39,2026-01-25,18:21:45
880,085.376.429-83,059.872.634-92,Transferência,22.08,2026-01-29,16:03:25
1938,036.295.174-80,826.045.791-11,Transferência,8.75,2026-01-25,07:10:38
3317,526.831.497-19,052.396.874-47,Transferência,22.92,2026-01-18,19:58:53
1677,394.761.058-01,073.852.491-32,Pagamento,20.6,2026-01-03,08:59:12
2133,126.735.894-73,753.206.498-00,Pix Recebido,129.46,2026-01-10,20:30:15
723,069.251.738-30,175.602.348-44,Pix Enviado,7.85,2026-01-16,16:46:52
3104,408.259.671-20,063.418.279-03,Transferência,10.58,2026-01-12,19:11:09
4565,367.158.024-08,705.924.186-85,Transferência,69.81,2026-01-01,18:15:31
590,901.527.634-06,395.671.042-80,Pagamento,11.9,2026-01-05,14:22:47
3402,274.083.165-07,047.359.216-99,Pix Recebido,23.5,2026-01-05,12:07:35
2196,426.958.073-92,042.837.195-79,Pix Enviado,66.35,2026-01-04,10:18:07
3163,360.479.185-57,395.671.042-80,Pagamento,33.14,2026-01-14,15:15:58
3779,710.354.892-79,165.807.934-57,Saque Pix,29.4,2026-01-12,09:12:02
2438,267.940.315-07,397.614.280-87,Saque Pix,25.09,2026-01-26,06:31:36
1835,603.458.791-39,469.013.275-52,Transferência,60.97,2026-01-13,15:19:12
4282,296.518.073-77,361.479.205-61,Pix Recebido,82.93,2026-01-25,12:07:24
1441,856.041.793-10,568.137.204-90,Pagamento,116.81,2026-01-22,12:49:21
4090,635.492.107-52,892.053.741-05,Transferência,14.96,2026-01-21,10:36:26
454,756.231.089-03,230.541.986-42,Pagamento,90.67,2026-01-06,16:57:03
5172,273.901.458-97,102.469.837-87,Pix Enviado,500,2026-01-17,23:35:27
4496,251.089.473-05,467.395.081-00,Saque Pix,344.73,2026-01-06,07:54:49
87,607.128.395-77,072.584.613-53,Pagamento,6.13,2026-01-15,09:14:30
2623,713.904.628-03,145.370.268-71,Saque Pix,901.12,2026-01-13,12:09:21
4520,235.879.640-92,326.104.759-34,Pix Recebido,10.99,2026-01-13,17:39:55
4011,209.851.367-40,856.041.793-10,Transferência,319.86,2026-01-15,07:57:12
3111,826.549.370-38,014.386.759-84,Pix Enviado,13.94,2026-01-23,18:41:16
3650,391.256.840-51,194.583.260-60,Pix Enviado,109.88,2026-01-11,16:13:31
4524,403.182.657-53,264.708.951-58,Transferência,3.37,2026-01-15,13:34:16
2670,853.421.096-98,829.361.574-55,Pix Enviado,440.66,2026-01-03,16:49:20
2969,152.068.479-76,214.068.397-87,Pix Enviado,384.3,2026-01-18,17:27:38
1183,465.902.381-89,349.270.618-50,Pix Enviado,10.52,2026-01-15,16:07:17
3046,973.125.408-05,568.137.204-90,Saque Pix,58.97,2026-01-18,20:10:19
3170,706.384.125-44,529.607.843-83,Pagamento,25.52,2026-01-14,09:30:46
1616,138.470.659-39,726.480.359-74,Pagamento,11.75,2026-01-25,08:38:05
2853,403.182.657-53,920.863.174-50,Pagamento,2.42,2026-01-06,13:22:34
1259,853.421.096-98,954.731.820-97,Pix Recebido,7.7,2026-01-23,18:46:03
1787,496.318.570-93,059.872.634-92,Pix Recebido,44.11,2026-01-04,08:41:57
414,329.168.470-22,165.807.934-57,Saque Pix,70.85,2026-01-24,11:37:44
2007,431.026.795-52,467.395.081-00,Pix Recebido,40.59,2026-01-05,14:18:53
4100,629.048.315-33,395.176.820-77,Pix Enviado,47.21,2026-01-02,06:23:38
5044,827.134.059-04,710.923.645-52,Pix Enviado,293.29,2026-01-09,11:37:00
3196,531.760.428-17,296.518.073-77,Pagamento,47.07,2026-01-03,13:47:24
3017,209.814.765-11,631.892.540-60,Transferência,21.07,2026-01-24,10:08:34
4682,586.793.402-00,459.102.768-67,Transferência,120.2,2026-01-06,19:08:19
4647,540.891.732-05,498.630.715-01,Transferência,74.73,2026-01-01,00:58:43
1395,587.623.149-55,081.254.963-51,Pix Recebido,9.67,2026-01-07,11:12:31
981,524.963.071-52,852.091.463-24,Pix Recebido,6.17,2026-01-28,18:19:13
3764,826.510.937-77,950.431.628-05,Pix Enviado,19.1,2026-01-25,14:58:36
739,059.243.876-74,215.084.693-42,Transferência,23.51,2026-01-02,18:19:58
1242,790.138.246-50,984.621.053-15,Pix Recebido,18.04,2026-01-04,10:58:36
3888,609.483.725-83,570.349.681-01,Pix Recebido,30.94,2026-01-13,08:12:50
2237,826.043.157-26,951.380.274-41,Pix Recebido,280.99,2026-01-06,14:42:36
4076,493.710.526-43,539.867.201-03,Pix Recebido,115.93,2026-01-22,08:02:44
3378,238.164.507-17,764.051.298-02,Pix Enviado,39.94,2026-01-17,06:22:23
3220,467.935.201-99,093.587.412-79,Pix Recebido,94.56,2026-01-25,13:07:20
3231,634.510.872-35,392.061.754-16,Pix Enviado,40.44,2026-01-25,05:15:26
2165,165.270.834-08,391.256.840-51,Saque Pix,2.38,2026-01-02,09:38:28
3944,206.189.473-96,195.024.738-41,Pagamento,24.7,2026-01-17,19:56:05
289,346.251.879-82,617.409.532-07,Pix Enviado,15.92,2026-01-24,16:32:05
700,392.061.754-16,837.149.560-93,Transferência,507.45,2026-01-02,15:45:24
3383,073.852.491-32,509.127.834-60,Pix Recebido,9.24,2026-01-02,11:00:42
245,908.216.743-31,851.249.036-51,Transferência,21.07,2026-01-12,09:10:46
4827,761.540.389-84,175.602.348-44,Transferência,7.78,2026-01-26,12:54:11
1494,018.324.769-87,269.705.413-80,Pix Recebido,9.4,2026-01-24,16:24:29
615,965.408.173-39,085.376.429-83,Pix Recebido,14.23,2026-01-20,18:55:10
3911,360.479.185-57,493.710.526-43,Pix Recebido,28.25,2026-01-15,20:52:30
4795,387.190.524-05,386.452.079-74,Transferência,84.19,2026-01-23,23:00:41
9,829.361.574-55,513.409.276-16,Pix Recebido,10.84,2026-01-04,11:11:23
2104,852.091.463-24,310.748.562-44,Saque Pix,13.79,2026-01-12,23:37:15
755,159.062.437-80,468.523.917-28,Pix Recebido,99.81,2026-01-09,07:39:28
3585,813.729.654-91,385.614.290-89,Transferência,31.42,2026-01-21,15:36:01
2454,073.852.491-32,906.432.781-50,Pagamento,120.22,2026-01-14,20:53:54
75,350.276.184-17,926.317.048-78,Pix Recebido,8.01,2026-01-30,11:29:40
571,384.795.206-47,498.635.072-29,Saque Pix,7.06,2026-01-05,13:41:28
1695,395.127.680-03,743.810.695-01,Pix Recebido,328.26,2026-01-21,06:04:49
394,853.421.096-98,136.258.904-70,Saque Pix,22.42,2026-01-08,15:38:06
2644,713.904.628-03,603.219.485-05,Saque Pix,28.34,2026-01-04,13:58:49
4747,469.013.275-52,529.607.843-83,Transferência,40.52,2026-01-05,23:15:08
4359,815.437.906-66,340.572.189-04,Transferência,42.19,2026-01-29,13:39:55
5073,852.976.043-38,715.839.602-95,Pix Enviado,79.48,2026-01-03,14:40:00
3179,871.543.069-39,342.819.075-05,Pix Recebido,17.39,2026-01-29,08:41:32
1066,684.512.790-58,041.837.295-05,Pagamento,18.77,2026-01-07,06:32:00
2054,723.504.691-07,503.197.648-93,Transferência,82.05,2026-01-17,11:53:47
1743,586.142.937-55,790.138.246-50,Transferência,50.08,2026-01-21,12:55:31
3640,718.693.240-13,690.582.174-85,Pix Recebido,12.97,2026-01-09,15:12:08
5109,276.154.809-49,013.572.849-50,Pix Enviado,138.9,2026-01-22,12:23:00
3966,312.689.475-55,358.274.160-53,Pix Enviado,190.45,2026-01-08,02:50:00
5003,418.672.593-46,315.806.294-15,Pix Enviado,214.26,2026-01-22,14:19:00
3057,602.975.148-49,085.721.436-53,Pix Recebido,3.19,2026-01-26,22:38:00
3796,462.178.059-01,578.263.914-82,Pagamento,35.12,2026-01-15,06:57:31
4961,031.794.582-32,126.735.894-73,Saque Pix,29.5,2026-01-22,13:13:33
1901,815.437.906-66,350.276.184-17,Pagamento,171.73,2026-01-25,18:59:43
2684,294.581.067-02,356.810.749-00,Transferência,14.67,2026-01-05,14:21:40
1926,957.634.182-55,341.586.027-26,Pix Recebido,166.48,2026-01-02,07:08:17
1685,325.479.061-80,716.983.054-00,Pix Enviado,3.52,2026-01-08,16:02:46
2098,679.184.025-02,201.479.685-85,Pix Recebido,114.52,2026-01-07,06:02:49
1779,602.975.148-49,379.206.814-13,Saque Pix,27.01,2026-01-05,21:47:12
1475,435.890.261-89,285.360.941-33,Transferência,46.35,2026-01-17,07:56:38
524,247.186.530-53,095.126.384-60,Pix Enviado,16.0,2026-01-11,08:22:01
2719,608.231.759-95,762.531.489-82,Pagamento,30.7,2026-01-14,23:40:23
1273,691.782.045-85,603.219.485-05,Pix Enviado,63.88,2026-01-25,07:27:56
4606,613.924.875-28,923.570.146-52,Pagamento,211.74,2026-01-07,09:41:38
1019,165.807.934-57,195.742.360-99,Pix Enviado,56.75,2026-01-11,21:39:20
3741,913.025.468-05,950.431.628-05,Pagamento,30.96,2026-01-28,08:19:48
942,973.125.408-05,097.213.685-12,Pagamento,35.56,2026-01-10,08:05:39
2829,198.073.462-31,513.409.276-16,Saque Pix,141.62,2026-01-13,17:02:58
5191,432.069.581-05,867.520.914-20,Pix Enviado,500,2026-01-13,09:24:35
1626,362.504.978-38,203.195.784-88,Pix Enviado,85.56,2026-01-24,06:52:15
4230,456.201.389-33,498.630.715-01,Transferência,31.93,2026-01-20,10:03:28
2437,203.195.784-88,352.609.174-99,Transferência,296.27,2026-01-30,08:58:15
1053,568.790.312-77,104.736.958-39,Saque Pix,2.49,2026-01-24,21:04:54
2864,041.837.625-53,890.715.642-58,Pix Recebido,259.34,2026-01-29,17:59:35
3470,195.024.738-41,316.274.589-64,Pix Recebido,10.54,2026-01-11,06:43:54
3229,602.138.497-04,195.364.028-15,Pix Enviado,34.15,2026-01-27,17:56:12
2401,052.396.874-47,607.128.395-77,Pix Enviado,11.17,2026-01-11,11:55:41
3964,395.176.820-77,790.864.213-69,Saque Pix,35.62,2026-01-03,13:35:01
1430,829.361.705-59,634.510.872-35,Pagamento,70.56,2026-01-30,08:05:03
1284,062.371.594-52,369.418.702-22,Saque Pix,140.68,2026-01-22,18:53:24
2236,762.531.489-82,036.571.248-53,Pix Recebido,11.36,2026-01-05,06:28:02
1503,740.268.135-17,526.831.497-19,Saque Pix,110.47,2026-01-03,11:11:44
3963,315.820.497-50,215.084.693-42,Transferência,24.72,2026-01-22,14:24:24
4218,103.426.978-03,743.619.025-34,Saque Pix,86.94,2026-01-25,06:01:59
4609,743.619.025-34,204.563.198-24,Pagamento,57.84,2026-01-26,11:42:17
2173,713.904.628-03,286.471.950-94,Pix Recebido,263.57,2026-01-24,15:17:28
4740,294.867.315-19,826.549.370-38,Pix Recebido,201.77,2026-01-03,14:54:26
65,046.157.823-90,967.528.304-10,Transferência,12.33,2026-01-27,07:11:16
4189,829.361.705-59,756.231.089-03,Transferência,6.24,2026-01-11,14:55:30
115,950.431.628-05,124.765.890-20,Saque Pix,6.21,2026-01-16,14:53:52
805,718.693.240-13,215.439.087-05,Transferência,13.1,2026-01-28,06:32:30
3648,743.810.695-01,501.936.428-24,Pix Recebido,114.56,2026-01-06,23:04:06
3257,256.731.904-25,503.197.648-93,Pix Recebido,22.37,2026-01-22,21:43:59
351,780.364.952-10,624.158.397-28,Saque Pix,5.55,2026-01-16,17:05:01
2076,834.062.951-42,479.028.536-74,Pagamento,6.83,2026-01-31,17:54:17
883,209.851.367-40,512.398.047-41,Pagamento,25.52,2026-01-04,23:45:19
2787,147.529.380-14,326.104.759-34,Pix Recebido,8.72,2026-01-06,17:56:21
2649,079.652.148-49,395.176.820-77,Transferência,27.39,2026-01-10,18:01:33
4002,059.412.638-05,479.156.832-09,Pix Recebido,376.0,2026-01-17,14:24:32
2637,813.729.654-91,042.837.195-79,Pagamento,33.43,2026-01-29,11:56:25
703,195.024.738-41,512.398.047-41,Transferência,45.96,2026-01-30,08:37:02
2620,267.940.315-07,967.528.304-10,Pix Enviado,39.96,2026-01-12,21:04:47
1493,048.126.935-51,056.794.832-38,Pagamento,164.03,2026-01-08,19:28:32
3237,435.721.906-06,782.914.356-00,Pix Enviado,15.0,2026-01-30,11:47:55
473,423.079.615-34,673.185.204-07,Pix Enviado,29.06,2026-01-29,19:58:18
3410,908.457.623-38,951.380.274-41,Pix Recebido,9.41,2026-01-31,08:53:47
3341,048.126.935-51,152.068.479-76,Pix Recebido,16.62,2026-01-13,06:46:04
4134,684.512.790-58,479.156.832-09,Pix Enviado,123.18,2026-01-29,07:47:46
1458,736.425.198-73,873.692.514-46,Pix Enviado,259.1,2026-01-25,06:40:34
2094,385.614.290-89,395.127.680-03,Saque Pix,42.37,2026-01-20,11:30:52
799,024.157.986-49,810.792.435-50,Saque Pix,0.2,2026-01-31,23:19:22
5114,276.154.809-49,865.423.179-37,Pix Enviado,120.51,2026-01-22,12:23:00
191,613.924.875-28,653.817.209-12,Pagamento,104.77,2026-01-28,16:35:12
1011,753.206.498-00,842.063.951-60,Pix Enviado,393.37,2026-01-26,15:15:32
5142,261.385.409-05,230.851.964-98,Pix Enviado,141.67,2026-01-13,22:48:00
361,923.150.784-23,706.384.125-44,Saque Pix,5.69,2026-01-05,21:53:49
167,405.179.628-02,834.062.951-42,Pix Recebido,341.62,2026-01-30,12:15:51
1108,138.470.659-39,279.683.410-78,Transferência,6.7,2026-01-22,19:14:25
1260,361.479.205-61,923.150.784-23,Pagamento,132.28,2026-01-21,09:15:15
5155,268.079.541-58,817.642.530-35,Pix Enviado,100,2026-01-17,20:55:30
3922,659.043.178-75,479.156.832-09,Pagamento,1.55,2026-01-14,14:22:14
704,630.459.872-65,586.793.402-00,Saque Pix,43.31,2026-01-26,17:07:30
3808,657.413.290-80,479.156.832-09,Pix Recebido,25.64,2026-01-31,23:41:43
4043,012.938.654-51,713.045.682-53,Pix Recebido,14.31,2026-01-27,09:07:19
2393,790.864.213-69,321.894.760-03,Pagamento,70.64,2026-01-19,06:56:11
2893,185.324.697-28,617.409.532-07,Saque Pix,17.78,2026-01-05,20:21:30
3106,012.938.654-51,603.458.791-39,Pix Recebido,66.93,2026-01-06,21:40:27
4139,356.810.749-00,684.512.790-58,Transferência,6.14,2026-01-22,16:29:59
1612,625.790.143-06,605.283.497-83,Pix Enviado,74.63,2026-01-24,06:39:53
3286,230.541.986-42,294.581.067-02,Pagamento,45.03,2026-01-11,16:59:32
1128,384.795.206-47,570.349.681-01,Pagamento,25.39,2026-01-17,16:40:06
3462,842.063.951-60,387.190.524-05,Saque Pix,45.38,2026-01-02,23:29:02
3993,923.150.784-23,936.807.412-78,Pagamento,103.97,2026-01-16,11:34:58
4050,741.692.835-46,041.837.295-05,Pix Enviado,162.05,2026-01-16,17:36:16
1752,324.765.891-28,462.178.059-01,Transferência,5.77,2026-01-04,12:09:24
3774,496.318.570-93,925.164.708-94,Pagamento,63.29,2026-01-04,15:14:05
2301,264.708.951-58,842.063.951-60,Pix Recebido,26.69,2026-01-29,23:23:52
5069,852.976.043-38,175.894.260-67,Pix Enviado,173.89,2026-01-03,14:40:00
4745,315.820.497-50,479.156.832-09,Pix Enviado,14.95,2026-01-21,16:46:31
5121,128.930.674-50,542.083.619-05,Pix Enviado,160.29,2026-01-06,10:16:00
1882,219.347.805-88,039.856.271-77,Pix Recebido,13.8,2026-01-10,09:08:06
1417,152.068.479-76,024.561.793-07,Transferência,101.37,2026-01-27,07:47:56
3590,093.587.412-79,173.469.802-04,Pix Recebido,26.65,2026-01-15,03:11:38
2747,867.429.153-82,705.924.186-85,Saque Pix,28.36,2026-01-20,07:13:02
4590,509.127.834-60,634.510.872-35,Pagamento,73.44,2026-01-15,07:20:20
4936,093.587.412-79,529.607.843-83,Pagamento,50.33,2026-01-01,15:27:42
5179,306.927.145-61,604.129.378-40,Pix Enviado,1500,2026-01-25,11:54:04
5171,273.901.458-97,891.057.364-39,Pix Enviado,500,2026-01-06,23:18:45
2688,659.184.023-06,326.104.759-34,Transferência,7.59,2026-01-12,16:16:33
4943,341.906.587-66,815.274.369-00,Pix Recebido,52.69,2026-01-18,06:42:32
2668,167.845.932-19,068.427.953-38,Saque Pix,5.44,2026-01-29,13:59:01
1842,346.251.879-82,175.602.348-44,Transferência,8.92,2026-01-14,07:30:09
643,387.596.024-65,687.203.154-90,Saque Pix,19.29,2026-01-28,09:16:55
3394,543.612.807-62,120.985.436-89,Pagamento,10.21,2026-01-04,21:55:45
1764,521.463.087-53,871.543.069-39,Saque Pix,19.61,2026-01-12,12:37:08
3560,035.174.982-97,708.263.914-78,Pix Recebido,23.51,2026-01-13,09:20:22
4234,874.361.592-91,856.041.793-10,Saque Pix,90.55,2026-01-02,16:26:02
4259,164.728.503-80,821.476.305-35,Pix Enviado,59.89,2026-01-30,17:24:59
560,365.182.970-77,192.358.604-15,Pix Recebido,199.58,2026-01-26,09:09:38
4304,175.602.348-44,984.621.053-15,Transferência,24.06,2026-01-13,22:23:35
3705,549.386.270-00,352.987.164-82,Saque Pix,72.52,2026-01-17,09:52:39
3647,392.061.754-16,657.039.128-30,Pix Recebido,65.67,2026-01-13,11:24:44
3372,024.561.793-07,398.615.420-51,Pagamento,3.24,2026-01-23,22:45:15
2375,426.789.013-78,376.920.158-21,Transferência,67.53,2026-01-06,06:20:46
3885,810.792.435-50,195.364.028-15,Transferência,12.54,2026-01-26,08:49:38
3439,973.125.408-05,826.043.157-26,Pix Recebido,235.85,2026-01-04,11:45:34
666,120.985.436-89,364.751.092-07,Pix Recebido,157.33,2026-01-26,11:45:55
3337,379.206.814-13,301.274.698-69,Pix Recebido,9.41,2026-01-30,07:12:35
2544,986.751.340-10,024.561.793-07,Transferência,82.99,2026-01-22,09:46:15
2599,187.042.693-22,362.794.051-25,Pix Recebido,27.1,2026-01-25,13:58:53
1231,586.142.937-55,957.634.182-55,Saque Pix,15.64,2026-01-08,21:48:50
448,364.751.092-07,469.013.275-52,Transferência,68.94,2026-01-13,08:21:38
1072,204.563.198-24,109.874.632-50,Pix Enviado,3.09,2026-01-06,19:01:33
1978,624.158.397-28,659.184.023-06,Transferência,8.13,2026-01-02,23:56:01
2789,387.596.024-65,540.873.916-39,Pix Recebido,18.74,2026-01-18,22:03:57
4311,625.790.143-06,629.850.314-51,Pix Recebido,55.64,2026-01-26,18:46:47
1456,364.751.092-07,548.190.372-50,Pix Enviado,14.14,2026-01-30,17:04:59
2003,653.817.209-12,540.891.732-05,Pagamento,88.08,2026-01-06,14:05:25
3141,612.930.578-86,728.645.103-08,Pix Recebido,26.81,2026-01-10,07:33:41
459,608.471.239-87,812.540.796-02,Pagamento,94.75,2026-01-28,09:24:22
3890,851.249.036-51,617.409.532-07,Pagamento,10.61,2026-01-17,06:49:39
3663,690.582.174-85,439.675.218-00,Transferência,12.08,2026-01-16,14:44:16
2549,349.270.618-50,215.439.087-05,Pix Recebido,20.8,2026-01-23,06:08:09
4121,018.324.769-87,743.619.025-34,Saque Pix,75.76,2026-01-04,20:26:18
3019,637.541.089-48,901.527.634-06,Pagamento,8.95,2026-01-30,23:13:12
2021,609.483.725-83,603.184.597-01,Pagamento,6.2,2026-01-12,14:50:44
4592,503.197.648-93,659.438.702-29,Pix Enviado,100.89,2026-01-29,15:15:16
2714,873.645.201-71,634.510.872-35,Transferência,44.89,2026-01-22,21:43:05
3786,165.874.920-02,825.074.691-02,Pagamento,21.31,2026-01-31,12:37:03
2338,430.187.562-07,041.837.295-05,Pix Enviado,324.3,2026-01-07,13:14:03
130,349.270.618-50,405.623.871-53,Pagamento,17.99,2026-01-29,10:15:08
1445,169.502.387-03,286.471.950-94,Pagamento,22.88,2026-01-20,10:54:31
2440,574.190.283-97,042.837.195-79,Transferência,23.82,2026-01-18,17:27:38
4142,613.924.875-28,621.973.504-80,Pagamento,22.92,2026-01-02,14:27:23
4441,784.351.690-57,301.274.698-69,Pix Enviado,105.62,2026-01-25,21:08:38
4865,087.649.321-50,675.908.214-11,Pagamento,3.97,2026-01-29,07:27:57
4377,219.347.805-88,694.378.510-93,Saque Pix,14.21,2026-01-26,08:23:57
3246,578.263.914-82,412.350.768-90,Pix Enviado,6.98,2026-01-05,06:44:38
1887,204.563.198-24,085.721.436-53,Pix Enviado,39.68,2026-01-25,08:02:20
4352,728.045.693-65,479.156.832-09,Pagamento,12.8,2026-01-25,09:38:55
1554,509.476.138-20,386.452.079-74,Pix Recebido,42.5,2026-01-20,06:14:45
3101,926.317.048-78,015.493.768-10,Transferência,74.97,2026-01-27,00:11:55
1862,186.472.509-58,294.631.805-24,Saque Pix,112.53,2026-01-08,12:24:18
286,216.593.478-82,936.807.412-78,Pagamento,5.88,2026-01-21,10:16:00
5168,073.142.965-61,516.098.342-24,Pix Enviado,500,2026-01-28,18:17:26
5204,961.840.573-75,940.261.735-34,Pix Enviado,15991.46,2026-01-16,04:48:39
4312,718.693.240-13,431.026.795-52,Saque Pix,16.04,2026-01-20,15:17:04
4766,165.270.834-08,736.902.184-03,Transferência,32.71,2026-01-09,12:57:58
818,984.621.053-15,412.350.768-90,Pagamento,30.41,2026-01-17,16:19:31
764,235.194.870-04,462.178.059-01,Saque Pix,71.21,2026-01-06,10:47:00
1530,459.102.768-67,365.182.970-77,Transferência,20.73,2026-01-15,20:37:15
2821,645.723.801-71,107.563.284-62,Saque Pix,80.97,2026-01-21,14:57:51
4306,189.374.560-01,913.086.257-40,Pagamento,96.99,2026-01-12,20:00:17
4990,378.124.690-69,635.492.107-52,Pagamento,90.01,2026-01-21,10:46:19
874,418.326.590-89,493.710.526-43,Transferência,48.04,2026-01-03,21:56:18
1351,675.908.214-11,294.631.805-24,Transferência,142.13,2026-01-29,21:03:58
393,603.458.791-39,435.890.261-89,Transferência,19.11,2026-01-06,12:40:06
4966,193.674.528-37,274.351.069-25,Pagamento,91.09,2026-01-31,06:37:33
3653,085.721.436-53,405.179.628-02,Pix Enviado,69.86,2026-01-22,19:56:56
2967,736.541.829-09,945.217.380-79,Pagamento,37.36,2026-01-02,15:44:52
2067,513.409.276-16,201.479.685-85,Saque Pix,107.39,2026-01-16,18:19:24
3738,461.930.852-89,310.748.562-44,Saque Pix,281.81,2026-01-20,15:08:29
3736,352.609.174-99,908.216.743-31,Pagamento,235.92,2026-01-23,14:12:23
1487,764.051.298-02,235.879.640-92,Transferência,7.44,2026-01-05,19:25:31
3695,521.463.087-53,631.892.540-60,Transferência,12.91,2026-01-02,12:37:44
3907,465.273.108-62,856.041.793-10,Saque Pix,16.45,2026-01-25,21:16:44
5045,827.134.059-04,167.849.250-76,Pix Enviado,190.29,2026-01-09,11:37:00
2950,302.987.615-21,892.053.741-05,Saque Pix,32.77,2026-01-11,06:40:13
1050,397.614.280-87,612.930.578-86,Pagamento,17.26,2026-01-15,16:44:51
2161,185.324.697-28,079.652.148-49,Pix Recebido,73.48,2026-01-31,19:35:40
1098,630.859.427-00,296.308.147-22,Transferência,133.32,2026-01-01,09:29:09
1063,906.432.781-50,648.905.137-01,Saque Pix,223.91,2026-01-11,22:31:19
1852,062.385.149-06,024.561.793-07,Pagamento,91.29,2026-01-23,17:28:24
1735,834.062.951-42,753.206.498-00,Pagamento,39.55,2026-01-26,12:38:25
2659,164.723.850-17,413.589.027-04,Transferência,7.48,2026-01-27,20:40:02
1092,206.791.835-40,761.540.389-84,Pix Recebido,30.24,2026-01-01,16:28:11
1168,063.418.279-03,967.528.304-10,Pix Recebido,13.3,2026-01-02,15:47:53
2315,192.358.604-15,534.106.978-10,Transferência,84.13,2026-01-26,01:29:54
1544,068.427.953-38,302.987.615-21,Transferência,10.84,2026-01-15,13:17:40
1817,340.572.189-04,097.213.685-12,Pix Enviado,21.16,2026-01-10,03:15:47
2833,062.371.594-52,810.792.435-50,Transferência,176.21,2026-01-22,16:16:24
3897,512.398.047-41,624.158.397-28,Pagamento,37.32,2026-01-01,23:59:29
3841,059.243.876-74,721.680.359-03,Pagamento,12.71,2026-01-29,18:21:03
3662,608.231.759-95,853.421.096-98,Pix Recebido,23.79,2026-01-28,13:06:40
5090,180.974.253-60,147.693.820-22,Pix Enviado,278.84,2026-01-13,22:29:00
696,682.314.079-87,097.836.214-40,Saque Pix,9.68,2026-01-22,06:49:19
147,619.423.580-24,926.317.048-78,Pix Enviado,26.57,2026-01-13,19:10:32
3230,230.541.986-42,605.279.138-12,Transferência,18.14,2026-01-20,11:14:57
1421,381.462.795-46,851.249.036-51,Transferência,25.83,2026-01-05,18:26:30
4570,932.768.045-65,418.326.590-89,Saque Pix,9.64,2026-01-23,22:38:34
3837,324.765.891-28,248.195.730-04,Saque Pix,26.57,2026-01-14,17:55:46
2023,361.498.250-51,906.432.781-50,Transferência,13.73,2026-01-01,22:02:25
2051,405.623.871-53,780.351.926-12,Saque Pix,359.98,2026-01-06,18:50:47
4173,842.063.951-60,358.274.160-53,Pix Enviado,63.05,2026-01-15,19:16:45
1888,679.184.025-02,342.819.075-05,Pagamento,15.21,2026-01-21,17:46:20
4517,496.081.753-48,820.351.746-35,Transferência,49.41,2026-01-23,17:46:09
13,403.298.175-23,195.742.360-99,Pix Recebido,31.35,2026-01-21,19:09:41
2419,736.902.184-03,521.487.369-73,Saque Pix,82.17,2026-01-23,10:12:12
504,209.814.765-11,810.723.956-30,Pagamento,2.43,2026-01-27,12:58:09
652,456.201.389-33,571.039.846-20,Pagamento,10.92,2026-01-28,09:21:34
800,235.879.640-92,867.945.301-39,Transferência,63.14,2026-01-29,20:14:30
424,923.570.146-52,147.529.380-14,Saque Pix,179.97,2026-01-05,12:58:26
4999,045.927.163-61,109.874.632-50,Pagamento,130.86,2026-01-26,17:28:24
3950,617.409.532-07,513.480.629-24,Pix Enviado,41.21,2026-01-23,08:32:01
3856,540.873.916-39,031.794.582-32,Pagamento,44.01,2026-01-29,23:03:48
2106,625.790.143-06,329.168.470-22,Pix Enviado,79.37,2026-01-18,21:02:02
3985,954.731.820-97,829.361.574-55,Pix Enviado,36.4,2026-01-28,20:05:34
4940,361.479.205-61,209.814.765-11,Pix Enviado,41.45,2026-01-02,14:47:13
3478,047.359.216-99,790.314.562-25,Pagamento,55.57,2026-01-16,10:43:57
410,619.423.580-24,204.563.198-24,Pix Enviado,13.49,2026-01-12,06:01:33
4695,521.487.369-73,039.285.471-60,Pagamento,16.79,2026-01-28,20:16:45
3840,325.479.061-80,936.812.507-40,Pix Enviado,9.26,2026-01-18,06:39:19
3498,413.589.027-04,796.842.301-50,Pix Recebido,76.02,2026-01-13,08:55:35
3533,329.168.470-22,690.582.174-85,Pix Enviado,184.62,2026-01-19,10:41:35
4331,829.361.705-59,916.327.540-61,Pagamento,34.17,2026-01-27,15:37:52
1014,412.350.768-90,710.385.264-26,Pix Enviado,48.35,2026-01-30,10:29:02
1953,950.431.628-05,180.645.723-71,Saque Pix,11.07,2026-01-08,10:33:31
1526,387.596.024-65,401.956.283-06,Pix Enviado,13.07,2026-01-16,06:54:56
1778,549.386.270-00,826.510.937-77,Pagamento,4.21,2026-01-08,12:09:49
252,984.621.053-15,103.426.978-03,Transferência,11.29,2026-01-04,20:04:33
600,705.924.186-85,256.731.904-25,Pix Recebido,272.94,2026-01-04,15:21:04
2022,097.836.214-40,512.398.047-41,Pix Recebido,19.26,2026-01-15,09:47:39
2310,523.918.647-28,890.715.642-58,Pix Enviado,11.45,2026-01-20,17:56:41
783,324.765.891-28,479.618.503-84,Pix Enviado,4.86,2026-01-11,11:25:59
5151,268.079.541-58,401.382.756-53,Pix Enviado,100,2026-01-29,13:36:35
1750,521.463.087-53,867.945.301-39,Pix Recebido,126.0,2026-01-11,07:10:13
2989,274.351.069-25,326.104.759-34,Transferência,5.02,2026-01-01,06:14:03
1829,546.921.730-25,387.190.524-05,Pix Recebido,18.05,2026-01-24,13:43:04
3726,691.782.045-85,826.510.937-77,Transferência,6.7,2026-01-17,09:44:21
4926,842.063.951-60,089.647.251-58,Transferência,27.43,2026-01-04,19:42:04
2346,137.268.905-21,365.182.970-77,Pagamento,104.82,2026-01-15,18:14:58
4681,638.721.405-07,529.607.843-83,Saque Pix,58.36,2026-01-19,18:58:28
3167,469.013.275-52,682.314.079-87,Pix Enviado,32.87,2026-01-10,08:12:43
1094,825.074.691-02,534.106.978-10,Saque Pix,40.06,2026-01-25,06:02:53
4789,829.361.705-59,538.294.706-65,Pix Recebido,21.1,2026-01-22,11:45:12
2973,851.249.036-51,138.470.659-39,Pix Recebido,91.3,2026-01-16,14:13:28
2427,321.075.869-77,260.549.387-38,Pagamento,1.75,2026-01-29,11:56:40
4621,561.379.248-82,190.576.328-02,Pagamento,119.82,2026-01-08,20:18:27
1065,089.647.251-58,945.217.380-79,Pix Enviado,17.98,2026-01-21,20:38:29
3445,625.790.143-06,690.582.174-85,Transferência,43.44,2026-01-24,03:49:12
220,629.048.315-33,291.806.534-05,Pix Recebido,113.38,2026-01-27,15:47:35
661,657.408.913-10,041.837.625-53,Pix Recebido,202.15,2026-01-16,06:41:14
4073,215.439.087-05,152.068.479-76,Pix Recebido,4.13,2026-01-19,21:21:44
3723,790.864.213-69,024.561.793-07,Pix Recebido,54.37,2026-01-19,21:57:03
721,167.845.932-19,379.206.814-13,Saque Pix,34.35,2026-01-08,06:29:46
146,794.216.053-06,031.794.582-32,Pix Recebido,39.88,2026-01-02,17:02:09
4211,690.582.174-85,465.902.381-89,Saque Pix,98.57,2026-01-12,03:59:43
1100,736.425.198-73,834.062.951-42,Transferência,68.97,2026-01-12,13:21:52
1319,705.612.893-95,743.810.695-01,Pagamento,215.42,2026-01-01,12:42:02
5182,712.308.549-32,479.062.185-58,Pix Enviado,1500,2026-01-05,17:24:57
4596,723.504.691-07,365.182.970-77,Transferência,84.97,2026-01-18,19:42:18
3853,097.213.685-12,967.528.304-10,Pix Enviado,13.1,2026-01-08,10:49:45
2779,586.793.402-00,310.748.562-44,Pix Recebido,672.93,2026-01-30,10:11:25
2822,973.125.408-05,762.531.489-82,Saque Pix,11.26,2026-01-02,10:28:20
1687,238.164.507-17,659.043.178-75,Transferência,21.21,2026-01-06,17:03:43
4362,062.385.149-06,465.902.381-89,Transferência,10.22,2026-01-28,19:41:16
1006,269.705.413-80,648.905.137-01,Pix Recebido,16.81,2026-01-05,23:16:01
2084,256.731.904-25,874.510.369-01,Pix Recebido,32.54,2026-01-10,08:24:27
1890,326.104.759-34,189.374.560-01,Pix Recebido,14.31,2026-01-19,13:22:16
2790,341.906.587-66,274.351.069-25,Pagamento,37.4,2026-01-06,13:04:45
3851,679.184.025-02,862.059.741-85,Pagamento,226.13,2026-01-29,09:21:19
1426,294.867.315-19,874.361.592-91,Pix Recebido,10.62,2026-01-26,18:34:38
680,534.106.978-10,780.351.926-12,Pagamento,11.45,2026-01-24,21:16:54
4955,045.927.163-61,546.921.730-25,Saque Pix,14.8,2026-01-06,11:02:58
4415,920.863.174-50,518.746.029-30,Pix Recebido,2.18,2026-01-08,16:34:23
3395,741.692.835-46,498.630.715-01,Pix Recebido,26.67,2026-01-30,23:09:44
1967,450.971.386-00,784.952.361-09,Pix Enviado,16.93,2026-01-06,05:26:59
1138,048.126.935-51,461.930.852-89,Saque Pix,130.72,2026-01-24,16:10:24
1338,602.138.497-04,498.630.715-01,Pagamento,21.54,2026-01-25,10:47:54
3569,103.426.978-03,659.043.178-75,Pix Enviado,42.93,2026-01-17,06:22:11
3756,906.432.781-50,851.249.036-51,Pagamento,20.66,2026-01-12,18:21:53
1164,695.132.704-16,468.523.917-28,Pix Enviado,33.78,2026-01-13,11:08:51
3398,578.263.914-82,247.159.863-37,Pagamento,44.39,2026-01-05,10:23:01
3035,705.261.389-12,736.425.198-73,Pix Enviado,33.55,2026-01-28,14:07:33
1457,512.398.047-41,679.184.025-02,Pagamento,13.04,2026-01-11,20:33:06
1607,921.346.750-80,936.812.507-40,Pix Recebido,4.58,2026-01-12,11:05:13
3121,025.167.489-49,568.790.312-77,Transferência,46.98,2026-01-24,06:49:12
3055,496.318.570-93,087.649.321-50,Pagamento,90.55,2026-01-18,09:09:30
3139,269.705.413-80,856.041.793-10,Pix Enviado,9.16,2026-01-03,23:36:30
3551,695.172.430-06,279.683.410-78,Transferência,107.96,2026-01-05,22:22:41
125,940.627.158-30,350.298.164-70,Pagamento,29.16,2026-01-14,11:06:54
1409,796.842.301-50,205.437.968-92,Pix Recebido,54.8,2026-01-12,07:21:14
1024,873.645.201-71,215.439.087-05,Pix Enviado,162.68,2026-01-26,23:55:18
4178,820.351.746-35,397.614.280-87,Pagamento,83.66,2026-01-01,21:52:09
4471,865.124.307-35,538.164.790-57,Saque Pix,5.63,2026-01-21,14:39:43
4626,865.124.307-35,867.945.301-39,Saque Pix,35.03,2026-01-31,11:34:53
2891,095.126.384-60,659.438.017-66,Pix Enviado,41.07,2026-01-14,06:30:27
4346,906.432.781-50,821.476.305-35,Saque Pix,91.5,2026-01-24,12:32:51
4987,476.018.539-93,713.904.628-03,Pagamento,190.84,2026-01-20,07:07:19
3882,046.157.823-90,107.563.284-62,Pix Enviado,125.92,2026-01-27,11:20:01
1154,780.351.926-12,518.746.029-30,Saque Pix,28.22,2026-01-03,22:08:04
2288,310.748.562-44,294.631.805-24,Pagamento,14.03,2026-01-11,19:33:48
2223,923.570.146-52,705.612.893-95,Pix Recebido,57.75,2026-01-11,20:27:31
3023,479.156.832-09,137.058.694-93,Transferência,19.86,2026-01-29,06:33:10
1797,498.635.072-29,728.045.693-65,Transferência,4.23,2026-01-31,19:10:19
4245,195.742.360-99,185.324.697-28,Transferência,28.83,2026-01-22,16:04:01
297,561.379.248-82,264.983.571-00,Pix Enviado,10.53,2026-01-04,14:36:04
2559,736.425.198-73,251.089.473-05,Pagamento,72.96,2026-01-02,13:00:20
2011,124.765.890-20,710.354.892-79,Pix Enviado,658.14,2026-01-07,22:34:16
4724,493.710.526-43,549.318.267-09,Pix Recebido,8.69,2026-01-01,11:08:30
1640,073.852.491-32,568.137.204-90,Pagamento,27.05,2026-01-21,23:46:45
4848,798.130.564-01,615.093.847-66,Pix Recebido,5.23,2026-01-09,07:14:37
4875,326.104.759-34,932.768.045-65,Saque Pix,53.4,2026-01-22,21:57:01
110,260.549.387-38,195.024.738-41,Pagamento,23.66,2026-01-08,15:23:21
4129,294.357.081-88,035.174.982-97,Transferência,57.47,2026-01-29,19:13:19
972,607.128.395-77,109.874.632-50,Pagamento,12.68,2026-01-27,21:00:10
3252,690.582.174-85,862.059.741-85,Pagamento,6.53,2026-01-12,09:31:08
4458,784.952.361-09,657.413.290-80,Transferência,22.29,2026-01-13,09:07:57
2627,957.634.182-55,815.437.906-66,Pagamento,181.79,2026-01-30,07:44:36
2059,274.083.165-07,165.874.920-02,Pix Enviado,348.2,2026-01-22,23:26:51
4015,920.863.174-50,085.721.436-53,Transferência,22.36,2026-01-15,22:08:10
2975,124.765.890-20,476.018.539-93,Pagamento,215.94,2026-01-20,07:38:33
2983,456.201.389-33,984.621.053-15,Transferência,216.2,2026-01-10,09:15:14
4658,312.689.475-55,059.872.634-92,Pix Recebido,15.22,2026-01-21,14:18:50
1783,960.215.837-95,137.058.694-93,Pagamento,60.95,2026-01-23,07:43:50
809,906.247.813-13,593.716.824-00,Pagamento,30.74,2026-01-18,16:04:46
3386,659.438.017-66,097.213.685-12,Pix Enviado,42.85,2026-01-21,22:36:16
1527,385.614.290-89,397.614.280-87,Pagamento,230.76,2026-01-04,22:41:31
771,593.716.824-00,790.562.348-38,Transferência,6.18,2026-01-04,06:40:19
2087,068.427.953-38,710.354.892-79,Saque Pix,85.94,2026-01-19,22:36:53
4878,206.791.835-40,973.125.408-05,Transferência,40.7,2026-01-21,15:53:06
4008,193.674.528-37,923.570.146-52,Saque Pix,68.22,2026-01-17,08:09:54
4527,423.185.069-06,873.645.201-71,Pix Recebido,6.36,2026-01-02,22:03:55
2222,365.182.970-77,398.615.420-51,Pix Enviado,14.19,2026-01-11,21:09:13
1211,097.213.685-12,165.874.920-02,Pix Recebido,48.99,2026-01-18,22:02:38
3865,762.531.489-82,023.157.896-21,Transferência,28.88,2026-01-10,08:31:13
189,294.581.067-02,358.274.160-53,Pix Recebido,366.22,2026-01-22,17:55:35
1853,710.354.892-79,087.649.321-50,Saque Pix,22.65,2026-01-16,17:39:20
1042,304.752.186-71,201.479.685-85,Transferência,15.79,2026-01-23,01:18:01
1067,047.359.216-99,015.493.768-10,Saque Pix,133.12,2026-01-20,23:57:31
1557,247.186.530-53,694.378.510-93,Transferência,58.89,2026-01-18,11:05:41
5163,073.142.965-61,735.048.961-75,Pix Enviado,500,2026-01-02,11:55:46
4617,219.347.805-88,743.810.695-01,Saque Pix,8.03,2026-01-02,06:41:41
4938,498.630.715-01,546.921.730-25,Pix Recebido,89.27,2026-01-16,20:05:25
3159,107.563.284-62,764.051.298-02,Saque Pix,129.34,2026-01-16,16:14:29
4329,546.921.730-25,723.504.691-07,Transferência,101.06,2026-01-01,08:38:25
324,186.472.509-58,749.326.150-43,Transferência,30.84,2026-01-15,10:49:32
2882,810.723.956-30,718.693.240-13,Pix Enviado,110.76,2026-01-13,11:26:43
2218,095.126.384-60,048.126.935-51,Pix Recebido,252.49,2026-01-06,17:33:15
3260,467.935.201-99,039.856.271-77,Pix Enviado,109.58,2026-01-08,12:21:04
823,294.357.081-88,215.084.693-42,Pagamento,8.9,2026-01-09,07:57:14
2382,580.364.297-56,501.936.428-24,Pagamento,66.54,2026-01-07,20:34:08
3245,206.189.473-96,908.457.623-38,Saque Pix,7.95,2026-01-28,13:37:04
4668,340.892.756-10,957.480.361-93,Pix Recebido,30.15,2026-01-26,23:35:08
4107,325.479.061-80,809.352.671-40,Pix Enviado,20.28,2026-01-28,16:34:43
1927,087.649.321-50,809.352.671-40,Pix Enviado,55.94,2026-01-14,20:22:52
2484,261.430.597-99,615.093.847-66,Saque Pix,89.55,2026-01-24,18:30:48
470,678.592.401-49,549.318.267-09,Pix Recebido,1.24,2026-01-26,16:10:47
2830,852.091.463-24,097.213.685-12,Pix Recebido,2.55,2026-01-06,13:40:28
4708,695.132.704-16,967.528.304-10,Transferência,462.04,2026-01-10,01:50:21
2339,024.157.986-49,302.987.615-21,Saque Pix,70.18,2026-01-13,10:20:20
186,513.480.629-24,394.761.058-01,Transferência,12.08,2026-01-15,12:51:18
1730,629.850.314-51,753.081.629-21,Transferência,223.88,2026-01-07,21:43:16
791,986.751.340-10,710.385.264-26,Pix Enviado,7.81,2026-01-24,11:43:51
4197,025.167.489-49,218.973.650-12,Saque Pix,8.66,2026-01-18,04:13:51
4023,503.197.648-93,296.035.418-42,Saque Pix,216.02,2026-01-24,10:51:29
2904,216.593.478-82,608.471.239-87,Pix Recebido,39.96,2026-01-30,07:28:52
3201,539.867.201-03,384.795.206-47,Pix Enviado,54.8,2026-01-30,07:35:08
3438,180.645.723-71,602.138.497-04,Transferência,4.19,2026-01-12,14:30:54
983,549.318.267-09,586.793.402-00,Transferência,17.52,2026-01-04,19:28:31
4059,753.206.498-00,341.586.027-26,Pix Recebido,113.6,2026-01-24,14:26:16
2900,796.842.301-50,842.063.951-60,Transferência,80.72,2026-01-29,12:53:35
3419,782.914.356-00,358.709.642-29,Pix Enviado,9.55,2026-01-26,19:18:23
3027,194.867.250-20,018.324.769-87,Pix Enviado,158.48,2026-01-04,22:53:05
3545,493.710.526-43,730.458.921-32,Transferência,5.39,2026-01-04,16:31:07
2128,356.810.749-00,602.975.148-49,Transferência,24.42,2026-01-18,14:10:18
648,340.572.189-04,602.975.148-49,Saque Pix,14.06,2026-01-02,16:23:06
1836,728.645.103-08,285.793.146-82,Pix Enviado,25.55,2026-01-25,12:17:46
2005,498.635.072-29,821.476.305-35,Saque Pix,91.13,2026-01-27,06:40:03
4,950.431.628-05,749.326.150-43,Pagamento,18.49,2026-01-01,11:34:17
1218,548.190.372-50,145.370.268-71,Saque Pix,11.23,2026-01-25,22:15:23
4741,315.820.497-50,309.821.576-30,Pix Enviado,57.36,2026-01-13,19:08:01
37,706.384.125-44,932.768.045-65,Pagamento,24.07,2026-01-27,14:23:22
3185,630.459.872-65,465.273.108-62,Transferência,57.42,2026-01-21,06:06:25
1411,145.370.268-71,465.273.108-62,Saque Pix,159.34,2026-01-21,09:17:49
614,395.671.042-80,908.457.623-38,Pix Recebido,21.9,2026-01-29,06:33:35
4906,359.410.728-05,087.649.321-50,Saque Pix,10.33,2026-01-20,15:09:44
2630,274.083.165-07,062.385.149-06,Pagamento,29.13,2026-01-11,11:01:23
4791,193.674.528-37,329.168.470-22,Saque Pix,29.67,2026-01-27,13:21:16
2159,069.251.738-30,653.817.209-12,Pix Recebido,4.02,2026-01-22,12:28:03
4588,908.617.235-03,469.013.275-52,Transferência,1.69,2026-01-09,06:41:22
4172,503.197.648-93,035.978.642-10,Transferência,4.7,2026-01-30,01:10:27
2192,378.124.690-69,198.073.462-31,Transferência,17.84,2026-01-14,19:18:24
3745,713.045.682-53,420.156.983-70,Transferência,21.82,2026-01-06,11:24:37
423,136.258.904-70,539.867.201-03,Transferência,85.79,2026-01-05,21:28:29
1301,059.872.634-92,657.413.290-80,Pix Enviado,58.78,2026-01-31,08:08:17
3249,036.571.248-53,294.631.805-24,Pagamento,83.31,2026-01-01,10:51:46
1558,678.592.401-49,264.983.571-00,Transferência,19.85,2026-01-25,20:53:51
4291,149.072.865-11,790.314.562-25,Saque Pix,38.85,2026-01-23,06:15:09
4637,356.810.749-00,691.782.045-85,Pix Enviado,10.58,2026-01-18,20:18:58
2841,342.819.075-05,678.925.134-00,Transferência,80.75,2026-01-16,07:48:03
1221,862.059.741-85,329.168.470-22,Pagamento,37.69,2026-01-13,13:33:51
941,904.586.321-98,986.751.340-10,Transferência,46.84,2026-01-16,20:46:26
4143,274.083.165-07,784.952.361-09,Pagamento,24.97,2026-01-22,10:06:33
1182,524.963.071-52,385.614.290-89,Pix Recebido,1.97,2026-01-14,09:21:25
2116,018.324.769-87,710.354.892-79,Pix Enviado,42.14,2026-01-14,17:42:04
3458,873.692.514-46,165.807.934-57,Pix Recebido,59.51,2026-01-25,19:38:44
3671,763.298.045-83,126.735.894-73,Saque Pix,76.3,2026-01-30,17:06:36
3524,309.821.576-30,913.540.827-88,Saque Pix,66.5,2026-01-02,17:01:37
2381,387.596.024-65,961.253.704-61,Transferência,82.91,2026-01-14,13:05:30
1317,603.124.987-13,309.821.576-30,Pix Enviado,27.7,2026-01-20,22:27:40
616,364.751.092-07,780.351.926-12,Saque Pix,97.79,2026-01-12,14:06:35
1124,829.361.705-59,059.243.876-74,Saque Pix,3.62,2026-01-10,19:33:43
181,378.124.690-69,109.867.534-75,Saque Pix,10.8,2026-01-22,06:01:31
3425,109.276.345-70,621.973.504-80,Pix Enviado,115.46,2026-01-06,08:18:35
2486,350.298.164-70,621.973.504-80,Pagamento,12.66,2026-01-20,16:59:23
4657,673.185.204-07,408.259.671-20,Saque Pix,33.52,2026-01-12,14:28:27
3399,730.458.921-32,087.649.321-50,Pix Recebido,11.18,2026-01-15,10:56:19
3367,602.138.497-04,605.432.978-29,Pagamento,62.97,2026-01-15,17:06:10
797,580.364.297-56,324.765.891-28,Pix Recebido,19.92,2026-01-31,14:21:28
562,523.918.647-28,679.184.025-02,Transferência,86.78,2026-01-03,19:36:33
1933,951.380.274-41,418.326.590-89,Pix Recebido,51.4,2026-01-31,20:51:08
866,126.735.894-73,147.638.250-62,Pix Recebido,128.37,2026-01-06,21:21:42
1511,215.084.693-42,916.327.540-61,Pix Enviado,357.53,2026-01-24,22:48:24
312,204.596.718-20,940.627.158-30,Pix Enviado,15.33,2026-01-31,13:44:23
4836,571.039.846-20,682.314.079-87,Transferência,357.16,2026-01-17,14:53:41
4845,329.140.657-52,301.274.698-69,Pagamento,30.22,2026-01-07,19:10:57
3540,412.350.768-90,342.819.075-05,Pagamento,180.92,2026-01-11,21:13:39
4246,315.820.497-50,209.851.367-40,Pagamento,36.38,2026-01-17,20:04:59
2796,274.351.069-25,763.298.045-83,Pix Enviado,22.44,2026-01-17,09:35:12
1814,790.138.246-50,072.584.613-53,Pagamento,65.74,2026-01-13,18:55:15
5035,584.129.376-19,460.873.591-84,Pix Enviado,200.04,2026-01-09,07:41:00
2778,160.592.478-49,503.197.648-93,Pix Enviado,41.33,2026-01-12,19:07:18
396,678.925.134-00,603.458.791-39,Saque Pix,65.42,2026-01-09,18:34:14
921,684.512.790-58,048.126.935-51,Pagamento,87.8,2026-01-16,10:59:07
4530,325.769.084-38,046.753.921-99,Pix Enviado,2.67,2026-01-25,04:15:46
274,189.374.560-01,085.376.429-83,Transferência,80.59,2026-01-22,18:35:01
2785,692.081.374-22,603.124.987-13,Transferência,7.51,2026-01-19,18:55:07
207,608.231.759-95,201.479.685-85,Pagamento,208.71,2026-01-15,12:53:07
2316,509.127.834-60,175.602.348-44,Pix Enviado,112.25,2026-01-29,21:50:10
1775,568.790.312-77,954.731.820-97,Transferência,277.91,2026-01-02,18:52:44
1578,386.452.079-74,657.408.913-10,Pagamento,73.61,2026-01-11,14:42:00
132,165.807.934-57,501.936.428-24,Pagamento,71.35,2026-01-08,21:42:29
2194,586.793.402-00,012.938.654-51,Saque Pix,111.28,2026-01-21,06:30:19
990,041.837.625-53,736.902.184-03,Pagamento,32.26,2026-01-03,08:40:57
4477,047.359.216-99,741.609.852-11,Pagamento,18.14,2026-01-25,12:56:29
343,185.324.697-28,637.541.089-48,Transferência,22.92,2026-01-10,23:20:28
4161,842.063.951-60,609.483.725-83,Transferência,37.96,2026-01-02,06:46:54
2701,673.185.204-07,829.361.574-55,Saque Pix,21.64,2026-01-11,09:18:37
98,247.186.530-53,926.317.048-78,Saque Pix,17.02,2026-01-13,12:13:42
4981,609.837.421-03,301.274.698-69,Pagamento,6.98,2026-01-07,10:16:29
4856,187.042.693-22,352.609.174-99,Pagamento,42.81,2026-01-23,17:26:30
4439,247.186.530-53,549.623.087-00,Pix Recebido,25.92,2026-01-01,16:23:19
4219,631.892.540-60,325.479.061-80,Pagamento,6.53,2026-01-28,14:01:04
2652,285.793.146-82,264.983.571-00,Saque Pix,44.62,2026-01-29,07:32:59
149,867.429.153-82,359.410.728-05,Transferência,27.93,2026-01-23,06:39:29
4270,106.847.592-76,603.124.987-13,Transferência,2.07,2026-01-20,23:00:04
117,450.971.386-00,367.158.024-08,Saque Pix,22.55,2026-01-08,07:12:55
68,561.379.248-82,874.510.369-01,Transferência,597.98,2026-01-24,16:48:50
2046,206.189.473-96,940.627.158-30,Pix Recebido,24.31,2026-01-06,11:26:24
4928,195.742.360-99,238.409.176-03,Transferência,56.71,2026-01-25,18:22:19
3994,713.045.682-53,062.385.149-06,Transferência,58.75,2026-01-25,07:38:07
901,173.469.802-04,529.607.843-83,Saque Pix,2.6,2026-01-18,14:45:24
4222,957.480.361-93,540.873.916-39,Pix Recebido,45.03,2026-01-17,07:54:01
3292,867.429.153-82,659.438.702-29,Pix Enviado,20.05,2026-01-02,08:37:10
1113,296.518.073-77,302.987.451-60,Transferência,313.55,2026-01-29,07:25:46
979,501.936.428-24,874.361.592-91,Saque Pix,118.87,2026-01-01,13:04:26
4537,743.810.695-01,169.502.387-03,Saque Pix,19.58,2026-01-09,15:02:43
2475,653.817.209-12,316.274.589-64,Pix Recebido,104.59,2026-01-28,09:22:02
3666,195.024.738-41,549.386.270-00,Saque Pix,29.75,2026-01-07,09:15:46
2018,762.531.489-82,160.592.478-49,Pagamento,16.34,2026-01-06,06:03:41
2057,205.437.968-92,294.357.081-88,Pix Enviado,491.67,2026-01-02,06:34:17
4925,469.013.275-52,873.692.514-46,Pix Recebido,41.72,2026-01-22,10:42:15
4552,189.374.560-01,521.463.087-53,Pix Enviado,109.31,2026-01-16,12:39:35
357,106.847.592-76,264.983.571-00,Pix Enviado,30.11,2026-01-17,16:29:08
2233,206.189.473-96,023.157.896-21,Pix Enviado,19.38,2026-01-19,10:19:02
4385,753.081.629-21,521.463.087-53,Saque Pix,57.81,2026-01-13,12:42:38
4575,615.093.847-66,549.318.267-09,Transferência,108.48,2026-01-23,10:16:53
593,726.480.359-74,063.418.279-03,Transferência,84.08,2026-01-14,23:30:48
3627,047.359.216-99,851.249.036-51,Transferência,8.44,2026-01-31,06:25:16
4775,126.735.894-73,946.572.813-64,Pagamento,32.92,2026-01-02,22:59:47
1375,681.297.045-01,624.158.397-28,Saque Pix,31.28,2026-01-06,09:43:15
886,810.723.956-30,476.018.539-93,Transferência,72.28,2026-01-10,14:06:23
4326,913.086.257-40,497.025.613-61,Saque Pix,61.64,2026-01-07,20:24:13
2210,059.872.634-92,087.649.321-50,Transferência,28.87,2026-01-29,11:23:19
879,743.810.695-01,476.018.539-93,Transferência,6.82,2026-01-23,19:59:54
20,468.523.917-28,471.953.820-79,Transferência,35.77,2026-01-28,13:01:07
777,602.975.148-49,430.187.562-07,Pagamento,221.48,2026-01-22,19:28:51
4179,069.251.738-30,829.361.705-59,Saque Pix,16.12,2026-01-24,13:16:09
321,780.364.952-10,835.460.719-48,Transferência,20.13,2026-01-20,07:58:57
3684,726.043.958-00,459.102.768-67,Pagamento,77.91,2026-01-22,21:40:22
2144,387.190.524-05,546.921.730-25,Transferência,88.43,2026-01-24,20:24:46
1045,256.731.904-25,109.276.345-70,Pagamento,15.59,2026-01-07,12:54:37
1157,961.253.704-61,531.760.428-17,Pix Enviado,30.97,2026-01-22,09:36:01
1239,097.213.685-12,251.089.473-05,Pix Recebido,26.55,2026-01-05,02:48:15
2034,540.891.732-05,593.106.728-03,Pix Recebido,23.92,2026-01-23,23:12:07
2748,109.867.534-75,741.692.835-46,Transferência,43.86,2026-01-05,13:19:37
3536,749.326.150-43,087.649.321-50,Pix Recebido,36.8,2026-01-24,23:36:49
1219,728.645.103-08,786.923.540-74,Pix Recebido,47.6,2026-01-20,12:01:22
2621,031.794.582-32,384.795.206-47,Pix Enviado,124.19,2026-01-12,20:36:54
631,743.810.695-01,901.527.634-06,Saque Pix,10.26,2026-01-27,12:19:51
3086,384.795.206-47,798.130.564-01,Saque Pix,140.8,2026-01-30,15:59:46
2272,705.261.389-12,629.850.314-51,Transferência,39.9,2026-01-05,11:09:53
3250,531.760.428-17,549.386.270-00,Transferência,59.42,2026-01-11,13:03:02
731,418.326.590-89,762.531.489-82,Pix Recebido,57.42,2026-01-15,18:59:35
3416,048.126.935-51,479.028.536-74,Pagamento,11.14,2026-01-22,07:06:07
2203,350.298.164-70,031.794.582-32,Pix Recebido,121.64,2026-01-23,12:38:16
1617,106.847.592-76,126.735.894-73,Pix Recebido,18.7,2026-01-09,09:48:33
918,608.471.239-87,405.623.871-53,Pagamento,8.73,2026-01-03,13:27:05
1307,264.708.951-58,509.476.138-20,Pix Recebido,80.74,2026-01-16,20:21:10
3467,740.356.819-20,673.185.204-07,Transferência,28.44,2026-01-30,09:17:08
4035,352.609.174-99,218.973.650-12,Pagamento,50.54,2026-01-17,06:56:17
542,189.374.560-01,430.187.562-07,Saque Pix,41.93,2026-01-29,12:28:05
163,607.128.395-77,015.493.768-10,Saque Pix,180.92,2026-01-17,15:10:21
4342,395.127.680-03,365.182.970-77,Saque Pix,142.0,2026-01-06,17:52:05
2739,578.263.914-82,042.167.385-08,Pix Recebido,8.61,2026-01-08,09:44:48
2058,531.760.428-17,736.541.829-09,Pix Recebido,27.02,2026-01-05,08:26:25
2189,097.836.214-40,039.856.271-77,Pix Enviado,11.92,2026-01-17,06:09:05
1622,329.140.657-52,957.634.182-55,Transferência,7.04,2026-01-16,19:24:19
3722,780.364.952-10,835.460.719-48,Saque Pix,7.86,2026-01-03,16:32:53
1415,046.157.823-90,381.462.795-46,Pagamento,28.03,2026-01-04,23:28:58
549,906.432.781-50,637.541.089-48,Pix Enviado,34.99,2026-01-19,17:50:24
1785,072.584.613-53,347.685.102-80,Pagamento,54.72,2026-01-17,23:23:52
2741,165.807.934-57,294.631.805-24,Pix Recebido,157.35,2026-01-11,15:13:19
4817,138.470.659-39,467.395.081-00,Pix Recebido,168.42,2026-01-21,14:52:36
2052,325.479.061-80,126.735.894-73,Pix Recebido,166.74,2026-01-03,23:33:12
4268,325.769.084-38,659.438.017-66,Transferência,39.08,2026-01-16,22:44:08
3889,361.498.250-51,291.806.534-05,Saque Pix,67.22,2026-01-11,16:53:58
1645,052.396.874-47,615.093.847-66,Pix Enviado,15.65,2026-01-14,12:49:43
4793,568.137.204-90,367.158.024-08,Transferência,50.64,2026-01-13,13:01:19
619,387.190.524-05,349.270.618-50,Pix Recebido,15.39,2026-01-07,06:40:52
2976,147.638.250-62,493.710.526-43,Pix Enviado,67.18,2026-01-20,14:15:54
3660,167.845.932-19,025.167.489-49,Transferência,12.05,2026-01-04,11:31:23
4812,435.890.261-89,046.157.823-90,Pix Enviado,348.64,2026-01-19,15:18:29
3954,461.930.852-89,521.487.369-73,Transferência,11.78,2026-01-06,16:02:33
716,479.156.832-09,815.437.906-66,Saque Pix,11.26,2026-01-05,06:53:29
3000,315.297.648-82,526.831.497-19,Saque Pix,23.26,2026-01-27,17:29:39
516,842.967.503-56,329.168.470-22,Pagamento,111.66,2026-01-28,08:13:01
2834,729.835.106-03,347.685.102-80,Pagamento,65.4,2026-01-15,12:51:44
2743,687.203.154-90,493.710.526-43,Pix Recebido,26.67,2026-01-07,17:23:07
1533,349.270.618-50,085.721.436-53,Pix Recebido,13.0,2026-01-25,14:55:44
3137,923.150.784-23,395.671.042-80,Transferência,3.84,2026-01-01,23:13:20
287,708.263.914-78,495.327.081-97,Pix Recebido,7.52,2026-01-22,08:02:22
205,698.405.127-49,723.504.691-07,Pagamento,55.03,2026-01-31,16:58:20
3530,031.794.582-32,407.821.356-17,Pagamento,26.6,2026-01-11,20:32:08
2570,587.623.149-55,408.259.671-20,Pix Recebido,12.11,2026-01-30,17:23:39
5212,879.124.035-23,742.618.903-13,Pix Enviado,9402.76,2026-01-08,01:51:23
3270,548.190.372-50,235.879.640-92,Saque Pix,16.61,2026-01-15,11:57:29
1233,706.384.125-44,236.174.085-08,Pix Enviado,88.95,2026-01-01,07:47:21
4889,945.217.380-79,790.314.562-25,Transferência,47.83,2026-01-28,15:11:42
3254,826.549.370-38,062.385.149-06,Transferência,117.75,2026-01-21,17:40:08
4599,326.104.759-34,813.729.654-91,Saque Pix,9.2,2026-01-19,13:06:01
2605,376.920.158-21,835.460.719-48,Pix Enviado,10.17,2026-01-15,21:15:13
1420,356.810.749-00,235.879.640-92,Saque Pix,8.33,2026-01-06,07:05:51
3556,346.251.879-82,062.834.975-00,Saque Pix,60.97,2026-01-16,19:16:38
4828,906.432.781-50,325.769.084-38,Saque Pix,7.92,2026-01-31,17:02:01
4475,209.851.367-40,018.324.769-87,Pix Recebido,43.89,2026-01-30,09:28:18
4773,729.365.418-91,079.652.148-49,Saque Pix,12.97,2026-01-24,13:10:43
4807,908.457.623-38,840.935.162-51,Saque Pix,90.35,2026-01-31,21:24:56
2816,326.104.759-34,856.041.793-10,Pix Recebido,29.5,2026-01-24,18:34:42
1565,908.617.235-03,630.459.872-65,Pagamento,28.13,2026-01-05,08:48:59
1038,853.612.094-06,247.159.863-37,Pix Recebido,28.27,2026-01-18,23:48:05
759,916.327.540-61,659.043.178-75,Transferência,23.86,2026-01-19,10:27:54
2370,538.294.706-65,810.792.435-50,Pix Recebido,84.25,2026-01-17,07:39:29
2187,031.794.582-32,534.106.978-10,Saque Pix,13.79,2026-01-18,16:45:09
4037,364.751.092-07,214.068.397-87,Saque Pix,15.63,2026-01-31,11:32:46
4355,837.149.560-93,403.182.657-53,Pagamento,33.74,2026-01-17,12:53:58
3265,097.836.214-40,513.480.629-24,Pix Recebido,47.24,2026-01-21,08:52:14
4605,851.672.349-64,523.918.647-28,Pix Recebido,17.26,2026-01-07,09:27:16
296,347.685.102-80,728.645.103-08,Saque Pix,44.98,2026-01-18,23:18:53
3060,973.125.408-05,325.841.760-17,Pix Recebido,10.73,2026-01-26,14:56:25
5103,702.495.361-61,892.461.035-05,Pix Enviado,167.49,2026-01-01,13:43:00
1282,365.182.970-77,726.043.958-00,Transferência,8.87,2026-01-13,07:16:40
2984,342.819.075-05,307.815.642-71,Transferência,66.68,2026-01-08,16:10:10
69,829.361.574-55,796.842.301-50,Transferência,58.05,2026-01-07,04:41:49
4078,721.680.359-03,190.576.328-02,Saque Pix,19.39,2026-01-01,14:55:12
2994,230.541.986-42,469.013.275-52,Pix Recebido,24.91,2026-01-09,13:07:57
2850,678.925.134-00,195.730.482-05,Pagamento,31.05,2026-01-20,19:56:42
92,913.086.257-40,543.612.807-62,Transferência,31.81,2026-01-22,07:11:00
3609,035.978.642-10,729.365.418-91,Saque Pix,41.92,2026-01-24,08:49:13
248,294.581.067-02,052.396.874-47,Pagamento,43.84,2026-01-26,17:08:16
977,906.247.813-13,471.953.820-79,Pix Enviado,85.62,2026-01-15,22:07:05
2583,325.769.084-38,862.059.741-85,Pix Recebido,13.06,2026-01-06,10:21:21
903,256.731.904-25,215.084.693-42,Transferência,75.22,2026-01-08,18:40:41
3349,586.142.937-55,015.493.768-10,Pix Recebido,232.39,2026-01-05,03:45:38
1093,723.504.691-07,740.268.135-17,Pix Recebido,15.07,2026-01-14,17:25:35
3050,392.061.754-16,913.540.827-88,Pagamento,150.84,2026-01-07,19:16:01
2722,906.247.813-13,059.872.634-92,Pix Enviado,31.49,2026-01-05,07:11:32
2924,042.167.385-08,087.649.321-50,Pagamento,7.58,2026-01-26,19:58:15
2430,238.409.176-03,427.150.893-41,Pagamento,57.37,2026-01-26,08:33:12
3153,687.203.154-90,059.243.876-74,Pagamento,9.41,2026-01-12,23:32:11
4589,264.708.951-58,206.189.473-96,Pagamento,3.13,2026-01-25,20:25:20
4571,467.935.201-99,659.438.702-29,Saque Pix,49.11,2026-01-28,20:18:16
3634,873.692.514-46,136.258.904-70,Pix Recebido,69.04,2026-01-16,18:37:19
3098,267.940.315-07,723.504.691-07,Pagamento,19.01,2026-01-11,14:23:55
1832,625.790.143-06,097.836.214-40,Pagamento,36.97,2026-01-01,08:19:59
949,825.074.691-02,315.297.648-82,Transferência,110.78,2026-01-20,06:24:08
1531,430.187.562-07,195.730.482-05,Saque Pix,19.9,2026-01-26,11:23:20
1838,325.769.084-38,798.130.564-01,Pix Enviado,20.1,2026-01-31,14:28:47
3712,316.274.589-64,608.231.759-95,Saque Pix,31.98,2026-01-26,11:04:03
2728,509.127.834-60,873.692.514-46,Pagamento,15.95,2026-01-08,04:52:49
263,405.179.628-02,675.908.214-11,Saque Pix,50.56,2026-01-22,16:29:04
4255,462.178.059-01,984.621.053-15,Pix Enviado,31.31,2026-01-07,09:45:33
1965,913.025.468-05,264.708.951-58,Pix Recebido,51.09,2026-01-25,18:53:00
556,395.127.680-03,285.360.941-33,Saque Pix,90.99,2026-01-14,18:14:54
4539,435.890.261-89,041.837.625-53,Pix Recebido,8.3,2026-01-25,12:23:14
2996,568.137.204-90,780.351.926-12,Pix Recebido,57.05,2026-01-30,09:05:11
99,120.985.436-89,548.190.372-50,Pagamento,100.81,2026-01-13,08:29:03
4507,376.920.158-21,753.081.629-21,Pagamento,16.74,2026-01-04,16:25:35
3821,587.623.149-55,874.361.592-91,Pagamento,150.86,2026-01-25,06:15:16
601,248.195.730-04,189.374.560-01,Pix Enviado,8.85,2026-01-17,18:05:09
3559,726.043.958-00,621.973.504-80,Saque Pix,46.27,2026-01-30,07:31:41
4101,617.409.532-07,602.138.497-04,Saque Pix,17.88,2026-01-07,10:23:36
1366,624.158.397-28,602.138.497-04,Pix Enviado,30.4,2026-01-10,08:12:14
1833,496.081.753-48,285.734.960-29,Saque Pix,12.01,2026-01-20,23:44:59
2744,602.975.148-49,645.723.801-71,Pagamento,3.54,2026-01-11,20:57:44
1813,810.723.956-30,946.572.813-64,Pix Enviado,37.04,2026-01-05,10:21:42
2274,307.815.642-71,986.751.340-10,Transferência,42.44,2026-01-29,11:54:02
4631,826.549.370-38,024.561.793-07,Pix Recebido,18.27,2026-01-17,20:36:13
3375,340.572.189-04,087.649.321-50,Saque Pix,13.66,2026-01-03,07:24:28
934,608.231.759-95,216.593.478-82,Transferência,10.05,2026-01-25,20:17:03
5139,261.385.409-05,428.035.197-04,Pix Enviado,206.03,2026-01-13,22:48:00
1285,392.061.754-16,294.357.081-88,Pagamento,197.19,2026-01-04,10:39:13
2276,204.596.718-20,465.273.108-62,Pagamento,39.96,2026-01-03,13:15:20
1465,203.195.784-88,251.089.473-05,Transferência,374.31,2026-01-11,14:33:45
1920,235.879.640-92,659.043.178-75,Pix Recebido,14.73,2026-01-15,19:32:52
2657,834.062.951-42,627.453.189-00,Pix Enviado,8.91,2026-01-17,10:03:58
35,036.295.174-80,286.471.950-94,Pix Recebido,55.12,2026-01-29,16:01:39
2347,729.835.106-03,798.130.564-01,Pix Enviado,74.75,2026-01-16,08:02:24
2646,678.592.401-49,728.645.103-08,Pagamento,57.54,2026-01-01,23:14:04
3326,924.516.087-49,310.748.562-44,Pix Enviado,41.72,2026-01-25,17:00:03
3568,267.940.315-07,164.753.029-61,Transferência,90.81,2026-01-18,21:48:48
3597,359.410.728-05,657.413.290-80,Transferência,42.68,2026-01-11,11:27:14
3145,089.647.251-58,341.586.027-26,Pagamento,3.42,2026-01-26,10:02:10
3539,169.502.387-03,267.940.315-07,Pagamento,155.53,2026-01-07,16:21:59
455,840.935.162-51,238.164.507-17,Pix Enviado,60.74,2026-01-15,22:07:00
1268,039.856.271-77,104.927.683-31,Transferência,73.26,2026-01-17,19:59:15
1107,192.358.604-15,498.635.072-29,Pagamento,25.75,2026-01-14,04:44:26
767,540.873.916-39,617.409.532-07,Pagamento,17.75,2026-01-19,07:44:26
1855,608.231.759-95,274.351.069-25,Pagamento,26.58,2026-01-21,14:58:48
3861,063.418.279-03,024.561.793-07,Pagamento,35.6,2026-01-31,11:49:26
5111,276.154.809-49,289.503.176-21,Pix Enviado,247.63,2026-01-22,12:23:00
242,837.149.560-93,920.863.174-50,Pix Enviado,306.16,2026-01-28,06:51:15
2109,753.206.498-00,736.902.184-03,Saque Pix,13.39,2026-01-30,20:28:48
1947,294.867.315-19,285.734.960-29,Pix Recebido,186.16,2026-01-24,13:20:41
530,352.609.174-99,294.581.067-02,Pagamento,81.33,2026-01-27,10:48:54
3219,512.398.047-41,834.750.926-38,Pix Recebido,37.57,2026-01-23,20:02:35
1514,657.413.290-80,908.457.623-38,Pix Recebido,12.43,2026-01-30,12:49:37
269,350.298.164-70,961.253.704-61,Pix Recebido,79.33,2026-01-16,22:17:05
2875,234.165.097-06,042.837.195-79,Pix Enviado,30.12,2026-01-14,19:22:23
2624,367.158.024-08,138.470.659-39,Transferência,64.98,2026-01-15,07:45:21
881,908.617.235-03,079.652.148-49,Saque Pix,227.62,2026-01-24,12:58:44
3202,679.184.025-02,941.267.358-28,Transferência,12.88,2026-01-17,17:58:58
176,951.380.274-41,493.710.526-43,Pagamento,27.92,2026-01-29,16:07:45
5082,980.372.451-79,952.768.341-64,Pix Enviado,67.93,2026-01-24,14:05:00
3571,501.936.428-24,698.405.127-49,Pix Recebido,35.17,2026-01-31,19:30:49
1673,853.612.094-06,602.975.148-49,Pix Recebido,69.67,2026-01-07,13:06:08
368,412.350.768-90,612.930.578-86,Pix Recebido,32.72,2026-01-10,15:47:20
1291,609.483.725-83,657.413.290-80,Pagamento,324.08,2026-01-27,23:00:16
4198,736.425.198-73,862.059.741-85,Saque Pix,46.2,2026-01-03,08:50:43
3829,413.589.027-04,796.842.301-50,Saque Pix,59.92,2026-01-20,07:02:46
3146,984.621.053-15,469.013.275-52,Pix Enviado,12.14,2026-01-03,10:58:55
2317,923.570.146-52,698.031.452-15,Pagamento,246.97,2026-01-07,13:10:53
444,469.013.275-52,632.549.807-00,Pix Recebido,87.04,2026-01-26,10:50:15
3429,073.852.491-32,160.592.478-49,Pix Recebido,276.11,2026-01-21,17:55:35
2749,834.062.951-42,694.378.510-93,Pagamento,27.18,2026-01-05,14:21:29
1034,705.924.186-85,137.268.905-21,Transferência,258.3,2026-01-31,18:01:19
3953,341.906.587-66,316.274.589-64,Transferência,147.31,2026-01-04,11:32:52
2235,235.879.640-92,120.985.436-89,Pix Recebido,41.15,2026-01-24,21:26:13
3449,710.354.892-79,715.036.498-57,Pix Recebido,8.09,2026-01-31,16:08:59
2532,461.930.852-89,036.295.174-80,Saque Pix,36.96,2026-01-19,08:55:13
4181,349.270.618-50,362.504.978-38,Saque Pix,219.02,2026-01-15,20:57:14
2610,479.618.503-84,840.935.162-51,Transferência,42.64,2026-01-21,15:53:26
547,216.593.478-82,203.195.784-88,Transferência,46.57,2026-01-11,17:54:33
4707,635.092.714-16,634.510.872-35,Pix Enviado,63.77,2026-01-05,05:59:04
1902,913.086.257-40,302.987.451-60,Transferência,42.01,2026-01-17,08:45:33
3247,247.159.863-37,728.645.103-08,Pagamento,13.45,2026-01-17,18:58:59
589,950.431.628-05,627.453.189-00,Transferência,59.0,2026-01-09,09:39:25
2020,046.157.823-90,761.540.389-84,Pagamento,4.84,2026-01-22,10:36:43
2556,603.458.791-39,587.623.149-55,Pix Enviado,64.93,2026-01-13,12:14:53
2849,852.391.647-46,760.481.293-78,Pix Recebido,8.91,2026-01-29,18:41:21
1179,462.178.059-01,450.971.386-00,Pix Recebido,12.9,2026-01-01,10:03:55
284,235.194.870-04,728.645.103-08,Saque Pix,23.06,2026-01-21,15:03:12
3592,913.540.827-88,031.794.582-32,Pagamento,8.39,2026-01-11,19:00:06
1376,301.274.698-69,350.276.184-17,Pix Enviado,78.09,2026-01-03,22:54:45
1110,364.751.092-07,235.194.870-04,Saque Pix,41.9,2026-01-19,20:15:23
